State,YearMonth,UnemploymentRate
AL,197601,7.5
AL,197602,7.7
AL,197603,6.3
AL,197604,5.7
AL,197605,5.2
AL,197606,7.3
AL,197607,7.2
AL,197608,7.2
AL,197609,6.7
AL,197610,6.5
AL,197611,6.7
AL,197612,6.6
AL,197613,6.7
AL,197701,7.6
AL,197702,8.1
AL,197703,7.3
AL,197704,6.7
AL,197705,6.5
AL,197706,8.4
AL,197707,7.7
AL,197708,7.6
AL,197709,6.8
AL,197710,6.4
AL,197711,6.4
AL,197712,6.0
AL,197713,7.1
AL,197801,7.0
AL,197802,7.0
AL,197803,6.1
AL,197804,5.6
AL,197805,5.4
AL,197806,7.0
AL,197807,6.7
AL,197808,6.8
AL,197809,6.6
AL,197810,6.3
AL,197811,6.6
AL,197812,6.7
AL,197813,6.5
AL,197901,7.0
AL,197902,7.5
AL,197903,6.8
AL,197904,6.5
AL,197905,6.4
AL,197906,8.0
AL,197907,7.3
AL,197908,7.9
AL,197909,7.3
AL,197910,7.4
AL,197911,7.2
AL,197912,7.2
AL,197913,7.2
AL,198001,8.1
AL,198002,8.2
AL,198003,7.7
AL,198004,7.7
AL,198005,8.0
AL,198006,9.3
AL,198007,9.2
AL,198008,9.4
AL,198009,8.9
AL,198010,9.1
AL,198011,9.2
AL,198012,9.1
AL,198013,8.7
AL,198101,10.4
AL,198102,10.6
AL,198103,9.7
AL,198104,9.4
AL,198105,9.7
AL,198106,11.1
AL,198107,10.7
AL,198108,11.1
AL,198109,11.2
AL,198110,11.6
AL,198111,11.9
AL,198112,12.2
AL,198113,10.8
AL,198201,13.1
AL,198202,13.6
AL,198203,12.9
AL,198204,12.8
AL,198205,12.8
AL,198206,14.3
AL,198207,14.3
AL,198208,14.4
AL,198209,14.1
AL,198210,14.2
AL,198211,14.5
AL,198212,14.5
AL,198213,13.8
AL,198301,15.3
AL,198302,15.4
AL,198303,14.4
AL,198304,13.7
AL,198305,13.5
AL,198306,14.7
AL,198307,13.7
AL,198308,14.1
AL,198309,13.5
AL,198310,13.0
AL,198311,12.5
AL,198312,12.3
AL,198313,13.8
AL,198401,13.0
AL,198402,13.0
AL,198403,12.0
AL,198404,11.5
AL,198405,10.8
AL,198406,11.7
AL,198407,11.7
AL,198408,11.6
AL,198409,10.9
AL,198410,10.6
AL,198411,10.1
AL,198412,10.0
AL,198413,11.4
AL,198501,10.9
AL,198502,10.6
AL,198503,9.8
AL,198504,9.2
AL,198505,9.0
AL,198506,10.1
AL,198507,9.6
AL,198508,9.4
AL,198509,9.2
AL,198510,9.1
AL,198511,9.0
AL,198512,9.1
AL,198513,9.6
AL,198601,9.6
AL,198602,10.3
AL,198603,9.7
AL,198604,9.2
AL,198605,9.2
AL,198606,10.2
AL,198607,9.6
AL,198608,9.6
AL,198609,9.5
AL,198610,9.4
AL,198611,9.3
AL,198612,8.8
AL,198613,9.5
AL,198701,9.7
AL,198702,9.7
AL,198703,8.7
AL,198704,8.0
AL,198705,7.9
AL,198706,8.5
AL,198707,8.1
AL,198708,8.0
AL,198709,7.7
AL,198710,7.6
AL,198711,7.5
AL,198712,7.2
AL,198713,8.2
AL,198801,7.9
AL,198802,8.0
AL,198803,7.2
AL,198804,6.7
AL,198805,6.8
AL,198806,7.6
AL,198807,7.4
AL,198808,7.5
AL,198809,7.2
AL,198810,7.0
AL,198811,7.2
AL,198812,7.0
AL,198813,7.3
AL,198901,7.9
AL,198902,7.5
AL,198903,6.8
AL,198904,6.7
AL,198905,6.6
AL,198906,7.7
AL,198907,7.2
AL,198908,7.1
AL,198909,6.8
AL,198910,6.6
AL,198911,6.6
AL,198912,6.4
AL,198913,7.0
AL,199001,7.1
AL,199002,7.3
AL,199003,6.6
AL,199004,6.4
AL,199005,6.3
AL,199006,7.0
AL,199007,6.9
AL,199008,7.2
AL,199009,7.0
AL,199010,6.8
AL,199011,6.7
AL,199012,6.8
AL,199013,6.8
AL,199101,7.4
AL,199102,7.7
AL,199103,7.2
AL,199104,6.6
AL,199105,6.9
AL,199106,7.9
AL,199107,7.5
AL,199108,7.6
AL,199109,7.2
AL,199110,7.0
AL,199111,7.1
AL,199112,7.1
AL,199113,7.3
AL,199201,8.0
AL,199202,8.2
AL,199203,7.5
AL,199204,7.0
AL,199205,7.1
AL,199206,8.2
AL,199207,7.9
AL,199208,7.7
AL,199209,7.3
AL,199210,7.0
AL,199211,7.2
AL,199212,7.2
AL,199213,7.5
AL,199301,8.1
AL,199302,8.2
AL,199303,7.4
AL,199304,7.0
AL,199305,6.9
AL,199306,7.9
AL,199307,7.6
AL,199308,7.3
AL,199309,6.9
AL,199310,6.8
AL,199311,6.5
AL,199312,6.3
AL,199313,7.2
AL,199401,7.3
AL,199402,7.1
AL,199403,6.4
AL,199404,5.9
AL,199405,5.6
AL,199406,6.6
AL,199407,6.4
AL,199408,6.3
AL,199409,5.9
AL,199410,5.7
AL,199411,5.6
AL,199412,5.4
AL,199413,6.2
AL,199501,6.6
AL,199502,6.3
AL,199503,5.8
AL,199504,5.7
AL,199505,5.6
AL,199506,6.4
AL,199507,6.1
AL,199508,6.1
AL,199509,5.8
AL,199510,5.5
AL,199511,5.3
AL,199512,5.2
AL,199513,5.9
AL,199601,5.7
AL,199602,5.8
AL,199603,5.3
AL,199604,4.9
AL,199605,5.0
AL,199606,5.5
AL,199607,5.4
AL,199608,5.1
AL,199609,5.0
AL,199610,4.9
AL,199611,4.9
AL,199612,4.7
AL,199613,5.2
AL,199701,5.6
AL,199702,5.5
AL,199703,5.1
AL,199704,4.6
AL,199705,4.6
AL,199706,5.5
AL,199707,5.2
AL,199708,5.3
AL,199709,4.9
AL,199710,4.6
AL,199711,4.3
AL,199712,4.3
AL,199713,5.0
AL,199801,4.9
AL,199802,4.8
AL,199803,4.4
AL,199804,3.8
AL,199805,3.9
AL,199806,4.9
AL,199807,4.8
AL,199808,4.7
AL,199809,4.5
AL,199810,4.5
AL,199811,4.3
AL,199812,4.1
AL,199813,4.5
AL,199901,4.9
AL,199902,5.1
AL,199903,4.5
AL,199904,4.4
AL,199905,4.3
AL,199906,5.1
AL,199907,5.0
AL,199908,5.0
AL,199909,4.8
AL,199910,4.6
AL,199911,4.5
AL,199912,4.4
AL,199913,4.7
AL,200001,5.1
AL,200002,5.1
AL,200003,4.7
AL,200004,4.1
AL,200005,4.3
AL,200006,4.9
AL,200007,4.9
AL,200008,5.0
AL,200009,4.5
AL,200010,4.5
AL,200011,4.4
AL,200012,4.3
AL,200013,4.7
AL,200101,5.2
AL,200102,5.0
AL,200103,4.8
AL,200104,4.5
AL,200105,4.3
AL,200106,5.3
AL,200107,5.1
AL,200108,5.6
AL,200109,5.3
AL,200110,5.5
AL,200111,5.6
AL,200112,5.6
AL,200113,5.1
AL,200201,6.3
AL,200202,6.2
AL,200203,5.9
AL,200204,5.4
AL,200205,5.3
AL,200206,6.3
AL,200207,6.2
AL,200208,6.2
AL,200209,5.7
AL,200210,5.7
AL,200211,5.8
AL,200212,5.7
AL,200213,5.9
AL,200301,6.3
AL,200302,6.2
AL,200303,5.8
AL,200304,5.4
AL,200305,5.5
AL,200306,6.6
AL,200307,6.1
AL,200308,6.2
AL,200309,5.9
AL,200310,5.8
AL,200311,5.9
AL,200312,5.6
AL,200313,5.9
AL,200401,6.4
AL,200402,6.1
AL,200403,5.9
AL,200404,5.3
AL,200405,5.3
AL,200406,6.0
AL,200407,5.8
AL,200408,5.7
AL,200409,5.3
AL,200410,5.2
AL,200411,5.1
AL,200412,4.9
AL,200413,5.6
AL,200501,5.4
AL,200502,5.4
AL,200503,4.6
AL,200504,4.1
AL,200505,4.0
AL,200506,4.8
AL,200507,4.5
AL,200508,4.3
AL,200509,4.2
AL,200510,4.1
AL,200511,4.0
AL,200512,3.9
AL,200513,4.5
AL,200601,4.6
AL,200602,4.5
AL,200603,4.1
AL,200604,3.7
AL,200605,3.6
AL,200606,4.4
AL,200607,4.4
AL,200608,4.2
AL,200609,3.8
AL,200610,3.6
AL,200611,3.7
AL,200612,3.6
AL,200613,4.0
AL,200701,4.3
AL,200702,4.2
AL,200703,3.8
AL,200704,3.4
AL,200705,3.5
AL,200706,4.4
AL,200707,4.4
AL,200708,4.3
AL,200709,4.1
AL,200710,3.9
AL,200711,4.1
AL,200712,4.4
AL,200713,4.1
AL,200801,5.1
AL,200802,5.0
AL,200803,4.9
AL,200804,4.4
AL,200805,5.1
AL,200806,6.1
AL,200807,6.3
AL,200808,6.5
AL,200809,6.4
AL,200810,6.7
AL,200811,6.9
AL,200812,7.4
AL,200813,5.9
AL,200901,8.5
AL,200902,9.0
AL,200903,8.8
AL,200904,8.4
AL,200905,8.9
AL,200906,10.0
AL,200907,10.3
AL,200908,10.5
AL,200909,10.6
AL,200910,10.7
AL,200911,10.5
AL,200912,10.7
AL,200913,9.7
AL,201001,11.6
AL,201002,11.3
AL,201003,10.9
AL,201004,10.1
AL,201005,9.9
AL,201006,10.4
AL,201007,10.3
AL,201008,10.3
AL,201009,10.0
AL,201010,9.9
AL,201011,10.1
AL,201012,9.9
AL,201013,10.4
AL,201101,10.5
AL,201102,10.3
AL,201103,9.8
AL,201104,9.3
AL,201105,9.3
AL,201106,10.3
AL,201107,10.0
AL,201108,9.7
AL,201109,9.5
AL,201110,9.0
AL,201111,8.5
AL,201112,8.4
AL,201113,9.6
AL,201201,9.0
AL,201202,8.8
AL,201203,8.4
AL,201204,7.7
AL,201205,7.9
AL,201206,8.8
AL,201207,8.7
AL,201208,8.4
AL,201209,7.8
AL,201210,7.6
AL,201211,7.3
AL,201212,7.5
AL,201213,8.2
AL,201301,8.3
AL,201302,8.0
AL,201303,7.3
AL,201304,6.7
AL,201305,6.9
AL,201306,7.8
AL,201307,7.6
AL,201308,7.5
AL,201309,7.2
AL,201310,7.2
AL,201311,6.9
AL,201312,6.8
AL,201313,7.4
AL,201401,7.5
AL,201402,7.5
AL,201403,7.2
AL,201404,6.3
AL,201405,6.5
AL,201406,7.1
AL,201407,7.3
AL,201408,7.1
AL,201409,6.5
AL,201410,6.2
AL,201411,6.1
AL,201412,5.9
AL,201413,6.8
AL,201501,6.7
AL,201502,6.4
AL,201503,6.0
AL,201504,5.6
AL,201505,5.9
AL,201506,6.4
AL,201507,6.5
AL,201508,6.2
AL,201509,5.9
AL,201510,5.9
AL,201511,5.8
AL,201512,5.8
AL,201513,6.1
AL,201601,6.3
AL,201602,6.2
AL,201603,5.9
AL,201604,5.4
AL,201605,5.3
AL,201606,6.1
AL,201607,6.0
AL,201608,5.9
AL,201609,5.9
AL,201610,5.7
AL,201611,5.3
AL,201612,5.4
AL,201613,5.8
AL,201701,6.0
AL,201702,5.6
AL,201703,4.9
AL,201704,4.3
AL,201705,4.2
AL,201706,4.8
AL,201707,4.7
AL,201708,4.5
AL,201709,4.0
AL,201710,3.8
AL,201711,3.8
AL,201712,3.7
AL,201713,4.5
AL,201801,4.4
AL,201802,4.3
AL,201803,4.0
AL,201804,3.5
AL,201805,3.5
AL,201806,4.5
AL,201807,4.2
AL,201808,4.1
AL,201809,3.7
AL,201810,3.7
AL,201811,3.4
AL,201812,3.6
AL,201813,3.9
AL,201901,4.3
AL,201902,3.8
AL,201903,3.5
AL,201904,2.8
AL,201905,2.7
AL,201906,3.4
AL,201907,3.3
AL,201908,3.3
AL,201909,2.8
AL,201910,2.8
AL,201911,2.8
AL,201912,2.9
AL,201913,3.2
AL,202001,3.6
AL,202002,3.4
AL,202003,3.7
AL,202004,13.1
AL,202005,10.2
AL,202006,8.9
AL,202007,8.0
AL,202008,6.4
AL,202009,6.0
AL,202010,4.9
AL,202011,4.6
AL,202012,4.3
AL,202013,6.4
AL,202101,4.5
AL,202102,4.1
AL,202103,3.7
AL,202104,3.3
AL,202105,3.1
AL,202106,4.0
AL,202107,3.7
AL,202108,3.5
AL,202109,2.9
AL,202110,2.7
AL,202111,2.4
AL,202112,2.3
AL,202113,3.3
AL,202201,3.1
AL,202202,2.9
AL,202203,2.4
AL,202204,2.0
AL,202205,2.2
AL,202206,3.0
AL,202207,2.9
AL,202208,2.9
AL,202209,2.4
AL,202210,2.4
AL,202211,2.2
AL,202212,2.0
AL,202213,2.5
AL,202301,2.6
AL,202302,2.5
AL,202303,2.2
AL,202304,1.8
AL,202305,2.0
AL,202306,2.7
AL,202307,2.6
AL,202308,2.8
AL,202309,2.6
AL,202310,2.6
AL,202311,2.5
AL,202312,2.6
AL,202313,2.5
AL,202401,3.2
AL,202402,3.2
AL,202403,2.8
AL,202404,2.4
AL,202405,2.4
AL,202406,3.3
AL,202407,3.4
AL,202408,3.5
AL,202409,3.1
AL,202410,3.2
AL,202411,3.3
AL,202412,3.2
AL,202413,3.1
AL,202501,3.4
AL,202502,3.4
AL,202503,3.4
AK,197601,9.3
AK,197602,9.7
AK,197603,8.7
AK,197604,7.6
AK,197605,6.4
AK,197606,7.3
AK,197607,5.9
AK,197608,5.3
AK,197609,6.6
AK,197610,7.0
AK,197611,9.2
AK,197612,9.4
AK,197613,7.7
AK,197701,10.4
AK,197702,11.4
AK,197703,11.2
AK,197704,10.4
AK,197705,9.5
AK,197706,10.1
AK,197707,8.3
AK,197708,7.7
AK,197709,8.3
AK,197710,9.2
AK,197711,10.6
AK,197712,10.3
AK,197713,9.8
AK,197801,12.8
AK,197802,12.9
AK,197803,12.9
AK,197804,11.6
AK,197805,10.7
AK,197806,10.7
AK,197807,9.1
AK,197808,8.4
AK,197809,9.3
AK,197810,9.1
AK,197811,10.3
AK,197812,10.3
AK,197813,10.7
AK,197901,10.8
AK,197902,11.3
AK,197903,10.7
AK,197904,9.6
AK,197905,8.9
AK,197906,8.8
AK,197907,7.7
AK,197908,6.7
AK,197909,7.8
AK,197910,8.3
AK,197911,9.3
AK,197912,9.1
AK,197913,9.1
AK,198001,9.8
AK,198002,10.5
AK,198003,10.1
AK,198004,10.9
AK,198005,9.7
AK,198006,10.1
AK,198007,8.6
AK,198008,8.1
AK,198009,8.2
AK,198010,8.9
AK,198011,9.6
AK,198012,9.4
AK,198013,9.5
AK,198101,10.8
AK,198102,10.7
AK,198103,10.2
AK,198104,8.9
AK,198105,8.8
AK,198106,9.3
AK,198107,7.9
AK,198108,7.6
AK,198109,8.1
AK,198110,8.9
AK,198111,9.6
AK,198112,10.1
AK,198113,9.2
AK,198201,11.2
AK,198202,11.6
AK,198203,11.2
AK,198204,10.6
AK,198205,9.8
AK,198206,10.0
AK,198207,8.7
AK,198208,8.0
AK,198209,8.6
AK,198210,9.3
AK,198211,10.4
AK,198212,10.8
AK,198213,10.0
AK,198301,12.4
AK,198302,12.3
AK,198303,11.7
AK,198304,10.9
AK,198305,10.1
AK,198306,9.9
AK,198307,8.5
AK,198308,8.3
AK,198309,8.8
AK,198310,8.9
AK,198311,10.0
AK,198312,10.3
AK,198313,10.1
AK,198401,11.8
AK,198402,11.8
AK,198403,11.3
AK,198404,11.1
AK,198405,10.2
AK,198406,9.6
AK,198407,8.7
AK,198408,8.2
AK,198409,8.7
AK,198410,9.0
AK,198411,9.4
AK,198412,9.4
AK,198413,9.9
AK,198501,10.8
AK,198502,11.1
AK,198503,10.9
AK,198504,10.8
AK,198505,9.8
AK,198506,9.9
AK,198507,9.0
AK,198508,8.1
AK,198509,8.6
AK,198510,9.1
AK,198511,9.8
AK,198512,10.1
AK,198513,9.8
AK,198601,11.0
AK,198602,12.2
AK,198603,12.1
AK,198604,12.1
AK,198605,11.4
AK,198606,11.4
AK,198607,10.3
AK,198608,9.4
AK,198609,10.1
AK,198610,10.5
AK,198611,11.0
AK,198612,10.9
AK,198613,11.0
AK,198701,12.1
AK,198702,12.2
AK,198703,12.0
AK,198704,11.1
AK,198705,10.7
AK,198706,10.2
AK,198707,8.8
AK,198708,8.2
AK,198709,8.8
AK,198710,9.2
AK,198711,9.8
AK,198712,9.3
AK,198713,10.2
AK,198801,10.3
AK,198802,10.6
AK,198803,10.2
AK,198804,9.6
AK,198805,9.5
AK,198806,8.6
AK,198807,7.6
AK,198808,7.3
AK,198809,7.6
AK,198810,7.8
AK,198811,8.6
AK,198812,8.1
AK,198813,8.8
AK,198901,9.0
AK,198902,8.8
AK,198903,7.8
AK,198904,7.6
AK,198905,6.9
AK,198906,6.9
AK,198907,6.0
AK,198908,5.4
AK,198909,6.3
AK,198910,6.5
AK,198911,7.2
AK,198912,7.4
AK,198913,7.1
AK,199001,8.6
AK,199002,8.5
AK,199003,7.8
AK,199004,7.9
AK,199005,7.4
AK,199006,6.8
AK,199007,6.1
AK,199008,5.9
AK,199009,6.4
AK,199010,6.6
AK,199011,7.4
AK,199012,7.6
AK,199013,7.2
AK,199101,8.6
AK,199102,9.2
AK,199103,9.0
AK,199104,8.3
AK,199105,8.2
AK,199106,8.3
AK,199107,7.4
AK,199108,6.9
AK,199109,7.6
AK,199110,8.2
AK,199111,8.9
AK,199112,9.2
AK,199113,8.3
AK,199201,10.5
AK,199202,10.6
AK,199203,10.1
AK,199204,9.3
AK,199205,9.1
AK,199206,9.3
AK,199207,7.9
AK,199208,7.4
AK,199209,7.7
AK,199210,8.0
AK,199211,8.6
AK,199212,8.3
AK,199213,8.9
AK,199301,9.1
AK,199302,9.3
AK,199303,8.8
AK,199304,8.3
AK,199305,8.0
AK,199306,7.9
AK,199307,6.8
AK,199308,6.3
AK,199309,6.7
AK,199310,7.3
AK,199311,7.6
AK,199312,7.6
AK,199313,7.8
AK,199401,9.0
AK,199402,9.0
AK,199403,8.8
AK,199404,8.4
AK,199405,7.7
AK,199406,7.4
AK,199407,6.8
AK,199408,6.2
AK,199409,6.4
AK,199410,6.8
AK,199411,7.2
AK,199412,7.2
AK,199413,7.6
AK,199501,8.3
AK,199502,8.2
AK,199503,7.9
AK,199504,7.7
AK,199505,7.1
AK,199506,7.3
AK,199507,6.6
AK,199508,6.0
AK,199509,6.6
AK,199510,6.8
AK,199511,7.5
AK,199512,7.7
AK,199513,7.3
AK,199601,9.0
AK,199602,8.8
AK,199603,8.6
AK,199604,8.0
AK,199605,7.5
AK,199606,7.2
AK,199607,6.7
AK,199608,5.8
AK,199609,6.3
AK,199610,6.6
AK,199611,7.5
AK,199612,7.5
AK,199613,7.5
AK,199701,8.5
AK,199702,8.5
AK,199703,8.4
AK,199704,7.8
AK,199705,6.9
AK,199706,7.0
AK,199707,6.2
AK,199708,5.7
AK,199709,6.1
AK,199710,6.1
AK,199711,6.4
AK,199712,6.5
AK,199713,7.0
AK,199801,7.3
AK,199802,7.3
AK,199803,7.3
AK,199804,6.3
AK,199805,6.1
AK,199806,6.5
AK,199807,5.6
AK,199808,5.1
AK,199809,5.6
AK,199810,5.9
AK,199811,6.3
AK,199812,6.4
AK,199813,6.3
AK,199901,7.3
AK,199902,7.8
AK,199903,7.3
AK,199904,6.8
AK,199905,6.5
AK,199906,6.4
AK,199907,5.7
AK,199908,5.1
AK,199909,5.3
AK,199910,5.7
AK,199911,6.2
AK,199912,6.2
AK,199913,6.4
AK,200001,7.1
AK,200002,7.2
AK,200003,7.1
AK,200004,6.7
AK,200005,6.4
AK,200006,6.4
AK,200007,5.5
AK,200008,5.3
AK,200009,5.6
AK,200010,5.6
AK,200011,6.3
AK,200012,6.3
AK,200013,6.3
AK,200101,7.3
AK,200102,7.1
AK,200103,7.0
AK,200104,6.6
AK,200105,6.0
AK,200106,6.2
AK,200107,5.3
AK,200108,5.2
AK,200109,5.4
AK,200110,5.9
AK,200111,6.6
AK,200112,6.9
AK,200113,6.3
AK,200201,7.8
AK,200202,7.7
AK,200203,7.9
AK,200204,7.6
AK,200205,6.8
AK,200206,7.3
AK,200207,6.4
AK,200208,6.2
AK,200209,6.4
AK,200210,6.6
AK,200211,7.5
AK,200212,7.8
AK,200213,7.2
AK,200301,8.5
AK,200302,8.7
AK,200303,8.4
AK,200304,8.1
AK,200305,7.5
AK,200306,8.0
AK,200307,7.0
AK,200308,6.6
AK,200309,6.8
AK,200310,7.0
AK,200311,7.8
AK,200312,7.7
AK,200313,7.7
AK,200401,8.6
AK,200402,8.6
AK,200403,8.6
AK,200404,7.9
AK,200405,7.4
AK,200406,7.6
AK,200407,6.5
AK,200408,6.1
AK,200409,6.4
AK,200410,6.7
AK,200411,7.3
AK,200412,7.4
AK,200413,7.4
AK,200501,8.0
AK,200502,8.2
AK,200503,7.7
AK,200504,7.2
AK,200505,6.7
AK,200506,6.7
AK,200507,6.1
AK,200508,5.6
AK,200509,6.2
AK,200510,6.5
AK,200511,7.3
AK,200512,7.2
AK,200513,6.9
AK,200601,7.7
AK,200602,8.0
AK,200603,7.5
AK,200604,7.2
AK,200605,6.6
AK,200606,6.5
AK,200607,6.0
AK,200608,5.4
AK,200609,5.7
AK,200610,5.7
AK,200611,6.4
AK,200612,6.6
AK,200613,6.6
AK,200701,7.3
AK,200702,7.2
AK,200703,6.9
AK,200704,6.6
AK,200705,6.1
AK,200706,6.2
AK,200707,5.6
AK,200708,5.2
AK,200709,5.6
AK,200710,5.6
AK,200711,6.2
AK,200712,6.6
AK,200713,6.2
AK,200801,7.2
AK,200802,7.1
AK,200803,7.1
AK,200804,6.5
AK,200805,6.5
AK,200806,6.5
AK,200807,5.9
AK,200808,5.6
AK,200809,5.8
AK,200810,6.1
AK,200811,6.6
AK,200812,7.0
AK,200813,6.5
AK,200901,8.2
AK,200902,8.5
AK,200903,8.5
AK,200904,7.9
AK,200905,7.8
AK,200906,8.0
AK,200907,7.2
AK,200908,6.8
AK,200909,7.3
AK,200910,7.8
AK,200911,8.0
AK,200912,8.2
AK,200913,7.8
AK,201001,9.2
AK,201002,9.5
AK,201003,9.3
AK,201004,8.4
AK,201005,7.9
AK,201006,7.8
AK,201007,7.1
AK,201008,6.8
AK,201009,7.0
AK,201010,7.3
AK,201011,8.0
AK,201012,8.2
AK,201013,8.0
AK,201101,8.8
AK,201102,8.7
AK,201103,8.4
AK,201104,7.9
AK,201105,7.5
AK,201106,7.7
AK,201107,6.9
AK,201108,6.5
AK,201109,6.8
AK,201110,7.0
AK,201111,7.5
AK,201112,7.8
AK,201113,7.6
AK,201201,8.2
AK,201202,8.2
AK,201203,7.9
AK,201204,7.3
AK,201205,7.1
AK,201206,7.3
AK,201207,6.7
AK,201208,6.1
AK,201209,6.1
AK,201210,6.3
AK,201211,6.9
AK,201212,7.3
AK,201213,7.1
AK,201301,8.2
AK,201302,7.8
AK,201303,7.4
AK,201304,7.0
AK,201305,6.8
AK,201306,7.1
AK,201307,6.3
AK,201308,5.9
AK,201309,6.1
AK,201310,6.7
AK,201311,6.9
AK,201312,6.9
AK,201313,6.9
AK,201401,7.7
AK,201402,8.0
AK,201403,7.7
AK,201404,6.9
AK,201405,6.6
AK,201406,6.8
AK,201407,6.3
AK,201408,6.0
AK,201409,6.0
AK,201410,6.0
AK,201411,6.5
AK,201412,6.4
AK,201413,6.7
AK,201501,7.1
AK,201502,7.2
AK,201503,6.9
AK,201504,6.5
AK,201505,6.3
AK,201506,6.3
AK,201507,5.6
AK,201508,5.2
AK,201509,5.5
AK,201510,6.0
AK,201511,6.4
AK,201512,6.7
AK,201513,6.3
AK,201601,7.1
AK,201602,7.4
AK,201603,7.2
AK,201604,6.9
AK,201605,6.4
AK,201606,6.7
AK,201607,6.1
AK,201608,5.7
AK,201609,6.2
AK,201610,6.3
AK,201611,6.6
AK,201612,6.8
AK,201613,6.6
AK,201701,7.6
AK,201702,7.5
AK,201703,7.2
AK,201704,6.8
AK,201705,6.4
AK,201706,6.6
AK,201707,6.1
AK,201708,5.9
AK,201709,5.9
AK,201710,6.0
AK,201711,6.5
AK,201712,6.8
AK,201713,6.6
AK,201801,7.4
AK,201802,7.3
AK,201803,6.8
AK,201804,6.5
AK,201805,5.8
AK,201806,6.2
AK,201807,5.3
AK,201808,5.0
AK,201809,5.1
AK,201810,5.4
AK,201811,5.9
AK,201812,6.3
AK,201813,6.1
AK,201901,7.2
AK,201902,6.7
AK,201903,6.5
AK,201904,5.7
AK,201905,5.5
AK,201906,5.7
AK,201907,5.2
AK,201908,4.8
AK,201909,4.7
AK,201910,4.8
AK,201911,5.3
AK,201912,5.4
AK,201913,5.6
AK,202001,5.9
AK,202002,5.6
AK,202003,6.9
AK,202004,11.8
AK,202005,12.0
AK,202006,11.2
AK,202007,10.4
AK,202008,7.2
AK,202009,7.3
AK,202010,6.7
AK,202011,7.2
AK,202012,7.2
AK,202013,8.3
AK,202101,7.5
AK,202102,7.8
AK,202103,7.7
AK,202104,7.5
AK,202105,6.8
AK,202106,7.0
AK,202107,5.9
AK,202108,5.1
AK,202109,5.2
AK,202110,5.2
AK,202111,5.4
AK,202112,5.3
AK,202113,6.4
AK,202201,6.1
AK,202202,5.7
AK,202203,5.0
AK,202204,4.5
AK,202205,4.1
AK,202206,4.3
AK,202207,3.6
AK,202208,3.0
AK,202209,3.2
AK,202210,3.6
AK,202211,4.1
AK,202212,4.0
AK,202213,4.3
AK,202301,4.7
AK,202302,4.8
AK,202303,4.4
AK,202304,4.0
AK,202305,4.0
AK,202306,4.4
AK,202307,3.7
AK,202308,3.7
AK,202309,3.9
AK,202310,4.1
AK,202311,4.4
AK,202312,4.6
AK,202313,4.2
AK,202401,5.1
AK,202402,5.3
AK,202403,4.8
AK,202404,4.5
AK,202405,4.3
AK,202406,4.9
AK,202407,4.4
AK,202408,4.1
AK,202409,4.0
AK,202410,4.4
AK,202411,4.9
AK,202412,4.7
AK,202413,4.6
AK,202501,5.4
AK,202502,5.4
AK,202503,4.9
AZ,197601,11.5
AZ,197602,10.7
AZ,197603,9.8
AZ,197604,9.3
AZ,197605,8.3
AZ,197606,10.6
AZ,197607,10.2
AZ,197608,10.3
AZ,197609,10.1
AZ,197610,9.8
AZ,197611,8.8
AZ,197612,8.5
AZ,197613,9.8
AZ,197701,9.8
AZ,197702,9.4
AZ,197703,8.9
AZ,197704,8.2
AZ,197705,7.8
AZ,197706,9.6
AZ,197707,8.8
AZ,197708,9.0
AZ,197709,8.5
AZ,197710,7.8
AZ,197711,7.0
AZ,197712,6.2
AZ,197713,8.4
AZ,197801,7.1
AZ,197802,6.8
AZ,197803,5.8
AZ,197804,5.4
AZ,197805,5.0
AZ,197806,6.4
AZ,197807,6.7
AZ,197808,5.5
AZ,197809,6.2
AZ,197810,5.9
AZ,197811,5.5
AZ,197812,5.2
AZ,197813,5.9
AZ,197901,6.4
AZ,197902,5.5
AZ,197903,5.0
AZ,197904,4.3
AZ,197905,4.4
AZ,197906,5.5
AZ,197907,5.2
AZ,197908,5.4
AZ,197909,5.1
AZ,197910,4.9
AZ,197911,4.4
AZ,197912,4.4
AZ,197913,5.0
AZ,198001,6.1
AZ,198002,5.5
AZ,198003,5.8
AZ,198004,5.7
AZ,198005,6.6
AZ,198006,8.1
AZ,198007,8.3
AZ,198008,7.8
AZ,198009,7.1
AZ,198010,6.9
AZ,198011,6.2
AZ,198012,5.2
AZ,198013,6.6
AZ,198101,6.2
AZ,198102,6.0
AZ,198103,6.0
AZ,198104,5.2
AZ,198105,5.1
AZ,198106,6.5
AZ,198107,6.5
AZ,198108,6.4
AZ,198109,6.4
AZ,198110,6.5
AZ,198111,6.4
AZ,198112,6.9
AZ,198113,6.2
AZ,198201,8.4
AZ,198202,8.0
AZ,198203,8.6
AZ,198204,8.7
AZ,198205,9.0
AZ,198206,10.3
AZ,198207,10.9
AZ,198208,10.9
AZ,198209,11.0
AZ,198210,11.0
AZ,198211,11.0
AZ,198212,11.3
AZ,198213,10.0
AZ,198301,12.1
AZ,198302,11.5
AZ,198303,10.9
AZ,198304,9.8
AZ,198305,9.5
AZ,198306,10.4
AZ,198307,9.8
AZ,198308,9.0
AZ,198309,7.7
AZ,198310,7.1
AZ,198311,5.8
AZ,198312,5.5
AZ,198313,9.1
AZ,198401,6.1
AZ,198402,5.2
AZ,198403,5.0
AZ,198404,4.6
AZ,198405,4.2
AZ,198406,4.8
AZ,198407,4.7
AZ,198408,5.1
AZ,198409,4.9
AZ,198410,5.2
AZ,198411,4.7
AZ,198412,5.1
AZ,198413,5.0
AZ,198501,6.4
AZ,198502,5.8
AZ,198503,5.7
AZ,198504,5.7
AZ,198505,6.1
AZ,198506,7.2
AZ,198507,7.4
AZ,198508,6.8
AZ,198509,6.7
AZ,198510,6.6
AZ,198511,5.9
AZ,198512,5.9
AZ,198513,6.4
AZ,198601,6.3
AZ,198602,6.5
AZ,198603,6.4
AZ,198604,6.4
AZ,198605,6.5
AZ,198606,7.7
AZ,198607,7.7
AZ,198608,7.6
AZ,198609,7.7
AZ,198610,7.5
AZ,198611,7.2
AZ,198612,6.7
AZ,198613,7.0
AZ,198701,7.7
AZ,198702,7.1
AZ,198703,6.7
AZ,198704,6.2
AZ,198705,6.2
AZ,198706,6.8
AZ,198707,6.7
AZ,198708,6.4
AZ,198709,6.4
AZ,198710,6.2
AZ,198711,5.9
AZ,198712,5.7
AZ,198713,6.5
AZ,198801,6.5
AZ,198802,6.1
AZ,198803,6.0
AZ,198804,6.0
AZ,198805,6.5
AZ,198806,6.9
AZ,198807,7.1
AZ,198808,7.1
AZ,198809,6.7
AZ,198810,6.4
AZ,198811,5.9
AZ,198812,5.7
AZ,198813,6.4
AZ,198901,6.2
AZ,198902,5.4
AZ,198903,5.0
AZ,198904,5.1
AZ,198905,4.9
AZ,198906,5.9
AZ,198907,5.9
AZ,198908,5.6
AZ,198909,5.4
AZ,198910,4.6
AZ,198911,4.6
AZ,198912,4.3
AZ,198913,5.2
AZ,199001,5.4
AZ,199002,5.2
AZ,199003,5.0
AZ,199004,5.1
AZ,199005,5.2
AZ,199006,5.6
AZ,199007,5.9
AZ,199008,5.7
AZ,199009,5.4
AZ,199010,5.0
AZ,199011,5.0
AZ,199012,4.7
AZ,199013,5.3
AZ,199101,5.1
AZ,199102,4.9
AZ,199103,4.6
AZ,199104,4.4
AZ,199105,5.0
AZ,199106,6.1
AZ,199107,6.2
AZ,199108,6.5
AZ,199109,6.6
AZ,199110,6.7
AZ,199111,6.7
AZ,199112,7.0
AZ,199113,5.8
AZ,199201,8.1
AZ,199202,7.8
AZ,199203,7.7
AZ,199204,7.2
AZ,199205,7.4
AZ,199206,8.2
AZ,199207,8.1
AZ,199208,7.8
AZ,199209,7.6
AZ,199210,7.1
AZ,199211,7.1
AZ,199212,6.8
AZ,199213,7.6
AZ,199301,7.4
AZ,199302,6.8
AZ,199303,6.5
AZ,199304,6.3
AZ,199305,5.9
AZ,199306,6.6
AZ,199307,6.5
AZ,199308,6.4
AZ,199309,6.2
AZ,199310,6.1
AZ,199311,5.7
AZ,199312,5.6
AZ,199313,6.3
AZ,199401,6.4
AZ,199402,6.1
AZ,199403,6.1
AZ,199404,5.9
AZ,199405,5.9
AZ,199406,6.8
AZ,199407,6.8
AZ,199408,6.9
AZ,199409,6.6
AZ,199410,6.1
AZ,199411,5.6
AZ,199412,5.2
AZ,199413,6.2
AZ,199501,5.8
AZ,199502,5.0
AZ,199503,5.2
AZ,199504,5.3
AZ,199505,5.2
AZ,199506,5.7
AZ,199507,5.9
AZ,199508,5.8
AZ,199509,5.5
AZ,199510,5.0
AZ,199511,4.8
AZ,199512,4.6
AZ,199513,5.3
AZ,199601,5.5
AZ,199602,5.0
AZ,199603,5.1
AZ,199604,5.0
AZ,199605,5.5
AZ,199606,5.8
AZ,199607,6.3
AZ,199608,6.0
AZ,199609,5.9
AZ,199610,5.5
AZ,199611,5.2
AZ,199612,4.9
AZ,199613,5.5
AZ,199701,5.5
AZ,199702,5.1
AZ,199703,4.7
AZ,199704,4.4
AZ,199705,4.4
AZ,199706,4.9
AZ,199707,4.9
AZ,199708,4.9
AZ,199709,4.6
AZ,199710,4.2
AZ,199711,4.0
AZ,199712,3.8
AZ,199713,4.6
AZ,199801,4.4
AZ,199802,4.2
AZ,199803,4.3
AZ,199804,3.9
AZ,199805,3.9
AZ,199806,4.6
AZ,199807,4.7
AZ,199808,4.7
AZ,199809,4.5
AZ,199810,4.1
AZ,199811,3.9
AZ,199812,3.9
AZ,199813,4.3
AZ,199901,4.5
AZ,199902,4.4
AZ,199903,4.3
AZ,199904,4.5
AZ,199905,4.5
AZ,199906,5.0
AZ,199907,5.2
AZ,199908,4.9
AZ,199909,4.6
AZ,199910,4.2
AZ,199911,3.9
AZ,199912,3.8
AZ,199913,4.5
AZ,200001,4.3
AZ,200002,3.9
AZ,200003,3.8
AZ,200004,3.5
AZ,200005,3.8
AZ,200006,4.3
AZ,200007,4.5
AZ,200008,4.5
AZ,200009,4.0
AZ,200010,3.8
AZ,200011,3.6
AZ,200012,3.5
AZ,200013,4.0
AZ,200101,4.2
AZ,200102,3.9
AZ,200103,4.1
AZ,200104,4.0
AZ,200105,4.0
AZ,200106,4.8
AZ,200107,4.8
AZ,200108,5.3
AZ,200109,5.2
AZ,200110,5.4
AZ,200111,5.4
AZ,200112,5.6
AZ,200113,4.7
AZ,200201,6.3
AZ,200202,6.0
AZ,200203,6.0
AZ,200204,6.0
AZ,200205,6.0
AZ,200206,6.7
AZ,200207,6.8
AZ,200208,6.6
AZ,200209,6.1
AZ,200210,6.0
AZ,200211,6.0
AZ,200212,5.7
AZ,200213,6.2
AZ,200301,6.1
AZ,200302,5.8
AZ,200303,5.7
AZ,200304,5.6
AZ,200305,5.7
AZ,200306,6.5
AZ,200307,6.4
AZ,200308,6.2
AZ,200309,5.8
AZ,200310,5.4
AZ,200311,5.1
AZ,200312,5.0
AZ,200313,5.8
AZ,200401,5.6
AZ,200402,5.2
AZ,200403,5.1
AZ,200404,5.0
AZ,200405,4.9
AZ,200406,5.4
AZ,200407,5.3
AZ,200408,5.1
AZ,200409,4.9
AZ,200410,4.6
AZ,200411,4.4
AZ,200412,4.1
AZ,200413,5.0
AZ,200501,4.6
AZ,200502,4.5
AZ,200503,4.5
AZ,200504,4.5
AZ,200505,4.5
AZ,200506,4.9
AZ,200507,5.1
AZ,200508,4.9
AZ,200509,4.9
AZ,200510,4.6
AZ,200511,4.5
AZ,200512,4.2
AZ,200513,4.6
AZ,200601,4.5
AZ,200602,4.2
AZ,200603,4.0
AZ,200604,4.1
AZ,200605,4.1
AZ,200606,4.7
AZ,200607,5.0
AZ,200608,4.6
AZ,200609,4.3
AZ,200610,4.0
AZ,200611,3.9
AZ,200612,3.7
AZ,200613,4.3
AZ,200701,4.1
AZ,200702,3.7
AZ,200703,3.4
AZ,200704,3.4
AZ,200705,3.2
AZ,200706,3.7
AZ,200707,4.0
AZ,200708,3.8
AZ,200709,3.7
AZ,200710,3.7
AZ,200711,3.8
AZ,200712,4.1
AZ,200713,3.7
AZ,200801,4.4
AZ,200802,4.1
AZ,200803,4.2
AZ,200804,4.2
AZ,200805,5.0
AZ,200806,5.8
AZ,200807,6.4
AZ,200808,6.8
AZ,200809,6.7
AZ,200810,6.8
AZ,200811,7.0
AZ,200812,7.5
AZ,200813,5.8
AZ,200901,8.4
AZ,200902,8.6
AZ,200903,8.9
AZ,200904,8.8
AZ,200905,9.3
AZ,200906,10.2
AZ,200907,10.6
AZ,200908,10.5
AZ,200909,10.5
AZ,200910,10.4
AZ,200911,10.1
AZ,200912,10.2
AZ,200913,9.7
AZ,201001,10.9
AZ,201002,10.7
AZ,201003,10.4
AZ,201004,10.1
AZ,201005,10.2
AZ,201006,10.6
AZ,201007,10.9
AZ,201008,10.7
AZ,201009,10.3
AZ,201010,10.0
AZ,201011,10.0
AZ,201012,9.6
AZ,201013,10.4
AZ,201101,10.2
AZ,201102,9.7
AZ,201103,9.3
AZ,201104,9.1
AZ,201105,9.0
AZ,201106,10.4
AZ,201107,10.3
AZ,201108,9.9
AZ,201109,9.5
AZ,201110,9.3
AZ,201111,8.6
AZ,201112,8.6
AZ,201113,9.5
AZ,201201,8.9
AZ,201202,8.6
AZ,201203,8.2
AZ,201204,7.9
AZ,201205,8.3
AZ,201206,8.9
AZ,201207,9.3
AZ,201208,8.8
AZ,201209,8.2
AZ,201210,8.1
AZ,201211,7.7
AZ,201212,7.9
AZ,201213,8.4
AZ,201301,8.4
AZ,201302,7.9
AZ,201303,7.6
AZ,201304,7.5
AZ,201305,7.7
AZ,201306,8.5
AZ,201307,8.5
AZ,201308,8.3
AZ,201309,7.9
AZ,201310,7.7
AZ,201311,7.1
AZ,201312,7.0
AZ,201313,7.8
AZ,201401,7.2
AZ,201402,7.0
AZ,201403,6.9
AZ,201404,6.2
AZ,201405,6.7
AZ,201406,7.2
AZ,201407,7.5
AZ,201408,7.3
AZ,201409,6.8
AZ,201410,6.6
AZ,201411,6.4
AZ,201412,6.1
AZ,201413,6.8
AZ,201501,6.5
AZ,201502,6.1
AZ,201503,5.8
AZ,201504,5.9
AZ,201505,6.0
AZ,201506,6.5
AZ,201507,6.8
AZ,201508,6.5
AZ,201509,6.1
AZ,201510,6.0
AZ,201511,5.7
AZ,201512,5.5
AZ,201513,6.1
AZ,201601,5.6
AZ,201602,5.4
AZ,201603,5.3
AZ,201604,5.4
AZ,201605,5.3
AZ,201606,5.9
AZ,201607,6.0
AZ,201608,5.8
AZ,201609,5.6
AZ,201610,5.4
AZ,201611,5.0
AZ,201612,5.0
AZ,201613,5.5
AZ,201701,5.3
AZ,201702,5.1
AZ,201703,4.8
AZ,201704,4.7
AZ,201705,4.8
AZ,201706,5.3
AZ,201707,5.4
AZ,201708,5.3
AZ,201709,4.9
AZ,201710,4.6
AZ,201711,4.6
AZ,201712,4.6
AZ,201713,5.0
AZ,201801,5.0
AZ,201802,4.8
AZ,201803,4.5
AZ,201804,4.5
AZ,201805,4.4
AZ,201806,5.2
AZ,201807,5.2
AZ,201808,5.1
AZ,201809,4.8
AZ,201810,4.7
AZ,201811,4.6
AZ,201812,4.9
AZ,201813,4.8
AZ,201901,5.3
AZ,201902,4.8
AZ,201903,4.7
AZ,201904,4.5
AZ,201905,4.7
AZ,201906,5.2
AZ,201907,5.4
AZ,201908,5.1
AZ,201909,4.6
AZ,201910,4.6
AZ,201911,4.4
AZ,201912,4.3
AZ,201913,4.8
AZ,202001,4.7
AZ,202002,4.5
AZ,202003,5.3
AZ,202004,13.2
AZ,202005,11.2
AZ,202006,10.2
AZ,202007,9.9
AZ,202008,8.1
AZ,202009,7.5
AZ,202010,6.6
AZ,202011,6.3
AZ,202012,6.3
AZ,202013,7.8
AZ,202101,6.4
AZ,202102,6.2
AZ,202103,5.7
AZ,202104,5.6
AZ,202105,5.5
AZ,202106,6.0
AZ,202107,5.4
AZ,202108,4.9
AZ,202109,4.3
AZ,202110,3.8
AZ,202111,3.4
AZ,202112,3.1
AZ,202113,5.0
AZ,202201,3.8
AZ,202202,3.6
AZ,202203,3.3
AZ,202204,3.4
AZ,202205,3.6
AZ,202206,4.2
AZ,202207,4.2
AZ,202208,4.3
AZ,202209,3.9
AZ,202210,3.8
AZ,202211,3.5
AZ,202212,3.3
AZ,202213,3.8
AZ,202301,3.5
AZ,202302,3.5
AZ,202303,3.4
AZ,202304,3.3
AZ,202305,3.7
AZ,202306,4.1
AZ,202307,4.2
AZ,202308,4.2
AZ,202309,3.9
AZ,202310,3.8
AZ,202311,3.4
AZ,202312,3.2
AZ,202313,3.7
AZ,202401,3.4
AZ,202402,3.3
AZ,202403,3.0
AZ,202404,2.9
AZ,202405,3.3
AZ,202406,4.0
AZ,202407,4.3
AZ,202408,4.2
AZ,202409,3.8
AZ,202410,3.8
AZ,202411,3.7
AZ,202412,3.5
AZ,202413,3.6
AZ,202501,3.9
AZ,202502,3.9
AZ,202503,4.0
AR,197601,8.7
AR,197602,8.4
AR,197603,7.5
AR,197604,6.8
AR,197605,6.3
AR,197606,7.2
AR,197607,7.2
AR,197608,6.8
AR,197609,6.1
AR,197610,5.5
AR,197611,5.9
AR,197612,6.5
AR,197613,6.9
AR,197701,7.7
AR,197702,7.7
AR,197703,6.9
AR,197704,6.0
AR,197705,5.8
AR,197706,6.9
AR,197707,6.8
AR,197708,6.4
AR,197709,6.0
AR,197710,5.4
AR,197711,5.8
AR,197712,6.2
AR,197713,6.5
AR,197801,7.5
AR,197802,7.0
AR,197803,6.4
AR,197804,5.5
AR,197805,5.5
AR,197806,6.4
AR,197807,6.8
AR,197808,6.0
AR,197809,6.0
AR,197810,5.5
AR,197811,5.8
AR,197812,6.3
AR,197813,6.2
AR,197901,7.3
AR,197902,7.2
AR,197903,6.5
AR,197904,5.9
AR,197905,5.7
AR,197906,6.7
AR,197907,6.8
AR,197908,6.4
AR,197909,5.9
AR,197910,5.4
AR,197911,5.5
AR,197912,5.8
AR,197913,6.3
AR,198001,7.2
AR,198002,7.2
AR,198003,6.6
AR,198004,6.9
AR,198005,7.5
AR,198006,8.2
AR,198007,8.6
AR,198008,7.9
AR,198009,7.5
AR,198010,7.5
AR,198011,7.5
AR,198012,7.9
AR,198013,7.5
AR,198101,9.2
AR,198102,9.1
AR,198103,8.6
AR,198104,8.0
AR,198105,8.4
AR,198106,9.0
AR,198107,8.8
AR,198108,8.4
AR,198109,8.0
AR,198110,7.9
AR,198111,8.5
AR,198112,9.2
AR,198113,8.6
AR,198201,10.3
AR,198202,10.1
AR,198203,9.5
AR,198204,9.0
AR,198205,9.1
AR,198206,9.6
AR,198207,9.7
AR,198208,9.2
AR,198209,8.9
AR,198210,8.8
AR,198211,9.3
AR,198212,10.2
AR,198213,9.5
AR,198301,11.2
AR,198302,11.0
AR,198303,10.3
AR,198304,9.7
AR,198305,9.8
AR,198306,10.3
AR,198307,9.9
AR,198308,9.5
AR,198309,9.2
AR,198310,8.6
AR,198311,8.4
AR,198312,8.9
AR,198313,9.7
AR,198401,9.9
AR,198402,9.4
AR,198403,8.9
AR,198404,8.6
AR,198405,8.4
AR,198406,8.6
AR,198407,8.7
AR,198408,8.2
AR,198409,7.9
AR,198410,7.8
AR,198411,7.7
AR,198412,8.2
AR,198413,8.5
AR,198501,9.4
AR,198502,9.2
AR,198503,8.6
AR,198504,8.2
AR,198505,8.2
AR,198506,8.8
AR,198507,9.0
AR,198508,8.2
AR,198509,8.1
AR,198510,7.8
AR,198511,7.9
AR,198512,8.3
AR,198513,8.5
AR,198601,9.1
AR,198602,9.6
AR,198603,8.8
AR,198604,8.4
AR,198605,8.4
AR,198606,8.9
AR,198607,8.7
AR,198608,8.0
AR,198609,8.1
AR,198610,7.9
AR,198611,8.2
AR,198612,8.3
AR,198613,8.5
AR,198701,9.4
AR,198702,9.2
AR,198703,8.7
AR,198704,7.9
AR,198705,8.1
AR,198706,8.3
AR,198707,8.2
AR,198708,7.7
AR,198709,7.6
AR,198710,7.3
AR,198711,7.4
AR,198712,7.6
AR,198713,8.1
AR,198801,8.8
AR,198802,8.6
AR,198803,8.0
AR,198804,7.4
AR,198805,7.9
AR,198806,7.8
AR,198807,7.8
AR,198808,7.6
AR,198809,7.3
AR,198810,6.7
AR,198811,6.9
AR,198812,7.3
AR,198813,7.7
AR,198901,8.4
AR,198902,8.0
AR,198903,7.3
AR,198904,7.2
AR,198905,7.1
AR,198906,7.4
AR,198907,7.2
AR,198908,6.5
AR,198909,6.4
AR,198910,6.0
AR,198911,6.4
AR,198912,6.7
AR,198913,7.0
AR,199001,7.5
AR,199002,7.5
AR,199003,6.9
AR,199004,6.6
AR,199005,6.6
AR,199006,6.7
AR,199007,7.0
AR,199008,6.6
AR,199009,6.6
AR,199010,6.2
AR,199011,6.7
AR,199012,7.2
AR,199013,6.8
AR,199101,8.3
AR,199102,8.3
AR,199103,7.8
AR,199104,7.1
AR,199105,7.4
AR,199106,7.6
AR,199107,7.5
AR,199108,6.9
AR,199109,6.7
AR,199110,6.3
AR,199111,6.6
AR,199112,7.2
AR,199113,7.3
AR,199201,8.4
AR,199202,8.2
AR,199203,7.3
AR,199204,6.8
AR,199205,6.9
AR,199206,7.5
AR,199207,7.4
AR,199208,6.8
AR,199209,6.5
AR,199210,5.9
AR,199211,6.1
AR,199212,6.4
AR,199213,7.0
AR,199301,7.4
AR,199302,7.0
AR,199303,6.4
AR,199304,6.0
AR,199305,6.1
AR,199306,6.5
AR,199307,6.4
AR,199308,5.8
AR,199309,5.6
AR,199310,5.3
AR,199311,5.3
AR,199312,5.6
AR,199313,6.1
AR,199401,6.7
AR,199402,6.4
AR,199403,6.0
AR,199404,5.5
AR,199405,5.3
AR,199406,5.8
AR,199407,5.9
AR,199408,5.3
AR,199409,4.9
AR,199410,4.5
AR,199411,4.5
AR,199412,4.7
AR,199413,5.4
AR,199501,5.7
AR,199502,5.5
AR,199503,4.9
AR,199504,4.7
AR,199505,4.5
AR,199506,5.0
AR,199507,5.3
AR,199508,4.8
AR,199509,4.6
AR,199510,4.2
AR,199511,4.4
AR,199512,4.7
AR,199513,4.9
AR,199601,5.9
AR,199602,5.6
AR,199603,5.3
AR,199604,4.9
AR,199605,5.1
AR,199606,5.4
AR,199607,5.7
AR,199608,5.0
AR,199609,4.9
AR,199610,4.6
AR,199611,4.8
AR,199612,5.0
AR,199613,5.2
AR,199701,6.0
AR,199702,5.8
AR,199703,5.3
AR,199704,4.7
AR,199705,4.8
AR,199706,5.5
AR,199707,5.6
AR,199708,5.1
AR,199709,4.9
AR,199710,4.4
AR,199711,4.4
AR,199712,4.9
AR,199713,5.1
AR,199801,5.9
AR,199802,5.6
AR,199803,5.5
AR,199804,4.7
AR,199805,4.8
AR,199806,5.3
AR,199807,5.4
AR,199808,5.0
AR,199809,4.9
AR,199810,4.5
AR,199811,4.4
AR,199812,4.7
AR,199813,5.0
AR,199901,5.4
AR,199902,5.2
AR,199903,4.6
AR,199904,4.3
AR,199905,4.3
AR,199906,4.9
AR,199907,5.0
AR,199908,4.4
AR,199909,4.3
AR,199910,3.8
AR,199911,3.9
AR,199912,4.1
AR,199913,4.5
AR,200001,4.9
AR,200002,4.9
AR,200003,4.5
AR,200004,3.8
AR,200005,4.1
AR,200006,4.3
AR,200007,4.5
AR,200008,4.2
AR,200009,3.8
AR,200010,3.4
AR,200011,3.7
AR,200012,3.9
AR,200013,4.2
AR,200101,5.0
AR,200102,4.9
AR,200103,4.6
AR,200104,4.4
AR,200105,4.4
AR,200106,5.0
AR,200107,5.0
AR,200108,4.7
AR,200109,4.5
AR,200110,4.4
AR,200111,4.8
AR,200112,5.3
AR,200113,4.8
AR,200201,6.2
AR,200202,5.9
AR,200203,5.6
AR,200204,5.3
AR,200205,5.2
AR,200206,5.6
AR,200207,5.6
AR,200208,5.1
AR,200209,4.7
AR,200210,4.5
AR,200211,4.9
AR,200212,5.3
AR,200213,5.3
AR,200301,6.2
AR,200302,6.0
AR,200303,5.7
AR,200304,5.5
AR,200305,5.7
AR,200306,6.4
AR,200307,6.3
AR,200308,5.8
AR,200309,5.6
AR,200310,5.2
AR,200311,5.4
AR,200312,5.4
AR,200313,5.8
AR,200401,6.4
AR,200402,6.1
AR,200403,6.0
AR,200404,5.4
AR,200405,5.5
AR,200406,6.0
AR,200407,6.0
AR,200408,5.3
AR,200409,5.1
AR,200410,4.9
AR,200411,5.0
AR,200412,5.4
AR,200413,5.6
AR,200501,6.0
AR,200502,5.9
AR,200503,5.3
AR,200504,4.9
AR,200505,5.1
AR,200506,5.4
AR,200507,5.6
AR,200508,5.1
AR,200509,5.2
AR,200510,4.8
AR,200511,5.0
AR,200512,5.0
AR,200513,5.3
AR,200601,5.5
AR,200602,5.6
AR,200603,5.2
AR,200604,5.1
AR,200605,5.1
AR,200606,5.5
AR,200607,5.7
AR,200608,5.2
AR,200609,5.0
AR,200610,4.6
AR,200611,4.9
AR,200612,5.1
AR,200613,5.2
AR,200701,6.0
AR,200702,5.8
AR,200703,5.3
AR,200704,5.2
AR,200705,5.3
AR,200706,5.7
AR,200707,6.0
AR,200708,5.4
AR,200709,5.3
AR,200710,4.8
AR,200711,4.8
AR,200712,5.3
AR,200713,5.4
AR,200801,5.8
AR,200802,5.3
AR,200803,5.0
AR,200804,4.5
AR,200805,5.0
AR,200806,5.4
AR,200807,5.6
AR,200808,5.4
AR,200809,5.3
AR,200810,5.3
AR,200811,5.7
AR,200812,6.5
AR,200813,5.4
AR,200901,7.8
AR,200902,8.0
AR,200903,7.8
AR,200904,7.4
AR,200905,7.8
AR,200906,8.2
AR,200907,8.2
AR,200908,7.6
AR,200909,7.4
AR,200910,7.3
AR,200911,7.3
AR,200912,7.8
AR,200913,7.7
AR,201001,8.7
AR,201002,8.6
AR,201003,8.1
AR,201004,7.5
AR,201005,7.5
AR,201006,7.8
AR,201007,8.1
AR,201008,7.7
AR,201009,7.5
AR,201010,7.2
AR,201011,7.6
AR,201012,7.8
AR,201013,7.8
AR,201101,8.9
AR,201102,8.6
AR,201103,8.0
AR,201104,7.5
AR,201105,7.7
AR,201106,8.3
AR,201107,8.3
AR,201108,7.9
AR,201109,7.7
AR,201110,7.2
AR,201111,7.1
AR,201112,7.5
AR,201113,7.9
AR,201201,8.2
AR,201202,7.9
AR,201203,7.3
AR,201204,6.7
AR,201205,7.1
AR,201206,7.6
AR,201207,7.9
AR,201208,7.2
AR,201209,6.8
AR,201210,6.6
AR,201211,6.5
AR,201212,7.1
AR,201213,7.2
AR,201301,8.2
AR,201302,7.7
AR,201303,7.1
AR,201304,6.7
AR,201305,7.0
AR,201306,7.5
AR,201307,7.5
AR,201308,7.0
AR,201309,6.7
AR,201310,6.5
AR,201311,6.3
AR,201312,6.4
AR,201313,7.0
AR,201401,7.0
AR,201402,6.8
AR,201403,6.3
AR,201404,5.5
AR,201405,5.7
AR,201406,6.0
AR,201407,6.4
AR,201408,5.9
AR,201409,5.4
AR,201410,5.0
AR,201411,5.1
AR,201412,5.3
AR,201413,5.9
AR,201501,6.2
AR,201502,5.8
AR,201503,5.4
AR,201504,5.0
AR,201505,5.2
AR,201506,5.3
AR,201507,5.4
AR,201508,4.7
AR,201509,4.4
AR,201510,4.0
AR,201511,4.0
AR,201512,4.2
AR,201513,5.0
AR,201601,4.7
AR,201602,4.6
AR,201603,4.1
AR,201604,3.6
AR,201605,3.7
AR,201606,4.3
AR,201607,4.4
AR,201608,4.0
AR,201609,3.8
AR,201610,3.4
AR,201611,3.4
AR,201612,3.7
AR,201613,4.0
AR,201701,4.4
AR,201702,4.3
AR,201703,3.7
AR,201704,3.3
AR,201705,3.5
AR,201706,4.0
AR,201707,4.2
AR,201708,3.9
AR,201709,3.5
AR,201710,3.2
AR,201711,3.3
AR,201712,3.6
AR,201713,3.7
AR,201801,4.4
AR,201802,4.2
AR,201803,3.8
AR,201804,3.4
AR,201805,3.3
AR,201806,4.0
AR,201807,4.0
AR,201808,3.5
AR,201809,3.3
AR,201810,3.1
AR,201811,3.1
AR,201812,3.5
AR,201813,3.6
AR,201901,4.4
AR,201902,4.0
AR,201903,3.5
AR,201904,3.0
AR,201905,3.2
AR,201906,3.8
AR,201907,4.1
AR,201908,3.5
AR,201909,3.2
AR,201910,2.9
AR,201911,3.0
AR,201912,3.3
AR,201913,3.5
AR,202001,4.0
AR,202002,3.7
AR,202003,5.3
AR,202004,9.6
AR,202005,8.8
AR,202006,8.2
AR,202007,8.1
AR,202008,6.3
AR,202009,5.7
AR,202010,4.6
AR,202011,4.5
AR,202012,4.8
AR,202013,6.1
AR,202101,5.4
AR,202102,5.3
AR,202103,4.7
AR,202104,4.3
AR,202105,4.2
AR,202106,4.8
AR,202107,4.5
AR,202108,3.8
AR,202109,3.2
AR,202110,2.7
AR,202111,2.6
AR,202112,2.8
AR,202113,4.0
AR,202201,3.8
AR,202202,3.6
AR,202203,3.1
AR,202204,2.9
AR,202205,3.0
AR,202206,3.6
AR,202207,3.7
AR,202208,3.4
AR,202209,3.0
AR,202210,2.6
AR,202211,2.6
AR,202212,2.7
AR,202213,3.2
AR,202301,3.4
AR,202302,3.2
AR,202303,2.9
AR,202304,2.5
AR,202305,2.8
AR,202306,3.4
AR,202307,3.6
AR,202308,3.5
AR,202309,3.3
AR,202310,3.0
AR,202311,3.0
AR,202312,3.2
AR,202313,3.1
AR,202401,3.8
AR,202402,3.8
AR,202403,3.4
AR,202404,3.0
AR,202405,3.2
AR,202406,3.8
AR,202407,4.0
AR,202408,3.6
AR,202409,3.2
AR,202410,3.1
AR,202411,3.3
AR,202412,3.4
AR,202413,3.5
AR,202501,3.9
AR,202502,4.2
AR,202503,3.7
CA,197601,10.5
CA,197602,10.1
CA,197603,9.4
CA,197604,8.8
CA,197605,7.8
CA,197606,8.9
CA,197607,9.5
CA,197608,9.1
CA,197609,8.9
CA,197610,8.9
CA,197611,9.4
CA,197612,9.1
CA,197613,9.2
CA,197701,10.0
CA,197702,9.9
CA,197703,9.3
CA,197704,8.5
CA,197705,7.6
CA,197706,8.6
CA,197707,8.6
CA,197708,8.2
CA,197709,7.7
CA,197710,7.4
CA,197711,7.8
CA,197712,7.1
CA,197713,8.4
CA,197801,8.2
CA,197802,8.1
CA,197803,8.0
CA,197804,7.3
CA,197805,6.7
CA,197806,7.1
CA,197807,7.8
CA,197808,6.9
CA,197809,6.6
CA,197810,6.2
CA,197811,6.5
CA,197812,6.4
CA,197813,7.1
CA,197901,7.2
CA,197902,7.0
CA,197903,6.7
CA,197904,6.1
CA,197905,5.5
CA,197906,6.1
CA,197907,6.4
CA,197908,6.3
CA,197909,5.9
CA,197910,5.9
CA,197911,5.9
CA,197912,5.7
CA,197913,6.2
CA,198001,6.8
CA,198002,6.7
CA,198003,6.5
CA,198004,6.7
CA,198005,6.7
CA,198006,7.2
CA,198007,7.6
CA,198008,7.3
CA,198009,6.8
CA,198010,6.8
CA,198011,7.0
CA,198012,6.5
CA,198013,6.9
CA,198101,7.9
CA,198102,7.8
CA,198103,7.4
CA,198104,6.9
CA,198105,6.6
CA,198106,7.1
CA,198107,7.3
CA,198108,7.1
CA,198109,7.1
CA,198110,7.5
CA,198111,8.1
CA,198112,8.3
CA,198113,7.4
CA,198201,9.5
CA,198202,9.7
CA,198203,9.7
CA,198204,9.6
CA,198205,9.2
CA,198206,9.9
CA,198207,10.6
CA,198208,10.1
CA,198209,10.1
CA,198210,10.4
CA,198211,11.0
CA,198212,11.0
CA,198213,10.1
CA,198301,11.8
CA,198302,11.7
CA,198303,11.1
CA,198304,10.4
CA,198305,9.9
CA,198306,10.2
CA,198307,9.8
CA,198308,9.4
CA,198309,8.8
CA,198310,8.5
CA,198311,8.4
CA,198312,8.2
CA,198313,9.8
CA,198401,8.9
CA,198402,8.7
CA,198403,8.4
CA,198404,7.9
CA,198405,7.3
CA,198406,7.5
CA,198407,8.0
CA,198408,7.6
CA,198409,7.3
CA,198410,7.2
CA,198411,7.2
CA,198412,7.1
CA,198413,7.8
CA,198501,8.1
CA,198502,7.8
CA,198503,7.5
CA,198504,7.2
CA,198505,6.8
CA,198506,7.3
CA,198507,7.6
CA,198508,7.0
CA,198509,6.9
CA,198510,6.8
CA,198511,6.7
CA,198512,6.5
CA,198513,7.2
CA,198601,7.1
CA,198602,7.6
CA,198603,7.3
CA,198604,6.8
CA,198605,6.5
CA,198606,6.8
CA,198607,7.1
CA,198608,6.5
CA,198609,6.5
CA,198610,6.4
CA,198611,6.5
CA,198612,6.1
CA,198613,6.8
CA,198701,7.0
CA,198702,6.9
CA,198703,6.6
CA,198704,5.9
CA,198705,5.6
CA,198706,5.6
CA,198707,5.9
CA,198708,5.5
CA,198709,5.4
CA,198710,5.4
CA,198711,5.4
CA,198712,5.0
CA,198713,5.8
CA,198801,5.9
CA,198802,5.8
CA,198803,5.6
CA,198804,5.1
CA,198805,5.1
CA,198806,5.2
CA,198807,5.6
CA,198808,5.3
CA,198809,5.0
CA,198810,4.9
CA,198811,5.1
CA,198812,4.8
CA,198813,5.3
CA,198901,5.7
CA,198902,5.4
CA,198903,5.1
CA,198904,5.0
CA,198905,4.8
CA,198906,5.2
CA,198907,5.4
CA,198908,4.9
CA,198909,4.9
CA,198910,4.8
CA,198911,5.1
CA,198912,4.9
CA,198913,5.1
CA,199001,5.7
CA,199002,5.6
CA,199003,5.4
CA,199004,5.4
CA,199005,5.2
CA,199006,5.3
CA,199007,5.9
CA,199008,5.8
CA,199009,5.9
CA,199010,5.9
CA,199011,6.5
CA,199012,6.6
CA,199013,5.8
CA,199101,7.6
CA,199102,8.0
CA,199103,8.0
CA,199104,7.5
CA,199105,7.6
CA,199106,7.9
CA,199107,8.1
CA,199108,7.7
CA,199109,7.7
CA,199110,7.7
CA,199111,7.9
CA,199112,8.1
CA,199113,7.8
CA,199201,9.3
CA,199202,9.5
CA,199203,9.3
CA,199204,8.7
CA,199205,8.8
CA,199206,9.6
CA,199207,9.8
CA,199208,9.5
CA,199209,9.5
CA,199210,9.3
CA,199211,9.7
CA,199212,9.5
CA,199213,9.4
CA,199301,10.4
CA,199302,10.4
CA,199303,10.0
CA,199304,9.5
CA,199305,9.2
CA,199306,9.7
CA,199307,9.8
CA,199308,9.3
CA,199309,9.1
CA,199310,9.2
CA,199311,9.0
CA,199312,8.7
CA,199313,9.5
CA,199401,10.0
CA,199402,9.8
CA,199403,9.5
CA,199404,8.9
CA,199405,8.3
CA,199406,8.7
CA,199407,9.0
CA,199408,8.6
CA,199409,8.1
CA,199410,7.9
CA,199411,7.8
CA,199412,7.3
CA,199413,8.7
CA,199501,8.6
CA,199502,8.1
CA,199503,8.0
CA,199504,8.0
CA,199505,7.6
CA,199506,7.9
CA,199507,8.4
CA,199508,7.9
CA,199509,7.7
CA,199510,7.5
CA,199511,7.7
CA,199512,7.4
CA,199513,7.9
CA,199601,8.5
CA,199602,8.1
CA,199603,8.0
CA,199604,7.5
CA,199605,7.2
CA,199606,7.2
CA,199607,7.7
CA,199608,6.9
CA,199609,6.8
CA,199610,6.7
CA,199611,6.9
CA,199612,6.6
CA,199613,7.3
CA,199701,7.6
CA,199702,7.2
CA,199703,7.0
CA,199704,6.4
CA,199705,6.0
CA,199706,6.4
CA,199707,6.6
CA,199708,6.3
CA,199709,6.1
CA,199710,5.8
CA,199711,5.8
CA,199712,5.8
CA,199713,6.4
CA,199801,6.6
CA,199802,6.3
CA,199803,6.5
CA,199804,5.6
CA,199805,5.5
CA,199806,6.0
CA,199807,6.2
CA,199808,6.0
CA,199809,5.9
CA,199810,5.8
CA,199811,5.7
CA,199812,5.4
CA,199813,6.0
CA,199901,6.1
CA,199902,6.0
CA,199903,5.7
CA,199904,5.3
CA,199905,4.7
CA,199906,5.3
CA,199907,5.5
CA,199908,5.1
CA,199909,5.0
CA,199910,4.8
CA,199911,4.9
CA,199912,4.7
CA,199913,5.3
CA,200001,5.4
CA,200002,5.3
CA,200003,5.4
CA,200004,4.7
CA,200005,4.8
CA,200006,5.0
CA,200007,5.2
CA,200008,5.1
CA,200009,4.6
CA,200010,4.5
CA,200011,4.6
CA,200012,4.4
CA,200013,4.9
CA,200101,5.2
CA,200102,5.0
CA,200103,5.2
CA,200104,4.9
CA,200105,4.6
CA,200106,5.3
CA,200107,5.5
CA,200108,5.7
CA,200109,5.5
CA,200110,6.0
CA,200111,6.3
CA,200112,6.3
CA,200113,5.5
CA,200201,7.1
CA,200202,6.9
CA,200203,7.0
CA,200204,6.7
CA,200205,6.3
CA,200206,6.8
CA,200207,7.0
CA,200208,6.8
CA,200209,6.4
CA,200210,6.5
CA,200211,6.8
CA,200212,6.8
CA,200213,6.7
CA,200301,7.4
CA,200302,7.2
CA,200303,7.2
CA,200304,6.8
CA,200305,6.5
CA,200306,7.3
CA,200307,7.2
CA,200308,6.9
CA,200309,6.6
CA,200310,6.6
CA,200311,6.7
CA,200312,6.3
CA,200313,6.9
CA,200401,7.0
CA,200402,6.7
CA,200403,7.0
CA,200404,6.3
CA,200405,6.0
CA,200406,6.4
CA,200407,6.5
CA,200408,6.0
CA,200409,5.7
CA,200410,5.7
CA,200411,5.8
CA,200412,5.6
CA,200413,6.2
CA,200501,6.2
CA,200502,6.1
CA,200503,5.8
CA,200504,5.3
CA,200505,5.0
CA,200506,5.4
CA,200507,5.5
CA,200508,5.2
CA,200509,5.1
CA,200510,5.0
CA,200511,5.2
CA,200512,4.9
CA,200513,5.4
CA,200601,5.3
CA,200602,5.3
CA,200603,5.1
CA,200604,4.8
CA,200605,4.5
CA,200606,4.9
CA,200607,5.2
CA,200608,4.9
CA,200609,4.6
CA,200610,4.4
CA,200611,4.7
CA,200612,4.7
CA,200613,4.9
CA,200701,5.5
CA,200702,5.3
CA,200703,5.2
CA,200704,5.0
CA,200705,4.7
CA,200706,5.3
CA,200707,5.6
CA,200708,5.4
CA,200709,5.4
CA,200710,5.3
CA,200711,5.5
CA,200712,5.8
CA,200713,5.3
CA,200801,6.4
CA,200802,6.2
CA,200803,6.5
CA,200804,6.0
CA,200805,6.4
CA,200806,7.0
CA,200807,7.6
CA,200808,7.8
CA,200809,7.7
CA,200810,8.0
CA,200811,8.4
CA,200812,9.1
CA,200813,7.3
CA,200901,10.5
CA,200902,10.9
CA,200903,11.2
CA,200904,10.8
CA,200905,11.0
CA,200906,11.7
CA,200907,12.0
CA,200908,11.9
CA,200909,11.8
CA,200910,11.9
CA,200911,11.9
CA,200912,12.1
CA,200913,11.5
CA,201001,13.0
CA,201002,12.8
CA,201003,12.8
CA,201004,12.1
CA,201005,11.8
CA,201006,12.2
CA,201007,12.6
CA,201008,12.4
CA,201009,12.0
CA,201010,11.9
CA,201011,12.3
CA,201012,12.1
CA,201013,12.3
CA,201101,12.6
CA,201102,12.3
CA,201103,12.1
CA,201104,11.5
CA,201105,11.3
CA,201106,12.1
CA,201107,12.2
CA,201108,11.9
CA,201109,11.5
CA,201110,11.3
CA,201111,11.0
CA,201112,11.0
CA,201113,11.7
CA,201201,11.4
CA,201202,11.2
CA,201203,11.0
CA,201204,10.3
CA,201205,10.1
CA,201206,10.7
CA,201207,10.9
CA,201208,10.5
CA,201209,9.7
CA,201210,9.7
CA,201211,9.5
CA,201212,9.7
CA,201213,10.4
CA,201301,10.4
CA,201302,9.8
CA,201303,9.4
CA,201304,8.8
CA,201305,8.6
CA,201306,9.4
CA,201307,9.4
CA,201308,9.1
CA,201309,8.6
CA,201310,8.6
CA,201311,8.3
CA,201312,8.0
CA,201313,9.0
CA,201401,8.5
CA,201402,8.4
CA,201403,8.3
CA,201404,7.3
CA,201405,7.2
CA,201406,7.5
CA,201407,8.0
CA,201408,7.7
CA,201409,7.1
CA,201410,7.0
CA,201411,7.0
CA,201412,6.7
CA,201413,7.6
CA,201501,7.3
CA,201502,6.9
CA,201503,6.7
CA,201504,6.2
CA,201505,6.2
CA,201506,6.3
CA,201507,6.5
CA,201508,6.1
CA,201509,5.7
CA,201510,5.7
CA,201511,5.7
CA,201512,5.6
CA,201513,6.2
CA,201601,6.0
CA,201602,5.8
CA,201603,5.8
CA,201604,5.4
CA,201605,4.9
CA,201606,5.7
CA,201607,5.8
CA,201608,5.7
CA,201609,5.4
CA,201610,5.4
CA,201611,5.1
CA,201612,5.2
CA,201613,5.5
CA,201701,5.7
CA,201702,5.4
CA,201703,5.1
CA,201704,4.7
CA,201705,4.4
CA,201706,4.9
CA,201707,5.2
CA,201708,5.1
CA,201709,4.5
CA,201710,4.3
CA,201711,4.3
CA,201712,4.3
CA,201713,4.8
CA,201801,4.8
CA,201802,4.6
CA,201803,4.5
CA,201804,4.1
CA,201805,3.7
CA,201806,4.4
CA,201807,4.4
CA,201808,4.4
CA,201809,4.0
CA,201810,4.0
CA,201811,4.0
CA,201812,4.2
CA,201813,4.3
CA,201901,4.9
CA,201902,4.4
CA,201903,4.5
CA,201904,3.8
CA,201905,3.6
CA,201906,4.2
CA,201907,4.4
CA,201908,4.2
CA,201909,3.7
CA,201910,3.8
CA,201911,3.8
CA,201912,3.9
CA,201913,4.1
CA,202001,4.5
CA,202002,4.3
CA,202003,6.3
CA,202004,15.7
CA,202005,15.6
CA,202006,13.9
CA,202007,13.6
CA,202008,11.8
CA,202009,9.9
CA,202010,8.8
CA,202011,8.7
CA,202012,8.9
CA,202013,10.1
CA,202101,9.1
CA,202102,8.8
CA,202103,8.5
CA,202104,8.3
CA,202105,7.6
CA,202106,8.2
CA,202107,7.7
CA,202108,7.3
CA,202109,6.3
CA,202110,5.9
CA,202111,5.4
CA,202112,5.0
CA,202113,7.3
CA,202201,5.6
CA,202202,5.0
CA,202203,4.5
CA,202204,4.0
CA,202205,3.7
CA,202206,4.2
CA,202207,4.1
CA,202208,4.2
CA,202209,3.8
CA,202210,4.0
CA,202211,4.1
CA,202212,4.0
CA,202213,4.3
CA,202301,4.7
CA,202302,4.8
CA,202303,4.7
CA,202304,4.1
CA,202305,4.3
CA,202306,4.7
CA,202307,4.8
CA,202308,5.1
CA,202309,4.8
CA,202310,4.9
CA,202311,4.8
CA,202312,4.9
CA,202313,4.7
CA,202401,5.4
CA,202402,5.4
CA,202403,5.2
CA,202404,4.8
CA,202405,4.7
CA,202406,5.4
CA,202407,5.9
CA,202408,5.9
CA,202409,5.2
CA,202410,5.3
CA,202411,5.4
CA,202412,5.2
CA,202413,5.3
CA,202501,5.5
CA,202502,5.5
CA,202503,5.3
CO,197601,7.1
CO,197602,6.6
CO,197603,7.0
CO,197604,5.1
CO,197605,4.4
CO,197606,6.1
CO,197607,5.7
CO,197608,5.3
CO,197609,6.0
CO,197610,5.3
CO,197611,6.3
CO,197612,6.7
CO,197613,6.0
CO,197701,7.1
CO,197702,7.5
CO,197703,7.7
CO,197704,6.6
CO,197705,5.1
CO,197706,6.7
CO,197707,5.7
CO,197708,5.8
CO,197709,6.0
CO,197710,5.8
CO,197711,6.0
CO,197712,5.8
CO,197713,6.3
CO,197801,7.6
CO,197802,6.2
CO,197803,7.1
CO,197804,5.6
CO,197805,5.1
CO,197806,6.1
CO,197807,5.4
CO,197808,4.8
CO,197809,5.2
CO,197810,4.2
CO,197811,4.7
CO,197812,5.0
CO,197813,5.6
CO,197901,5.5
CO,197902,5.6
CO,197903,5.4
CO,197904,4.3
CO,197905,3.7
CO,197906,5.0
CO,197907,4.5
CO,197908,4.5
CO,197909,4.3
CO,197910,4.2
CO,197911,4.3
CO,197912,4.3
CO,197913,4.6
CO,198001,5.0
CO,198002,5.0
CO,198003,5.0
CO,198004,5.3
CO,198005,6.0
CO,198006,6.9
CO,198007,6.6
CO,198008,6.4
CO,198009,6.3
CO,198010,6.0
CO,198011,5.8
CO,198012,5.6
CO,198013,5.8
CO,198101,6.9
CO,198102,7.0
CO,198103,6.6
CO,198104,5.4
CO,198105,5.5
CO,198106,6.2
CO,198107,4.9
CO,198108,4.6
CO,198109,4.9
CO,198110,5.0
CO,198111,5.3
CO,198112,5.7
CO,198113,5.6
CO,198201,7.0
CO,198202,7.4
CO,198203,7.2
CO,198204,6.6
CO,198205,6.8
CO,198206,7.8
CO,198207,7.7
CO,198208,7.5
CO,198209,7.9
CO,198210,8.4
CO,198211,8.8
CO,198212,8.8
CO,198213,7.7
CO,198301,9.5
CO,198302,9.3
CO,198303,9.2
CO,198304,8.4
CO,198305,7.6
CO,198306,7.7
CO,198307,6.3
CO,198308,5.9
CO,198309,5.7
CO,198310,5.3
CO,198311,5.0
CO,198312,5.4
CO,198313,7.1
CO,198401,6.3
CO,198402,5.9
CO,198403,5.7
CO,198404,5.4
CO,198405,5.2
CO,198406,5.5
CO,198407,5.3
CO,198408,5.1
CO,198409,5.2
CO,198410,5.3
CO,198411,5.4
CO,198412,5.5
CO,198413,5.5
CO,198501,6.7
CO,198502,7.0
CO,198503,6.7
CO,198504,5.6
CO,198505,5.4
CO,198506,6.2
CO,198507,5.7
CO,198508,5.7
CO,198509,5.4
CO,198510,5.6
CO,198511,5.9
CO,198512,6.0
CO,198513,6.0
CO,198601,7.4
CO,198602,7.9
CO,198603,7.8
CO,198604,7.2
CO,198605,7.1
CO,198606,7.5
CO,198607,7.0
CO,198608,6.8
CO,198609,7.6
CO,198610,7.8
CO,198611,8.1
CO,198612,8.1
CO,198613,7.5
CO,198701,9.3
CO,198702,9.3
CO,198703,9.3
CO,198704,8.0
CO,198705,7.6
CO,198706,7.6
CO,198707,6.6
CO,198708,6.4
CO,198709,6.4
CO,198710,6.6
CO,198711,6.6
CO,198712,6.6
CO,198713,7.5
CO,198801,8.0
CO,198802,7.9
CO,198803,7.5
CO,198804,6.3
CO,198805,6.3
CO,198806,6.4
CO,198807,5.9
CO,198808,6.0
CO,198809,5.8
CO,198810,5.7
CO,198811,5.7
CO,198812,5.6
CO,198813,6.4
CO,198901,6.9
CO,198902,6.7
CO,198903,6.1
CO,198904,5.5
CO,198905,5.3
CO,198906,5.9
CO,198907,5.2
CO,198908,5.0
CO,198909,5.1
CO,198910,5.1
CO,198911,5.3
CO,198912,5.4
CO,198913,5.6
CO,199001,5.9
CO,199002,5.8
CO,199003,5.7
CO,199004,5.2
CO,199005,5.0
CO,199006,5.2
CO,199007,4.9
CO,199008,4.8
CO,199009,4.7
CO,199010,4.6
CO,199011,4.8
CO,199012,4.8
CO,199013,5.1
CO,199101,5.8
CO,199102,5.9
CO,199103,5.8
CO,199104,5.0
CO,199105,5.1
CO,199106,5.4
CO,199107,5.0
CO,199108,4.8
CO,199109,4.8
CO,199110,4.9
CO,199111,5.4
CO,199112,5.6
CO,199113,5.3
CO,199201,6.7
CO,199202,6.7
CO,199203,6.8
CO,199204,5.8
CO,199205,6.1
CO,199206,6.7
CO,199207,6.1
CO,199208,5.8
CO,199209,5.6
CO,199210,5.5
CO,199211,5.7
CO,199212,6.0
CO,199213,6.1
CO,199301,6.9
CO,199302,6.6
CO,199303,6.3
CO,199304,5.6
CO,199305,5.5
CO,199306,5.7
CO,199307,5.2
CO,199308,4.8
CO,199309,4.6
CO,199310,4.6
CO,199311,4.5
CO,199312,4.4
CO,199313,5.4
CO,199401,5.5
CO,199402,5.4
CO,199403,5.2
CO,199404,4.5
CO,199405,4.2
CO,199406,4.4
CO,199407,4.1
CO,199408,3.8
CO,199409,3.5
CO,199410,3.3
CO,199411,3.4
CO,199412,3.1
CO,199413,4.2
CO,199501,4.2
CO,199502,4.0
CO,199503,3.9
CO,199504,4.0
CO,199505,4.1
CO,199506,4.4
CO,199507,4.3
CO,199508,4.1
CO,199509,3.9
CO,199510,3.8
CO,199511,3.9
CO,199512,3.8
CO,199513,4.0
CO,199601,4.7
CO,199602,4.5
CO,199603,4.6
CO,199604,4.1
CO,199605,4.3
CO,199606,4.8
CO,199607,4.4
CO,199608,4.0
CO,199609,3.9
CO,199610,3.7
CO,199611,3.8
CO,199612,3.4
CO,199613,4.2
CO,199701,4.4
CO,199702,3.8
CO,199703,3.8
CO,199704,3.2
CO,199705,3.2
CO,199706,3.6
CO,199707,3.2
CO,199708,3.2
CO,199709,3.1
CO,199710,2.8
CO,199711,3.1
CO,199712,3.1
CO,199713,3.4
CO,199801,3.8
CO,199802,3.8
CO,199803,4.0
CO,199804,3.5
CO,199805,3.6
CO,199806,4.1
CO,199807,3.9
CO,199808,3.7
CO,199809,3.6
CO,199810,3.5
CO,199811,3.3
CO,199812,3.0
CO,199813,3.6
CO,199901,3.5
CO,199902,3.2
CO,199903,3.1
CO,199904,2.9
CO,199905,2.8
CO,199906,3.4
CO,199907,3.2
CO,199908,3.0
CO,199909,2.9
CO,199910,2.8
CO,199911,2.8
CO,199912,2.7
CO,199913,3.0
CO,200001,3.1
CO,200002,3.0
CO,200003,2.8
CO,200004,2.5
CO,200005,2.5
CO,200006,2.9
CO,200007,2.9
CO,200008,2.9
CO,200009,2.6
CO,200010,2.5
CO,200011,2.7
CO,200012,2.4
CO,200013,2.7
CO,200101,3.0
CO,200102,3.1
CO,200103,3.2
CO,200104,3.0
CO,200105,3.1
CO,200106,3.6
CO,200107,3.7
CO,200108,3.9
CO,200109,3.8
CO,200110,4.6
CO,200111,5.3
CO,200112,5.5
CO,200113,3.8
CO,200201,6.4
CO,200202,6.1
CO,200203,6.1
CO,200204,5.8
CO,200205,5.3
CO,200206,5.8
CO,200207,5.6
CO,200208,5.4
CO,200209,5.3
CO,200210,5.3
CO,200211,5.7
CO,200212,5.6
CO,200213,5.7
CO,200301,6.4
CO,200302,6.3
CO,200303,6.4
CO,200304,6.2
CO,200305,6.0
CO,200306,6.6
CO,200307,6.3
CO,200308,6.0
CO,200309,5.8
CO,200310,5.7
CO,200311,6.0
CO,200312,5.7
CO,200313,6.1
CO,200401,6.3
CO,200402,6.1
CO,200403,6.1
CO,200404,5.5
CO,200405,5.3
CO,200406,5.7
CO,200407,5.6
CO,200408,5.3
CO,200409,5.1
CO,200410,5.2
CO,200411,5.4
CO,200412,5.4
CO,200413,5.6
CO,200501,5.6
CO,200502,5.8
CO,200503,5.6
CO,200504,5.3
CO,200505,5.1
CO,200506,5.2
CO,200507,5.1
CO,200508,4.7
CO,200509,4.7
CO,200510,4.5
CO,200511,4.8
CO,200512,4.6
CO,200513,5.1
CO,200601,4.9
CO,200602,4.6
CO,200603,4.5
CO,200604,4.4
CO,200605,4.3
CO,200606,4.5
CO,200607,4.5
CO,200608,4.2
CO,200609,3.8
CO,200610,3.6
CO,200611,3.7
CO,200612,3.6
CO,200613,4.2
CO,200701,4.2
CO,200702,3.9
CO,200703,3.6
CO,200704,3.3
CO,200705,3.3
CO,200706,3.7
CO,200707,3.7
CO,200708,3.6
CO,200709,3.6
CO,200710,3.5
CO,200711,3.8
CO,200712,4.0
CO,200713,3.7
CO,200801,4.6
CO,200802,4.6
CO,200803,4.6
CO,200804,4.2
CO,200805,4.5
CO,200806,4.9
CO,200807,5.0
CO,200808,4.9
CO,200809,4.7
CO,200810,5.0
CO,200811,5.2
CO,200812,5.7
CO,200813,4.8
CO,200901,7.2
CO,200902,7.8
CO,200903,8.0
CO,200904,8.0
CO,200905,8.1
CO,200906,8.5
CO,200907,8.3
CO,200908,7.9
CO,200909,7.7
CO,200910,7.8
CO,200911,7.8
CO,200912,8.5
CO,200913,8.0
CO,201001,9.5
CO,201002,9.6
CO,201003,9.7
CO,201004,9.0
CO,201005,8.9
CO,201006,9.1
CO,201007,9.1
CO,201008,9.0
CO,201009,8.7
CO,201010,8.9
CO,201011,9.3
CO,201012,9.2
CO,201013,9.2
CO,201101,9.5
CO,201102,9.4
CO,201103,9.1
CO,201104,8.5
CO,201105,8.9
CO,201106,8.7
CO,201107,8.6
CO,201108,8.5
CO,201109,8.3
CO,201110,8.2
CO,201111,8.2
CO,201112,8.3
CO,201113,8.7
CO,201201,8.8
CO,201202,8.9
CO,201203,8.6
CO,201204,8.1
CO,201205,8.1
CO,201206,8.4
CO,201207,8.2
CO,201208,7.8
CO,201209,7.2
CO,201210,7.2
CO,201211,7.1
CO,201212,7.2
CO,201213,8.0
CO,201301,7.9
CO,201302,7.8
CO,201303,7.2
CO,201304,6.7
CO,201305,6.8
CO,201306,7.2
CO,201307,6.9
CO,201308,6.5
CO,201309,6.2
CO,201310,6.2
CO,201311,6.0
CO,201312,5.6
CO,201313,6.7
CO,201401,6.3
CO,201402,6.4
CO,201403,6.0
CO,201404,5.5
CO,201405,5.0
CO,201406,5.0
CO,201407,4.9
CO,201408,4.6
CO,201409,4.0
CO,201410,4.0
CO,201411,4.1
CO,201412,3.9
CO,201413,5.0
CO,201501,4.5
CO,201502,4.5
CO,201503,4.2
CO,201504,3.8
CO,201505,3.9
CO,201506,3.9
CO,201507,3.7
CO,201508,3.4
CO,201509,3.1
CO,201510,3.1
CO,201511,3.2
CO,201512,3.2
CO,201513,3.7
CO,201601,3.5
CO,201602,3.7
CO,201603,3.5
CO,201604,3.2
CO,201605,3.1
CO,201606,3.4
CO,201607,3.3
CO,201608,3.1
CO,201609,2.8
CO,201610,2.7
CO,201611,2.6
CO,201612,2.5
CO,201613,3.1
CO,201701,3.0
CO,201702,2.9
CO,201703,2.3
CO,201704,2.2
CO,201705,2.3
CO,201706,2.7
CO,201707,2.7
CO,201708,2.7
CO,201709,2.5
CO,201710,2.6
CO,201711,2.7
CO,201712,2.7
CO,201713,2.6
CO,201801,3.1
CO,201802,3.3
CO,201803,3.0
CO,201804,2.8
CO,201805,2.8
CO,201806,3.3
CO,201807,3.4
CO,201808,3.2
CO,201809,2.9
CO,201810,2.9
CO,201811,2.9
CO,201812,3.0
CO,201813,3.0
CO,201901,3.3
CO,201902,3.1
CO,201903,2.8
CO,201904,2.4
CO,201905,2.4
CO,201906,2.7
CO,201907,2.7
CO,201908,2.6
CO,201909,2.4
CO,201910,2.5
CO,201911,2.5
CO,201912,2.6
CO,201913,2.7
CO,202001,3.1
CO,202002,3.3
CO,202003,3.9
CO,202004,10.9
CO,202005,11.8
CO,202006,11.3
CO,202007,6.8
CO,202008,6.0
CO,202009,6.2
CO,202010,5.9
CO,202011,6.1
CO,202012,6.4
CO,202013,6.8
CO,202101,6.6
CO,202102,6.3
CO,202103,6.2
CO,202104,6.1
CO,202105,5.8
CO,202106,6.3
CO,202107,5.8
CO,202108,5.4
CO,202109,4.8
CO,202110,4.7
CO,202111,4.1
CO,202112,3.9
CO,202113,5.5
CO,202201,4.2
CO,202202,4.0
CO,202203,3.4
CO,202204,2.9
CO,202205,2.8
CO,202206,3.0
CO,202207,3.0
CO,202208,2.9
CO,202209,2.6
CO,202210,2.8
CO,202211,2.9
CO,202212,2.7
CO,202213,3.1
CO,202301,3.2
CO,202302,3.4
CO,202303,3.0
CO,202304,2.7
CO,202305,3.1
CO,202306,3.6
CO,202307,3.4
CO,202308,3.5
CO,202309,3.3
CO,202310,3.4
CO,202311,3.5
CO,202312,3.7
CO,202313,3.3
CO,202401,4.1
CO,202402,4.2
CO,202403,3.8
CO,202404,3.7
CO,202405,3.9
CO,202406,4.4
CO,202407,4.6
CO,202408,4.6
CO,202409,4.3
CO,202410,4.4
CO,202411,4.7
CO,202412,4.5
CO,202413,4.3
CO,202501,5.0
CO,202502,5.2
CO,202503,4.6
CT,197601,10.9
CT,197602,10.8
CT,197603,9.8
CT,197604,9.3
CT,197605,8.8
CT,197606,9.4
CT,197607,9.3
CT,197608,9.0
CT,197609,8.7
CT,197610,8.1
CT,197611,8.2
CT,197612,7.9
CT,197613,9.2
CT,197701,8.8
CT,197702,9.0
CT,197703,8.0
CT,197704,7.1
CT,197705,6.6
CT,197706,7.4
CT,197707,7.0
CT,197708,6.8
CT,197709,6.5
CT,197710,6.0
CT,197711,6.0
CT,197712,5.4
CT,197713,7.0
CT,197801,6.5
CT,197802,6.3
CT,197803,5.7
CT,197804,5.1
CT,197805,4.9
CT,197806,5.3
CT,197807,5.5
CT,197808,5.2
CT,197809,5.1
CT,197810,4.6
CT,197811,4.8
CT,197812,4.9
CT,197813,5.3
CT,197901,5.9
CT,197902,6.0
CT,197903,5.4
CT,197904,5.1
CT,197905,4.8
CT,197906,5.3
CT,197907,5.2
CT,197908,4.9
CT,197909,4.9
CT,197910,4.7
CT,197911,4.7
CT,197912,4.6
CT,197913,5.1
CT,198001,5.9
CT,198002,5.7
CT,198003,5.2
CT,198004,5.2
CT,198005,5.7
CT,198006,6.2
CT,198007,6.4
CT,198008,6.0
CT,198009,5.7
CT,198010,5.6
CT,198011,5.6
CT,198012,5.4
CT,198013,5.7
CT,198101,6.7
CT,198102,6.7
CT,198103,6.0
CT,198104,5.7
CT,198105,5.9
CT,198106,6.4
CT,198107,6.2
CT,198108,6.0
CT,198109,5.9
CT,198110,5.9
CT,198111,6.1
CT,198112,6.2
CT,198113,6.1
CT,198201,7.3
CT,198202,7.4
CT,198203,6.9
CT,198204,6.7
CT,198205,6.7
CT,198206,7.1
CT,198207,7.1
CT,198208,6.5
CT,198209,6.5
CT,198210,6.5
CT,198211,6.7
CT,198212,6.7
CT,198213,6.8
CT,198301,7.7
CT,198302,7.5
CT,198303,6.8
CT,198304,6.3
CT,198305,6.0
CT,198306,6.4
CT,198307,5.9
CT,198308,5.5
CT,198309,5.3
CT,198310,5.0
CT,198311,4.9
CT,198312,4.8
CT,198313,6.0
CT,198401,5.7
CT,198402,5.5
CT,198403,4.9
CT,198404,4.6
CT,198405,4.4
CT,198406,4.6
CT,198407,4.7
CT,198408,4.5
CT,198409,4.3
CT,198410,4.1
CT,198411,4.2
CT,198412,4.2
CT,198413,4.6
CT,198501,5.3
CT,198502,5.2
CT,198503,4.7
CT,198504,4.5
CT,198505,4.5
CT,198506,4.9
CT,198507,4.9
CT,198508,4.3
CT,198509,4.1
CT,198510,3.8
CT,198511,3.7
CT,198512,3.6
CT,198513,4.5
CT,198601,4.3
CT,198602,4.5
CT,198603,4.0
CT,198604,3.7
CT,198605,3.7
CT,198606,4.0
CT,198607,3.9
CT,198608,3.5
CT,198609,3.5
CT,198610,3.3
CT,198611,3.3
CT,198612,3.1
CT,198613,3.7
CT,198701,4.1
CT,198702,4.1
CT,198703,3.6
CT,198704,3.2
CT,198705,3.1
CT,198706,3.3
CT,198707,3.3
CT,198708,2.9
CT,198709,2.7
CT,198710,2.7
CT,198711,2.6
CT,198712,2.4
CT,198713,3.2
CT,198801,3.5
CT,198802,3.4
CT,198803,2.9
CT,198804,2.6
CT,198805,2.7
CT,198806,3.1
CT,198807,3.2
CT,198808,3.0
CT,198809,2.7
CT,198810,2.6
CT,198811,2.7
CT,198812,2.6
CT,198813,2.9
CT,198901,3.7
CT,198902,3.6
CT,198903,3.2
CT,198904,3.2
CT,198905,3.3
CT,198906,3.8
CT,198907,3.9
CT,198908,3.7
CT,198909,3.7
CT,198910,3.7
CT,198911,3.9
CT,198912,3.9
CT,198913,3.6
CT,199001,5.0
CT,199002,5.1
CT,199003,4.8
CT,199004,4.7
CT,199005,4.7
CT,199006,4.8
CT,199007,5.1
CT,199008,5.0
CT,199009,4.9
CT,199010,4.8
CT,199011,5.1
CT,199012,5.1
CT,199013,4.9
CT,199101,6.3
CT,199102,6.7
CT,199103,6.4
CT,199104,6.0
CT,199105,6.4
CT,199106,6.7
CT,199107,6.8
CT,199108,6.6
CT,199109,6.5
CT,199110,6.4
CT,199111,6.6
CT,199112,6.6
CT,199113,6.5
CT,199201,7.9
CT,199202,8.1
CT,199203,7.5
CT,199204,7.1
CT,199205,7.2
CT,199206,7.6
CT,199207,7.6
CT,199208,7.2
CT,199209,7.1
CT,199210,6.7
CT,199211,6.9
CT,199212,6.8
CT,199213,7.3
CT,199301,7.8
CT,199302,7.7
CT,199303,7.1
CT,199304,6.8
CT,199305,6.6
CT,199306,6.7
CT,199307,6.6
CT,199308,6.2
CT,199309,5.8
CT,199310,5.6
CT,199311,5.5
CT,199312,5.2
CT,199313,6.5
CT,199401,6.5
CT,199402,6.4
CT,199403,6.0
CT,199404,5.5
CT,199405,5.4
CT,199406,5.7
CT,199407,5.8
CT,199408,5.6
CT,199409,5.2
CT,199410,5.0
CT,199411,5.1
CT,199412,4.8
CT,199413,5.6
CT,199501,6.1
CT,199502,5.9
CT,199503,5.5
CT,199504,5.3
CT,199505,5.3
CT,199506,5.5
CT,199507,5.7
CT,199508,5.3
CT,199509,5.0
CT,199510,4.7
CT,199511,4.8
CT,199512,4.6
CT,199513,5.3
CT,199601,6.0
CT,199602,5.8
CT,199603,5.5
CT,199604,5.1
CT,199605,5.3
CT,199606,5.2
CT,199607,5.5
CT,199608,5.0
CT,199609,4.9
CT,199610,4.8
CT,199611,5.0
CT,199612,4.8
CT,199613,5.2
CT,199701,6.0
CT,199702,5.8
CT,199703,5.4
CT,199704,4.9
CT,199705,4.9
CT,199706,5.0
CT,199707,4.9
CT,199708,4.5
CT,199709,4.2
CT,199710,3.8
CT,199711,3.7
CT,199712,3.4
CT,199713,4.7
CT,199801,4.4
CT,199802,4.3
CT,199803,4.0
CT,199804,3.1
CT,199805,3.3
CT,199806,3.4
CT,199807,3.4
CT,199808,3.0
CT,199809,2.8
CT,199810,2.6
CT,199811,2.5
CT,199812,2.1
CT,199813,3.2
CT,199901,3.2
CT,199902,3.2
CT,199903,2.8
CT,199904,2.5
CT,199905,2.5
CT,199906,2.7
CT,199907,2.7
CT,199908,2.3
CT,199909,2.2
CT,199910,2.1
CT,199911,2.1
CT,199912,1.8
CT,199913,2.5
CT,200001,2.8
CT,200002,2.9
CT,200003,2.4
CT,200004,1.9
CT,200005,2.1
CT,200006,2.2
CT,200007,2.4
CT,200008,2.1
CT,200009,1.8
CT,200010,1.6
CT,200011,1.7
CT,200012,1.6
CT,200013,2.1
CT,200101,2.9
CT,200102,3.0
CT,200103,2.9
CT,200104,2.5
CT,200105,2.7
CT,200106,3.0
CT,200107,3.3
CT,200108,3.2
CT,200109,2.8
CT,200110,2.9
CT,200111,3.0
CT,200112,2.9
CT,200113,2.9
CT,200201,4.2
CT,200202,4.2
CT,200203,4.0
CT,200204,3.9
CT,200205,4.0
CT,200206,4.4
CT,200207,4.7
CT,200208,4.6
CT,200209,4.4
CT,200210,4.4
CT,200211,4.7
CT,200212,4.7
CT,200213,4.4
CT,200301,5.8
CT,200302,5.9
CT,200303,5.7
CT,200304,5.3
CT,200305,5.4
CT,200306,5.8
CT,200307,5.8
CT,200308,5.6
CT,200309,5.3
CT,200310,5.1
CT,200311,5.1
CT,200312,4.7
CT,200313,5.4
CT,200401,5.8
CT,200402,5.7
CT,200403,5.6
CT,200404,4.8
CT,200405,5.1
CT,200406,5.2
CT,200407,5.3
CT,200408,5.0
CT,200409,4.6
CT,200410,4.5
CT,200411,4.6
CT,200412,4.3
CT,200413,5.0
CT,200501,5.5
CT,200502,5.6
CT,200503,5.2
CT,200504,4.7
CT,200505,4.9
CT,200506,5.0
CT,200507,5.1
CT,200508,4.7
CT,200509,4.6
CT,200510,4.4
CT,200511,4.5
CT,200512,4.1
CT,200513,4.9
CT,200601,5.0
CT,200602,5.1
CT,200603,4.6
CT,200604,4.1
CT,200605,4.3
CT,200606,4.4
CT,200607,4.8
CT,200608,4.5
CT,200609,4.2
CT,200610,3.9
CT,200611,4.1
CT,200612,3.9
CT,200613,4.4
CT,200701,5.0
CT,200702,5.0
CT,200703,4.5
CT,200704,4.1
CT,200705,4.4
CT,200706,4.5
CT,200707,4.8
CT,200708,4.5
CT,200709,4.4
CT,200710,4.3
CT,200711,4.4
CT,200712,4.5
CT,200713,4.5
CT,200801,5.5
CT,200802,5.4
CT,200803,5.3
CT,200804,4.6
CT,200805,5.4
CT,200806,5.5
CT,200807,6.0
CT,200808,6.0
CT,200809,5.7
CT,200810,5.8
CT,200811,5.9
CT,200812,6.3
CT,200813,5.6
CT,200901,7.7
CT,200902,8.1
CT,200903,8.0
CT,200904,7.6
CT,200905,8.0
CT,200906,8.2
CT,200907,8.6
CT,200908,8.6
CT,200909,8.5
CT,200910,8.5
CT,200911,8.4
CT,200912,8.7
CT,200913,8.3
CT,201001,10.1
CT,201002,10.2
CT,201003,9.9
CT,201004,9.3
CT,201005,9.4
CT,201006,9.3
CT,201007,9.7
CT,201008,9.6
CT,201009,9.2
CT,201010,9.2
CT,201011,9.3
CT,201012,9.1
CT,201013,9.5
CT,201101,10.1
CT,201102,10.0
CT,201103,9.5
CT,201104,8.8
CT,201105,9.1
CT,201106,9.2
CT,201107,9.3
CT,201108,9.1
CT,201109,8.7
CT,201110,8.5
CT,201111,8.0
CT,201112,7.9
CT,201113,9.0
CT,201201,8.9
CT,201202,8.9
CT,201203,8.5
CT,201204,7.9
CT,201205,8.3
CT,201206,8.5
CT,201207,9.0
CT,201208,8.8
CT,201209,8.1
CT,201210,8.1
CT,201211,7.8
CT,201212,7.8
CT,201213,8.4
CT,201301,9.0
CT,201302,8.8
CT,201303,8.3
CT,201304,7.7
CT,201305,8.1
CT,201306,8.2
CT,201307,8.4
CT,201308,8.0
CT,201309,7.6
CT,201310,7.6
CT,201311,7.0
CT,201312,6.7
CT,201313,7.9
CT,201401,7.6
CT,201402,7.7
CT,201403,7.4
CT,201404,6.3
CT,201405,6.6
CT,201406,6.5
CT,201407,7.1
CT,201408,6.8
CT,201409,6.2
CT,201410,6.0
CT,201411,5.8
CT,201412,5.4
CT,201413,6.6
CT,201501,6.5
CT,201502,6.4
CT,201503,6.0
CT,201504,5.4
CT,201505,5.7
CT,201506,5.6
CT,201507,5.9
CT,201508,5.6
CT,201509,5.2
CT,201510,5.2
CT,201511,5.0
CT,201512,4.9
CT,201513,5.6
CT,201601,5.7
CT,201602,5.7
CT,201603,5.4
CT,201604,4.8
CT,201605,4.8
CT,201606,5.0
CT,201607,5.1
CT,201608,4.9
CT,201609,4.5
CT,201610,4.4
CT,201611,3.9
CT,201612,4.0
CT,201613,4.9
CT,201701,5.2
CT,201702,5.2
CT,201703,4.7
CT,201704,4.3
CT,201705,4.4
CT,201706,4.4
CT,201707,4.7
CT,201708,4.5
CT,201709,4.0
CT,201710,4.0
CT,201711,3.8
CT,201712,3.7
CT,201713,4.4
CT,201801,4.8
CT,201802,4.8
CT,201803,4.3
CT,201804,3.8
CT,201805,3.8
CT,201806,4.0
CT,201807,4.2
CT,201808,3.9
CT,201809,3.4
CT,201810,3.4
CT,201811,3.0
CT,201812,3.2
CT,201813,3.9
CT,201901,4.4
CT,201902,4.1
CT,201903,3.9
CT,201904,3.1
CT,201905,3.5
CT,201906,3.5
CT,201907,3.9
CT,201908,3.7
CT,201909,3.3
CT,201910,3.3
CT,201911,3.1
CT,201912,3.1
CT,201913,3.6
CT,202001,4.3
CT,202002,4.2
CT,202003,4.7
CT,202004,7.8
CT,202005,12.1
CT,202006,11.4
CT,202007,12.1
CT,202008,9.4
CT,202009,8.5
CT,202010,7.4
CT,202011,7.0
CT,202012,6.9
CT,202013,8.0
CT,202101,7.8
CT,202102,7.9
CT,202103,7.4
CT,202104,7.0
CT,202105,7.0
CT,202106,7.1
CT,202107,7.0
CT,202108,6.4
CT,202109,5.6
CT,202110,5.4
CT,202111,4.7
CT,202112,4.4
CT,202113,6.5
CT,202201,5.4
CT,202202,5.2
CT,202203,4.5
CT,202204,4.0
CT,202205,4.2
CT,202206,4.1
CT,202207,4.2
CT,202208,4.0
CT,202209,3.4
CT,202210,3.5
CT,202211,3.2
CT,202212,2.9
CT,202213,4.1
CT,202301,3.9
CT,202302,4.0
CT,202303,3.4
CT,202304,2.6
CT,202305,3.1
CT,202306,3.1
CT,202307,3.3
CT,202308,3.3
CT,202309,2.9
CT,202310,3.1
CT,202311,2.9
CT,202312,2.9
CT,202313,3.2
CT,202401,3.7
CT,202402,3.8
CT,202403,3.3
CT,202404,2.7
CT,202405,3.1
CT,202406,3.0
CT,202407,3.6
CT,202408,3.4
CT,202409,2.8
CT,202410,2.9
CT,202411,2.9
CT,202412,2.7
CT,202413,3.2
CT,202501,4.0
CT,202502,4.5
CT,202503,4.1
DE,197601,8.8
DE,197602,8.6
DE,197603,8.3
DE,197604,8.0
DE,197605,7.6
DE,197606,9.1
DE,197607,9.0
DE,197608,9.2
DE,197609,9.2
DE,197610,8.9
DE,197611,8.7
DE,197612,8.7
DE,197613,8.7
DE,197701,10.1
DE,197702,10.6
DE,197703,9.5
DE,197704,8.3
DE,197705,7.4
DE,197706,8.7
DE,197707,7.8
DE,197708,7.7
DE,197709,7.6
DE,197710,7.2
DE,197711,6.8
DE,197712,6.4
DE,197713,8.2
DE,197801,7.8
DE,197802,8.1
DE,197803,7.8
DE,197804,6.7
DE,197805,6.2
DE,197806,7.3
DE,197807,7.4
DE,197808,7.1
DE,197809,6.9
DE,197810,6.5
DE,197811,6.3
DE,197812,6.5
DE,197813,7.1
DE,197901,7.7
DE,197902,7.8
DE,197903,7.5
DE,197904,6.8
DE,197905,6.0
DE,197906,7.0
DE,197907,6.7
DE,197908,6.9
DE,197909,6.7
DE,197910,6.7
DE,197911,6.2
DE,197912,6.3
DE,197913,6.9
DE,198001,7.8
DE,198002,7.4
DE,198003,7.0
DE,198004,7.3
DE,198005,7.1
DE,198006,8.3
DE,198007,8.1
DE,198008,8.2
DE,198009,7.8
DE,198010,7.6
DE,198011,7.0
DE,198012,6.8
DE,198013,7.5
DE,198101,8.5
DE,198102,8.6
DE,198103,8.1
DE,198104,7.4
DE,198105,7.1
DE,198106,7.9
DE,198107,7.6
DE,198108,7.7
DE,198109,7.7
DE,198110,7.8
DE,198111,7.9
DE,198112,8.0
DE,198113,7.8
DE,198201,9.5
DE,198202,9.5
DE,198203,8.8
DE,198204,8.4
DE,198205,7.8
DE,198206,8.7
DE,198207,8.4
DE,198208,8.4
DE,198209,8.1
DE,198210,8.0
DE,198211,7.9
DE,198212,7.9
DE,198213,8.4
DE,198301,9.0
DE,198302,8.9
DE,198303,8.6
DE,198304,8.0
DE,198305,7.6
DE,198306,8.5
DE,198307,7.7
DE,198308,7.5
DE,198309,7.4
DE,198310,7.1
DE,198311,6.3
DE,198312,6.2
DE,198313,7.7
DE,198401,7.1
DE,198402,6.8
DE,198403,6.4
DE,198404,6.0
DE,198405,5.6
DE,198406,6.6
DE,198407,6.5
DE,198408,6.2
DE,198409,5.9
DE,198410,5.7
DE,198411,5.0
DE,198412,5.1
DE,198413,6.1
DE,198501,6.3
DE,198502,6.2
DE,198503,5.8
DE,198504,5.5
DE,198505,4.9
DE,198506,5.6
DE,198507,5.3
DE,198508,5.1
DE,198509,4.5
DE,198510,4.2
DE,198511,3.7
DE,198512,3.8
DE,198513,5.1
DE,198601,4.9
DE,198602,5.5
DE,198603,5.2
DE,198604,5.0
DE,198605,4.6
DE,198606,5.2
DE,198607,4.8
DE,198608,4.2
DE,198609,3.8
DE,198610,3.4
DE,198611,2.9
DE,198612,2.7
DE,198613,4.3
DE,198701,3.8
DE,198702,3.6
DE,198703,3.5
DE,198704,3.1
DE,198705,2.8
DE,198706,3.3
DE,198707,3.3
DE,198708,2.9
DE,198709,2.6
DE,198710,2.6
DE,198711,2.4
DE,198712,2.5
DE,198713,3.0
DE,198801,3.7
DE,198802,3.6
DE,198803,3.2
DE,198804,2.7
DE,198805,2.4
DE,198806,3.2
DE,198807,3.2
DE,198808,3.3
DE,198809,3.0
DE,198810,2.8
DE,198811,2.4
DE,198812,2.5
DE,198813,3.0
DE,198901,3.7
DE,198902,3.4
DE,198903,3.1
DE,198904,3.0
DE,198905,2.8
DE,198906,3.8
DE,198907,3.8
DE,198908,3.4
DE,198909,3.3
DE,198910,3.3
DE,198911,2.8
DE,198912,2.9
DE,198913,3.3
DE,199001,4.4
DE,199002,4.1
DE,199003,3.6
DE,199004,3.4
DE,199005,3.1
DE,199006,3.6
DE,199007,3.9
DE,199008,4.0
DE,199009,5.1
DE,199010,5.4
DE,199011,5.8
DE,199012,6.0
DE,199013,4.4
DE,199101,7.0
DE,199102,7.3
DE,199103,6.8
DE,199104,6.4
DE,199105,5.8
DE,199106,6.1
DE,199107,5.8
DE,199108,5.8
DE,199109,5.4
DE,199110,5.2
DE,199111,4.9
DE,199112,5.2
DE,199113,6.0
DE,199201,6.5
DE,199202,6.3
DE,199203,6.0
DE,199204,5.5
DE,199205,5.2
DE,199206,6.0
DE,199207,5.6
DE,199208,5.4
DE,199209,5.2
DE,199210,5.1
DE,199211,4.5
DE,199212,4.5
DE,199213,5.5
DE,199301,5.6
DE,199302,5.5
DE,199303,5.2
DE,199304,4.8
DE,199305,4.4
DE,199306,5.2
DE,199307,5.1
DE,199308,5.0
DE,199309,4.9
DE,199310,4.9
DE,199311,4.5
DE,199312,4.7
DE,199313,5.0
DE,199401,6.1
DE,199402,6.0
DE,199403,5.7
DE,199404,5.3
DE,199405,4.5
DE,199406,5.0
DE,199407,4.9
DE,199408,4.6
DE,199409,4.2
DE,199410,4.0
DE,199411,3.6
DE,199412,3.5
DE,199413,4.8
DE,199501,4.7
DE,199502,4.4
DE,199503,4.2
DE,199504,4.3
DE,199505,3.9
DE,199506,4.7
DE,199507,4.5
DE,199508,4.4
DE,199509,4.4
DE,199510,4.4
DE,199511,4.3
DE,199512,4.5
DE,199513,4.4
DE,199601,5.9
DE,199602,5.7
DE,199603,5.6
DE,199604,5.1
DE,199605,4.7
DE,199606,5.1
DE,199607,5.4
DE,199608,5.3
DE,199609,5.2
DE,199610,5.1
DE,199611,4.9
DE,199612,4.8
DE,199613,5.2
DE,199701,5.8
DE,199702,5.4
DE,199703,5.0
DE,199704,4.4
DE,199705,3.8
DE,199706,4.4
DE,199707,4.0
DE,199708,3.8
DE,199709,3.4
DE,199710,3.1
DE,199711,2.5
DE,199712,2.9
DE,199713,4.1
DE,199801,4.1
DE,199802,4.0
DE,199803,3.9
DE,199804,3.4
DE,199805,3.2
DE,199806,3.9
DE,199807,3.9
DE,199808,3.6
DE,199809,3.3
DE,199810,3.2
DE,199811,2.8
DE,199812,2.6
DE,199813,3.5
DE,199901,3.7
DE,199902,3.7
DE,199903,3.4
DE,199904,3.2
DE,199905,2.8
DE,199906,3.5
DE,199907,3.5
DE,199908,3.3
DE,199909,3.1
DE,199910,3.1
DE,199911,2.8
DE,199912,2.8
DE,199913,3.2
DE,200001,3.8
DE,200002,3.8
DE,200003,3.6
DE,200004,3.3
DE,200005,3.2
DE,200006,3.7
DE,200007,3.7
DE,200008,3.7
DE,200009,3.3
DE,200010,3.1
DE,200011,3.0
DE,200012,3.2
DE,200013,3.4
DE,200101,4.3
DE,200102,4.0
DE,200103,3.7
DE,200104,3.3
DE,200105,2.8
DE,200106,3.5
DE,200107,3.3
DE,200108,3.5
DE,200109,3.2
DE,200110,3.3
DE,200111,3.2
DE,200112,3.5
DE,200113,3.5
DE,200201,4.7
DE,200202,4.5
DE,200203,4.5
DE,200204,4.4
DE,200205,3.8
DE,200206,4.4
DE,200207,4.1
DE,200208,4.0
DE,200209,3.7
DE,200210,3.6
DE,200211,3.6
DE,200212,3.7
DE,200213,4.1
DE,200301,4.8
DE,200302,4.9
DE,200303,4.8
DE,200304,4.4
DE,200305,3.9
DE,200306,4.7
DE,200307,4.5
DE,200308,4.5
DE,200309,4.0
DE,200310,3.7
DE,200311,3.5
DE,200312,3.5
DE,200313,4.3
DE,200401,4.4
DE,200402,4.3
DE,200403,4.3
DE,200404,3.9
DE,200405,3.5
DE,200406,4.3
DE,200407,4.2
DE,200408,4.1
DE,200409,3.9
DE,200410,3.8
DE,200411,3.6
DE,200412,3.8
DE,200413,4.0
DE,200501,4.7
DE,200502,4.6
DE,200503,4.3
DE,200504,3.9
DE,200505,3.8
DE,200506,4.5
DE,200507,4.3
DE,200508,4.1
DE,200509,4.0
DE,200510,3.9
DE,200511,3.7
DE,200512,3.7
DE,200513,4.1
DE,200601,4.2
DE,200602,4.2
DE,200603,3.8
DE,200604,3.6
DE,200605,3.3
DE,200606,3.8
DE,200607,3.8
DE,200608,3.7
DE,200609,3.4
DE,200610,3.1
DE,200611,2.9
DE,200612,2.9
DE,200613,3.6
DE,200701,3.8
DE,200702,3.8
DE,200703,3.6
DE,200704,3.4
DE,200705,2.9
DE,200706,3.5
DE,200707,3.5
DE,200708,3.3
DE,200709,3.1
DE,200710,3.3
DE,200711,3.1
DE,200712,3.4
DE,200713,3.4
DE,200801,4.3
DE,200802,4.2
DE,200803,4.1
DE,200804,3.8
DE,200805,4.0
DE,200806,4.7
DE,200807,5.0
DE,200808,5.4
DE,200809,5.2
DE,200810,5.5
DE,200811,5.5
DE,200812,6.2
DE,200813,4.8
DE,200901,7.8
DE,200902,8.2
DE,200903,8.2
DE,200904,7.8
DE,200905,7.9
DE,200906,8.6
DE,200907,8.4
DE,200908,8.3
DE,200909,8.2
DE,200910,8.3
DE,200911,8.0
DE,200912,8.4
DE,200913,8.2
DE,201001,9.4
DE,201002,9.4
DE,201003,9.0
DE,201004,8.3
DE,201005,7.9
DE,201006,8.4
DE,201007,8.4
DE,201008,8.3
DE,201009,7.9
DE,201010,7.7
DE,201011,7.6
DE,201012,7.5
DE,201013,8.3
DE,201101,8.3
DE,201102,8.1
DE,201103,7.7
DE,201104,7.2
DE,201105,7.0
DE,201106,7.8
DE,201107,7.7
DE,201108,7.6
DE,201109,7.3
DE,201110,7.1
DE,201111,6.6
DE,201112,6.7
DE,201113,7.4
DE,201201,7.4
DE,201202,7.4
DE,201203,7.2
DE,201204,6.7
DE,201205,6.6
DE,201206,7.3
DE,201207,7.4
DE,201208,7.3
DE,201209,6.7
DE,201210,6.7
DE,201211,6.2
DE,201212,6.6
DE,201213,7.0
DE,201301,7.6
DE,201302,7.3
DE,201303,6.9
DE,201304,6.4
DE,201305,6.3
DE,201306,7.0
DE,201307,6.8
DE,201308,6.6
DE,201309,6.2
DE,201310,6.1
DE,201311,5.6
DE,201312,5.6
DE,201313,6.5
DE,201401,6.4
DE,201402,6.4
DE,201403,6.3
DE,201404,5.5
DE,201405,5.5
DE,201406,5.9
DE,201407,6.0
DE,201408,5.9
DE,201409,5.3
DE,201410,5.1
DE,201411,4.6
DE,201412,4.5
DE,201413,5.6
DE,201501,5.5
DE,201502,5.3
DE,201503,5.0
DE,201504,4.7
DE,201505,4.7
DE,201506,5.1
DE,201507,5.1
DE,201508,4.9
DE,201509,4.6
DE,201510,4.6
DE,201511,4.2
DE,201512,4.2
DE,201513,4.8
DE,201601,4.9
DE,201602,4.7
DE,201603,4.7
DE,201604,4.3
DE,201605,4.1
DE,201606,4.8
DE,201607,4.8
DE,201608,4.7
DE,201609,4.5
DE,201610,4.5
DE,201611,4.0
DE,201612,4.2
DE,201613,4.5
DE,201701,5.1
DE,201702,5.0
DE,201703,4.7
DE,201704,4.3
DE,201705,4.1
DE,201706,4.7
DE,201707,4.7
DE,201708,4.7
DE,201709,4.1
DE,201710,4.0
DE,201711,3.8
DE,201712,3.8
DE,201713,4.4
DE,201801,4.5
DE,201802,4.3
DE,201803,4.1
DE,201804,3.7
DE,201805,3.3
DE,201806,4.1
DE,201807,3.9
DE,201808,3.8
DE,201809,3.3
DE,201810,3.2
DE,201811,2.9
DE,201812,3.1
DE,201813,3.7
DE,201901,4.1
DE,201902,3.8
DE,201903,3.7
DE,201904,3.3
DE,201905,3.2
DE,201906,3.8
DE,201907,4.0
DE,201908,4.0
DE,201909,3.4
DE,201910,3.4
DE,201911,3.1
DE,201912,3.1
DE,201913,3.6
DE,202001,3.9
DE,202002,3.6
DE,202003,5.6
DE,202004,12.7
DE,202005,13.4
DE,202006,12.9
DE,202007,8.0
DE,202008,7.4
DE,202009,7.7
DE,202010,4.8
DE,202011,4.7
DE,202012,5.2
DE,202013,7.5
DE,202101,6.2
DE,202102,6.2
DE,202103,6.1
DE,202104,5.9
DE,202105,5.4
DE,202106,6.2
DE,202107,5.9
DE,202108,5.6
DE,202109,4.9
DE,202110,4.7
DE,202111,4.2
DE,202112,4.0
DE,202113,5.4
DE,202201,5.1
DE,202202,4.7
DE,202203,4.4
DE,202204,4.1
DE,202205,3.9
DE,202206,4.5
DE,202207,4.3
DE,202208,4.4
DE,202209,3.8
DE,202210,4.0
DE,202211,3.7
DE,202212,3.5
DE,202213,4.2
DE,202301,4.2
DE,202302,4.2
DE,202303,4.0
DE,202304,3.5
DE,202305,3.6
DE,202306,4.1
DE,202307,3.9
DE,202308,4.2
DE,202309,3.7
DE,202310,3.8
DE,202311,3.4
DE,202312,3.4
DE,202313,3.8
DE,202401,4.0
DE,202402,4.0
DE,202403,3.8
DE,202404,3.5
DE,202405,3.4
DE,202406,4.1
DE,202407,4.2
DE,202408,4.1
DE,202409,3.4
DE,202410,3.4
DE,202411,3.2
DE,202412,3.1
DE,202413,3.7
DE,202501,4.0
DE,202502,4.1
DE,202503,4.1
DC,197601,9.4
DC,197602,9.4
DC,197603,8.7
DC,197604,7.9
DC,197605,7.8
DC,197606,8.9
DC,197607,8.8
DC,197608,8.5
DC,197609,8.8
DC,197610,8.7
DC,197611,8.8
DC,197612,8.6
DC,197613,8.7
DC,197701,8.9
DC,197702,9.2
DC,197703,8.9
DC,197704,7.9
DC,197705,7.9
DC,197706,9.3
DC,197707,8.8
DC,197708,8.7
DC,197709,8.8
DC,197710,8.3
DC,197711,8.3
DC,197712,7.7
DC,197713,8.6
DC,197801,8.2
DC,197802,8.3
DC,197803,8.0
DC,197804,7.3
DC,197805,7.4
DC,197806,8.1
DC,197807,8.2
DC,197808,7.5
DC,197809,7.7
DC,197810,7.2
DC,197811,7.3
DC,197812,7.4
DC,197813,7.7
DC,197901,7.8
DC,197902,7.7
DC,197903,7.4
DC,197904,6.6
DC,197905,6.5
DC,197906,7.2
DC,197907,6.8
DC,197908,6.6
DC,197909,6.5
DC,197910,6.4
DC,197911,6.2
DC,197912,5.9
DC,197913,6.8
DC,198001,6.7
DC,198002,6.7
DC,198003,6.6
DC,198004,6.4
DC,198005,7.1
DC,198006,7.9
DC,198007,7.8
DC,198008,7.7
DC,198009,8.0
DC,198010,8.0
DC,198011,8.0
DC,198012,7.6
DC,198013,7.4
DC,198101,8.6
DC,198102,8.6
DC,198103,8.4
DC,198104,7.7
DC,198105,8.3
DC,198106,9.3
DC,198107,8.9
DC,198108,8.8
DC,198109,9.1
DC,198110,9.0
DC,198111,9.1
DC,198112,9.2
DC,198113,8.7
DC,198201,9.7
DC,198202,10.2
DC,198203,10.1
DC,198204,9.7
DC,198205,10.0
DC,198206,10.8
DC,198207,10.5
DC,198208,10.3
DC,198209,10.6
DC,198210,10.7
DC,198211,10.8
DC,198212,10.9
DC,198213,10.4
DC,198301,11.5
DC,198302,11.5
DC,198303,11.2
DC,198304,10.6
DC,198305,10.9
DC,198306,11.5
DC,198307,10.9
DC,198308,10.9
DC,198309,10.8
DC,198310,10.4
DC,198311,10.0
DC,198312,9.8
DC,198313,10.8
DC,198401,10.2
DC,198402,9.8
DC,198403,9.3
DC,198404,8.7
DC,198405,8.7
DC,198406,8.9
DC,198407,8.9
DC,198408,8.6
DC,198409,8.8
DC,198410,8.4
DC,198411,7.9
DC,198412,7.8
DC,198413,8.8
DC,198501,8.6
DC,198502,8.5
DC,198503,8.3
DC,198504,8.0
DC,198505,8.1
DC,198506,8.6
DC,198507,8.4
DC,198508,7.9
DC,198509,8.0
DC,198510,7.6
DC,198511,7.1
DC,198512,6.8
DC,198513,8.0
DC,198601,7.1
DC,198602,7.6
DC,198603,7.4
DC,198604,7.0
DC,198605,7.4
DC,198606,7.9
DC,198607,7.6
DC,198608,7.2
DC,198609,7.6
DC,198610,7.3
DC,198611,7.2
DC,198612,6.7
DC,198613,7.3
DC,198701,7.3
DC,198702,7.2
DC,198703,6.7
DC,198704,6.0
DC,198705,6.2
DC,198706,6.6
DC,198707,6.3
DC,198708,5.9
DC,198709,6.1
DC,198710,5.7
DC,198711,5.4
DC,198712,5.0
DC,198713,6.2
DC,198801,5.6
DC,198802,5.6
DC,198803,5.3
DC,198804,4.8
DC,198805,5.0
DC,198806,5.3
DC,198807,5.1
DC,198808,4.9
DC,198809,5.0
DC,198810,4.7
DC,198811,4.4
DC,198812,4.3
DC,198813,5.0
DC,198901,5.1
DC,198902,5.0
DC,198903,4.4
DC,198904,4.4
DC,198905,4.6
DC,198906,5.3
DC,198907,5.0
DC,198908,4.8
DC,198909,4.9
DC,198910,4.7
DC,198911,4.8
DC,198912,4.8
DC,198913,4.8
DC,199001,5.5
DC,199002,5.7
DC,199003,5.4
DC,199004,5.3
DC,199005,5.6
DC,199006,6.2
DC,199007,6.3
DC,199008,6.3
DC,199009,6.6
DC,199010,6.3
DC,199011,6.6
DC,199012,6.5
DC,199013,6.0
DC,199101,7.2
DC,199102,7.4
DC,199103,7.2
DC,199104,6.8
DC,199105,7.6
DC,199106,8.1
DC,199107,8.0
DC,199108,7.9
DC,199109,8.0
DC,199110,7.9
DC,199111,7.9
DC,199112,8.0
DC,199113,7.7
DC,199201,8.8
DC,199202,8.9
DC,199203,8.5
DC,199204,7.7
DC,199205,8.3
DC,199206,9.1
DC,199207,8.9
DC,199208,8.7
DC,199209,8.8
DC,199210,8.3
DC,199211,8.6
DC,199212,8.2
DC,199213,8.6
DC,199301,9.1
DC,199302,8.9
DC,199303,8.4
DC,199304,7.8
DC,199305,8.0
DC,199306,8.8
DC,199307,8.7
DC,199308,8.5
DC,199309,8.3
DC,199310,8.2
DC,199311,7.9
DC,199312,7.6
DC,199313,8.4
DC,199401,8.8
DC,199402,8.7
DC,199403,8.4
DC,199404,7.4
DC,199405,7.5
DC,199406,8.2
DC,199407,8.3
DC,199408,8.0
DC,199409,7.8
DC,199410,7.5
DC,199411,7.4
DC,199412,7.2
DC,199413,7.9
DC,199501,8.6
DC,199502,8.2
DC,199503,8.1
DC,199504,8.2
DC,199505,8.4
DC,199506,9.1
DC,199507,9.2
DC,199508,9.0
DC,199509,9.0
DC,199510,8.5
DC,199511,8.5
DC,199512,8.2
DC,199513,8.6
DC,199601,9.0
DC,199602,8.7
DC,199603,8.7
DC,199604,8.1
DC,199605,8.6
DC,199606,8.7
DC,199607,9.0
DC,199608,8.4
DC,199609,8.3
DC,199610,8.0
DC,199611,7.9
DC,199612,7.7
DC,199613,8.4
DC,199701,8.4
DC,199702,8.3
DC,199703,8.1
DC,199704,7.3
DC,199705,7.5
DC,199706,8.5
DC,199707,8.5
DC,199708,8.4
DC,199709,8.6
DC,199710,8.2
DC,199711,7.9
DC,199712,8.0
DC,199713,8.1
DC,199801,9.0
DC,199802,9.0
DC,199803,9.0
DC,199804,7.5
DC,199805,7.9
DC,199806,8.8
DC,199807,8.7
DC,199808,8.4
DC,199809,8.4
DC,199810,8.0
DC,199811,7.5
DC,199812,6.8
DC,199813,8.3
DC,199901,7.5
DC,199902,7.5
DC,199903,6.9
DC,199904,6.4
DC,199905,6.3
DC,199906,6.9
DC,199907,6.9
DC,199908,6.6
DC,199909,6.5
DC,199910,5.9
DC,199911,5.7
DC,199912,5.4
DC,199913,6.5
DC,200001,6.0
DC,200002,6.0
DC,200003,5.8
DC,200004,4.9
DC,200005,5.4
DC,200006,5.8
DC,200007,6.0
DC,200008,6.0
DC,200009,5.8
DC,200010,5.6
DC,200011,5.5
DC,200012,5.4
DC,200013,5.7
DC,200101,6.2
DC,200102,6.1
DC,200103,6.1
DC,200104,5.5
DC,200105,5.6
DC,200106,6.6
DC,200107,6.4
DC,200108,6.8
DC,200109,6.6
DC,200110,6.7
DC,200111,6.7
DC,200112,6.3
DC,200113,6.3
DC,200201,7.1
DC,200202,7.0
DC,200203,6.8
DC,200204,6.1
DC,200205,6.3
DC,200206,7.0
DC,200207,6.9
DC,200208,6.7
DC,200209,6.4
DC,200210,6.3
DC,200211,6.4
DC,200212,6.3
DC,200213,6.6
DC,200301,6.9
DC,200302,7.0
DC,200303,6.6
DC,200304,6.2
DC,200305,6.4
DC,200306,7.6
DC,200307,7.3
DC,200308,7.2
DC,200309,6.8
DC,200310,6.7
DC,200311,6.7
DC,200312,6.4
DC,200313,6.8
DC,200401,7.2
DC,200402,7.2
DC,200403,7.4
DC,200404,6.8
DC,200405,7.1
DC,200406,8.1
DC,200407,8.2
DC,200408,7.9
DC,200409,7.7
DC,200410,7.7
DC,200411,7.6
DC,200412,7.4
DC,200413,7.5
DC,200501,7.5
DC,200502,7.5
DC,200503,7.0
DC,200504,6.3
DC,200505,6.5
DC,200506,6.9
DC,200507,6.5
DC,200508,6.1
DC,200509,6.1
DC,200510,5.8
DC,200511,5.8
DC,200512,5.5
DC,200513,6.5
DC,200601,5.8
DC,200602,5.9
DC,200603,5.7
DC,200604,5.4
DC,200605,5.5
DC,200606,6.1
DC,200607,6.4
DC,200608,6.2
DC,200609,6.0
DC,200610,5.5
DC,200611,5.6
DC,200612,5.5
DC,200613,5.8
DC,200701,6.0
DC,200702,5.8
DC,200703,5.4
DC,200704,4.9
DC,200705,5.1
DC,200706,5.9
DC,200707,5.9
DC,200708,5.7
DC,200709,5.7
DC,200710,5.4
DC,200711,5.3
DC,200712,5.5
DC,200713,5.5
DC,200801,6.1
DC,200802,5.8
DC,200803,5.8
DC,200804,5.1
DC,200805,5.9
DC,200806,6.6
DC,200807,6.9
DC,200808,7.0
DC,200809,6.9
DC,200810,7.0
DC,200811,7.3
DC,200812,7.7
DC,200813,6.5
DC,200901,8.6
DC,200902,8.9
DC,200903,8.9
DC,200904,8.5
DC,200905,9.2
DC,200906,10.0
DC,200907,10.0
DC,200908,10.2
DC,200909,10.3
DC,200910,10.2
DC,200911,10.0
DC,200912,9.9
DC,200913,9.6
DC,201001,10.6
DC,201002,10.4
DC,201003,10.0
DC,201004,9.1
DC,201005,9.1
DC,201006,9.8
DC,201007,10.0
DC,201008,10.0
DC,201009,9.7
DC,201010,9.6
DC,201011,9.7
DC,201012,9.5
DC,201013,9.8
DC,201101,10.1
DC,201102,10.0
DC,201103,9.9
DC,201104,9.4
DC,201105,9.8
DC,201106,10.9
DC,201107,10.8
DC,201108,10.6
DC,201109,10.4
DC,201110,10.0
DC,201111,9.6
DC,201112,9.5
DC,201113,10.1
DC,201201,9.8
DC,201202,9.7
DC,201203,9.3
DC,201204,8.3
DC,201205,8.6
DC,201206,9.3
DC,201207,9.4
DC,201208,9.2
DC,201209,8.6
DC,201210,8.5
DC,201211,8.2
DC,201212,8.5
DC,201213,8.9
DC,201301,9.2
DC,201302,8.7
DC,201303,8.4
DC,201304,7.8
DC,201305,8.1
DC,201306,9.0
DC,201307,8.9
DC,201308,8.8
DC,201309,8.5
DC,201310,8.7
DC,201311,7.7
DC,201312,7.5
DC,201313,8.4
DC,201401,8.0
DC,201402,8.2
DC,201403,8.0
DC,201404,7.0
DC,201405,7.4
DC,201406,7.9
DC,201407,8.4
DC,201408,8.3
DC,201409,7.7
DC,201410,7.4
DC,201411,7.2
DC,201412,7.1
DC,201413,7.7
DC,201501,7.7
DC,201502,7.4
DC,201503,7.0
DC,201504,6.4
DC,201505,6.9
DC,201506,7.2
DC,201507,7.3
DC,201508,7.1
DC,201509,6.7
DC,201510,6.6
DC,201511,6.4
DC,201512,6.2
DC,201513,6.9
DC,201601,6.5
DC,201602,6.4
DC,201603,6.2
DC,201604,5.5
DC,201605,5.5
DC,201606,6.5
DC,201607,6.6
DC,201608,6.7
DC,201609,6.5
DC,201610,6.2
DC,201611,5.9
DC,201612,5.9
DC,201613,6.2
DC,201701,6.6
DC,201702,6.5
DC,201703,6.1
DC,201704,5.6
DC,201705,5.8
DC,201706,6.5
DC,201707,6.7
DC,201708,6.6
DC,201709,6.1
DC,201710,5.9
DC,201711,5.6
DC,201712,5.5
DC,201713,6.1
DC,201801,6.1
DC,201802,6.0
DC,201803,5.9
DC,201804,5.2
DC,201805,5.2
DC,201806,6.2
DC,201807,6.1
DC,201808,6.0
DC,201809,5.5
DC,201810,5.4
DC,201811,5.2
DC,201812,5.5
DC,201813,5.7
DC,201901,6.6
DC,201902,6.0
DC,201903,5.8
DC,201904,4.9
DC,201905,5.3
DC,201906,5.9
DC,201907,6.0
DC,201908,5.8
DC,201909,5.2
DC,201910,5.2
DC,201911,4.9
DC,201912,5.0
DC,201913,5.5
DC,202001,5.5
DC,202002,5.3
DC,202003,6.5
DC,202004,10.5
DC,202005,8.8
DC,202006,8.9
DC,202007,9.3
DC,202008,8.6
DC,202009,9.0
DC,202010,8.4
DC,202011,8.2
DC,202012,7.3
DC,202013,8.0
DC,202101,6.6
DC,202102,7.0
DC,202103,6.9
DC,202104,6.6
DC,202105,6.7
DC,202106,8.0
DC,202107,7.6
DC,202108,7.4
DC,202109,6.8
DC,202110,6.4
DC,202111,6.2
DC,202112,5.2
DC,202113,6.8
DC,202201,6.2
DC,202202,5.5
DC,202203,5.1
DC,202204,4.2
DC,202205,4.4
DC,202206,4.9
DC,202207,4.7
DC,202208,4.6
DC,202209,4.2
DC,202210,4.4
DC,202211,4.2
DC,202212,4.1
DC,202213,4.7
DC,202301,4.8
DC,202302,5.0
DC,202303,4.9
DC,202304,4.0
DC,202305,4.6
DC,202306,5.2
DC,202307,5.1
DC,202308,5.3
DC,202309,5.0
DC,202310,5.0
DC,202311,4.6
DC,202312,4.7
DC,202313,4.8
DC,202401,5.1
DC,202402,5.3
DC,202403,5.0
DC,202404,4.5
DC,202405,5.0
DC,202406,5.7
DC,202407,6.0
DC,202408,6.0
DC,202409,5.2
DC,202410,5.2
DC,202411,5.0
DC,202412,4.9
DC,202413,5.2
DC,202501,5.6
DC,202502,5.8
DC,202503,6.0
FL,197601,10.6
FL,197602,9.9
FL,197603,9.3
FL,197604,8.7
FL,197605,8.1
FL,197606,9.7
FL,197607,9.5
FL,197608,9.3
FL,197609,9.5
FL,197610,9.1
FL,197611,9.4
FL,197612,8.6
FL,197613,9.3
FL,197701,9.5
FL,197702,9.0
FL,197703,8.6
FL,197704,7.9
FL,197705,7.6
FL,197706,9.1
FL,197707,8.4
FL,197708,8.3
FL,197709,8.5
FL,197710,7.9
FL,197711,7.9
FL,197712,6.7
FL,197713,8.3
FL,197801,7.5
FL,197802,6.8
FL,197803,6.6
FL,197804,6.2
FL,197805,6.1
FL,197806,7.2
FL,197807,7.4
FL,197808,6.8
FL,197809,7.2
FL,197810,6.7
FL,197811,6.7
FL,197812,6.2
FL,197813,6.8
FL,197901,6.8
FL,197902,6.2
FL,197903,5.9
FL,197904,5.5
FL,197905,5.3
FL,197906,6.4
FL,197907,6.3
FL,197908,6.3
FL,197909,6.3
FL,197910,5.9
FL,197911,5.6
FL,197912,5.1
FL,197913,6.0
FL,198001,5.9
FL,198002,5.3
FL,198003,5.1
FL,198004,5.2
FL,198005,5.6
FL,198006,6.6
FL,198007,6.6
FL,198008,6.5
FL,198009,6.5
FL,198010,6.4
FL,198011,6.2
FL,198012,5.6
FL,198013,6.0
FL,198101,6.7
FL,198102,6.2
FL,198103,6.1
FL,198104,5.8
FL,198105,6.1
FL,198106,7.1
FL,198107,7.0
FL,198108,6.9
FL,198109,7.4
FL,198110,7.4
FL,198111,7.5
FL,198112,7.2
FL,198113,6.8
FL,198201,7.9
FL,198202,7.7
FL,198203,7.7
FL,198204,7.8
FL,198205,7.9
FL,198206,8.7
FL,198207,8.9
FL,198208,8.8
FL,198209,9.2
FL,198210,9.2
FL,198211,9.5
FL,198212,9.1
FL,198213,8.5
FL,198301,9.8
FL,198302,9.3
FL,198303,9.0
FL,198304,8.6
FL,198305,8.6
FL,198306,9.4
FL,198307,8.8
FL,198308,8.6
FL,198309,8.6
FL,198310,8.1
FL,198311,7.7
FL,198312,7.0
FL,198313,8.6
FL,198401,7.4
FL,198402,6.8
FL,198403,6.4
FL,198404,6.3
FL,198405,6.2
FL,198406,6.7
FL,198407,6.9
FL,198408,6.7
FL,198409,6.8
FL,198410,6.5
FL,198411,6.2
FL,198412,5.9
FL,198413,6.6
FL,198501,6.6
FL,198502,6.1
FL,198503,5.9
FL,198504,5.9
FL,198505,5.8
FL,198506,6.6
FL,198507,6.5
FL,198508,6.1
FL,198509,6.4
FL,198510,6.0
FL,198511,5.8
FL,198512,5.4
FL,198513,6.1
FL,198601,5.9
FL,198602,5.8
FL,198603,5.6
FL,198604,5.5
FL,198605,5.6
FL,198606,6.3
FL,198607,6.2
FL,198608,5.9
FL,198609,6.3
FL,198610,6.0
FL,198611,5.9
FL,198612,5.2
FL,198613,5.8
FL,198701,5.9
FL,198702,5.5
FL,198703,5.4
FL,198704,5.1
FL,198705,5.2
FL,198706,5.6
FL,198707,5.6
FL,198708,5.5
FL,198709,5.6
FL,198710,5.4
FL,198711,5.3
FL,198712,4.8
FL,198713,5.4
FL,198801,5.3
FL,198802,5.1
FL,198803,4.9
FL,198804,4.8
FL,198805,5.0
FL,198806,5.3
FL,198807,5.4
FL,198808,5.4
FL,198809,5.5
FL,198810,5.3
FL,198811,5.3
FL,198812,5.0
FL,198813,5.2
FL,198901,5.7
FL,198902,5.3
FL,198903,5.0
FL,198904,5.3
FL,198905,5.4
FL,198906,6.0
FL,198907,5.9
FL,198908,5.7
FL,198909,6.0
FL,198910,5.8
FL,198911,5.8
FL,198912,5.4
FL,198913,5.6
FL,199001,6.0
FL,199002,5.8
FL,199003,5.5
FL,199004,5.7
FL,199005,5.7
FL,199006,6.1
FL,199007,6.4
FL,199008,6.5
FL,199009,6.8
FL,199010,6.5
FL,199011,6.8
FL,199012,6.5
FL,199013,6.2
FL,199101,7.2
FL,199102,7.2
FL,199103,7.1
FL,199104,7.0
FL,199105,7.4
FL,199106,8.0
FL,199107,7.9
FL,199108,7.9
FL,199109,8.1
FL,199110,8.0
FL,199111,8.0
FL,199112,7.9
FL,199113,7.7
FL,199201,8.8
FL,199202,8.6
FL,199203,8.3
FL,199204,8.1
FL,199205,8.2
FL,199206,9.0
FL,199207,8.8
FL,199208,8.7
FL,199209,8.7
FL,199210,8.0
FL,199211,8.0
FL,199212,7.6
FL,199213,8.4
FL,199301,8.2
FL,199302,7.8
FL,199303,7.4
FL,199304,7.2
FL,199305,7.2
FL,199306,7.7
FL,199307,7.7
FL,199308,7.4
FL,199309,7.3
FL,199310,7.2
FL,199311,6.9
FL,199312,6.5
FL,199313,7.4
FL,199401,7.4
FL,199402,6.9
FL,199403,6.8
FL,199404,6.6
FL,199405,6.3
FL,199406,6.8
FL,199407,6.8
FL,199408,6.6
FL,199409,6.5
FL,199410,6.1
FL,199411,5.9
FL,199412,5.3
FL,199413,6.5
FL,199501,6.1
FL,199502,5.3
FL,199503,5.2
FL,199504,5.5
FL,199505,5.4
FL,199506,5.9
FL,199507,6.0
FL,199508,5.9
FL,199509,6.0
FL,199510,5.6
FL,199511,5.6
FL,199512,5.1
FL,199513,5.6
FL,199601,5.7
FL,199602,5.3
FL,199603,5.2
FL,199604,5.1
FL,199605,5.2
FL,199606,5.4
FL,199607,5.7
FL,199608,5.3
FL,199609,5.4
FL,199610,5.2
FL,199611,5.2
FL,199612,4.8
FL,199613,5.3
FL,199701,5.4
FL,199702,5.0
FL,199703,4.9
FL,199704,4.8
FL,199705,4.7
FL,199706,5.2
FL,199707,5.2
FL,199708,5.1
FL,199709,5.2
FL,199710,4.7
FL,199711,4.6
FL,199712,4.3
FL,199713,4.9
FL,199801,4.9
FL,199802,4.5
FL,199803,4.5
FL,199804,4.1
FL,199805,4.2
FL,199806,4.7
FL,199807,4.8
FL,199808,4.6
FL,199809,4.7
FL,199810,4.4
FL,199811,4.2
FL,199812,3.7
FL,199813,4.4
FL,199901,4.2
FL,199902,4.0
FL,199903,3.8
FL,199904,3.8
FL,199905,3.7
FL,199906,4.1
FL,199907,4.3
FL,199908,4.2
FL,199909,4.2
FL,199910,3.9
FL,199911,3.8
FL,199912,3.4
FL,199913,3.9
FL,200001,3.8
FL,200002,3.6
FL,200003,3.6
FL,200004,3.4
FL,200005,3.6
FL,200006,4.0
FL,200007,4.1
FL,200008,4.1
FL,200009,3.9
FL,200010,3.7
FL,200011,3.7
FL,200012,3.4
FL,200013,3.7
FL,200101,4.1
FL,200102,3.9
FL,200103,4.0
FL,200104,4.1
FL,200105,4.0
FL,200106,4.7
FL,200107,4.8
FL,200108,5.1
FL,200109,5.1
FL,200110,5.5
FL,200111,5.7
FL,200112,5.5
FL,200113,4.7
FL,200201,5.9
FL,200202,5.6
FL,200203,5.6
FL,200204,5.5
FL,200205,5.4
FL,200206,5.9
FL,200207,5.9
FL,200208,5.9
FL,200209,5.6
FL,200210,5.5
FL,200211,5.6
FL,200212,5.3
FL,200213,5.6
FL,200301,5.7
FL,200302,5.3
FL,200303,5.2
FL,200304,5.1
FL,200305,5.1
FL,200306,5.8
FL,200307,5.6
FL,200308,5.5
FL,200309,5.4
FL,200310,5.1
FL,200311,5.0
FL,200312,4.5
FL,200313,5.3
FL,200401,5.0
FL,200402,4.6
FL,200403,4.7
FL,200404,4.4
FL,200405,4.4
FL,200406,5.0
FL,200407,4.9
FL,200408,4.7
FL,200409,4.6
FL,200410,4.5
FL,200411,4.4
FL,200412,4.1
FL,200413,4.6
FL,200501,4.3
FL,200502,4.1
FL,200503,3.8
FL,200504,3.7
FL,200505,3.6
FL,200506,4.0
FL,200507,3.9
FL,200508,3.7
FL,200509,3.7
FL,200510,3.4
FL,200511,3.5
FL,200512,3.0
FL,200513,3.7
FL,200601,3.3
FL,200602,3.2
FL,200603,3.0
FL,200604,3.0
FL,200605,3.0
FL,200606,3.5
FL,200607,3.7
FL,200608,3.5
FL,200609,3.5
FL,200610,3.3
FL,200611,3.4
FL,200612,3.2
FL,200613,3.3
FL,200701,3.7
FL,200702,3.4
FL,200703,3.4
FL,200704,3.4
FL,200705,3.5
FL,200706,4.1
FL,200707,4.4
FL,200708,4.3
FL,200709,4.4
FL,200710,4.4
FL,200711,4.5
FL,200712,4.6
FL,200713,4.0
FL,200801,5.0
FL,200802,4.9
FL,200803,5.1
FL,200804,5.0
FL,200805,5.6
FL,200806,6.3
FL,200807,6.8
FL,200808,7.1
FL,200809,7.1
FL,200810,7.3
FL,200811,7.5
FL,200812,7.8
FL,200813,6.3
FL,200901,8.8
FL,200902,9.0
FL,200903,9.2
FL,200904,9.1
FL,200905,9.9
FL,200906,10.7
FL,200907,10.9
FL,200908,10.9
FL,200909,11.1
FL,200910,11.1
FL,200911,11.0
FL,200912,11.1
FL,200913,10.2
FL,201001,11.7
FL,201002,11.4
FL,201003,11.3
FL,201004,11.0
FL,201005,10.9
FL,201006,11.2
FL,201007,11.6
FL,201008,11.5
FL,201009,11.3
FL,201010,11.1
FL,201011,11.3
FL,201012,10.8
FL,201013,11.3
FL,201101,11.1
FL,201102,10.6
FL,201103,10.4
FL,201104,10.1
FL,201105,10.1
FL,201106,10.6
FL,201107,10.6
FL,201108,10.3
FL,201109,10.1
FL,201110,9.7
FL,201111,9.4
FL,201112,9.1
FL,201113,10.2
FL,201201,9.3
FL,201202,9.0
FL,201203,8.8
FL,201204,8.4
FL,201205,8.6
FL,201206,9.1
FL,201207,9.2
FL,201208,8.9
FL,201209,8.4
FL,201210,8.3
FL,201211,8.0
FL,201212,7.9
FL,201213,8.7
FL,201301,8.4
FL,201302,7.8
FL,201303,7.5
FL,201304,7.2
FL,201305,7.4
FL,201306,7.9
FL,201307,7.9
FL,201308,7.7
FL,201309,7.5
FL,201310,7.4
FL,201311,7.0
FL,201312,6.6
FL,201313,7.5
FL,201401,6.9
FL,201402,6.8
FL,201403,6.8
FL,201404,6.2
FL,201405,6.4
FL,201406,6.6
FL,201407,6.9
FL,201408,6.7
FL,201409,6.4
FL,201410,6.1
FL,201411,6.0
FL,201412,5.6
FL,201413,6.5
FL,201501,6.1
FL,201502,5.7
FL,201503,5.5
FL,201504,5.3
FL,201505,5.6
FL,201506,5.7
FL,201507,5.9
FL,201508,5.6
FL,201509,5.4
FL,201510,5.3
FL,201511,5.2
FL,201512,4.9
FL,201513,5.5
FL,201601,5.1
FL,201602,4.8
FL,201603,4.8
FL,201604,4.7
FL,201605,4.6
FL,201606,5.1
FL,201607,5.2
FL,201608,5.1
FL,201609,5.1
FL,201610,5.0
FL,201611,4.7
FL,201612,4.5
FL,201613,4.9
FL,201701,4.9
FL,201702,4.5
FL,201703,4.3
FL,201704,4.0
FL,201705,4.1
FL,201706,4.4
FL,201707,4.5
FL,201708,4.5
FL,201709,4.2
FL,201710,4.0
FL,201711,4.0
FL,201712,3.8
FL,201713,4.3
FL,201801,4.1
FL,201802,3.8
FL,201803,3.7
FL,201804,3.5
FL,201805,3.4
FL,201806,3.9
FL,201807,3.9
FL,201808,3.8
FL,201809,3.5
FL,201810,3.5
FL,201811,3.4
FL,201812,3.3
FL,201813,3.6
FL,201901,3.7
FL,201902,3.3
FL,201903,3.3
FL,201904,3.0
FL,201905,3.1
FL,201906,3.5
FL,201907,3.6
FL,201908,3.5
FL,201909,3.2
FL,201910,3.1
FL,201911,3.0
FL,201912,2.7
FL,201913,3.2
FL,202001,3.1
FL,202002,2.8
FL,202003,4.3
FL,202004,12.9
FL,202005,14.2
FL,202006,11.8
FL,202007,12.0
FL,202008,8.7
FL,202009,8.1
FL,202010,6.8
FL,202011,6.3
FL,202012,6.0
FL,202013,8.0
FL,202101,5.9
FL,202102,5.4
FL,202103,5.2
FL,202104,5.0
FL,202105,4.8
FL,202106,5.3
FL,202107,5.0
FL,202108,4.7
FL,202109,4.3
FL,202110,3.9
FL,202111,3.7
FL,202112,3.2
FL,202113,4.7
FL,202201,3.7
FL,202202,3.3
FL,202203,3.0
FL,202204,2.8
FL,202205,2.8
FL,202206,3.2
FL,202207,3.1
FL,202208,3.1
FL,202209,2.9
FL,202210,3.0
FL,202211,2.9
FL,202212,2.5
FL,202213,3.0
FL,202301,2.9
FL,202302,2.7
FL,202303,2.7
FL,202304,2.5
FL,202305,2.8
FL,202306,3.1
FL,202307,3.1
FL,202308,3.3
FL,202309,3.2
FL,202310,3.2
FL,202311,3.0
FL,202312,2.9
FL,202313,3.0
FL,202401,3.2
FL,202402,3.1
FL,202403,3.1
FL,202404,2.9
FL,202405,3.1
FL,202406,3.6
FL,202407,3.8
FL,202408,3.8
FL,202409,3.5
FL,202410,3.5
FL,202411,3.5
FL,202412,3.2
FL,202413,3.4
FL,202501,3.7
FL,202502,3.7
FL,202503,3.5
GA,197601,8.9
GA,197602,8.9
GA,197603,8.2
GA,197604,7.6
GA,197605,7.2
GA,197606,8.8
GA,197607,8.5
GA,197608,8.0
GA,197609,8.0
GA,197610,8.0
GA,197611,8.0
GA,197612,7.7
GA,197613,8.2
GA,197701,8.2
GA,197702,8.4
GA,197703,7.6
GA,197704,6.6
GA,197705,6.2
GA,197706,7.9
GA,197707,7.1
GA,197708,6.7
GA,197709,6.5
GA,197710,6.4
GA,197711,6.2
GA,197712,5.4
GA,197713,6.9
GA,197801,5.9
GA,197802,5.8
GA,197803,5.5
GA,197804,5.0
GA,197805,5.1
GA,197806,6.4
GA,197807,6.6
GA,197808,5.9
GA,197809,5.8
GA,197810,5.7
GA,197811,5.4
GA,197812,5.4
GA,197813,5.7
GA,197901,5.7
GA,197902,5.8
GA,197903,5.4
GA,197904,4.7
GA,197905,4.5
GA,197906,5.8
GA,197907,5.3
GA,197908,5.1
GA,197909,4.7
GA,197910,5.1
GA,197911,4.5
GA,197912,4.8
GA,197913,5.1
GA,198001,5.6
GA,198002,5.8
GA,198003,5.8
GA,198004,5.9
GA,198005,6.2
GA,198006,7.6
GA,198007,7.3
GA,198008,6.8
GA,198009,6.4
GA,198010,6.5
GA,198011,5.8
GA,198012,5.4
GA,198013,6.3
GA,198101,6.3
GA,198102,6.6
GA,198103,6.2
GA,198104,5.7
GA,198105,5.9
GA,198106,7.0
GA,198107,6.5
GA,198108,6.1
GA,198109,6.5
GA,198110,7.0
GA,198111,6.8
GA,198112,7.0
GA,198113,6.5
GA,198201,7.6
GA,198202,7.6
GA,198203,7.4
GA,198204,7.3
GA,198205,7.4
GA,198206,8.4
GA,198207,8.0
GA,198208,7.4
GA,198209,7.8
GA,198210,8.2
GA,198211,8.2
GA,198212,8.2
GA,198213,7.8
GA,198301,8.7
GA,198302,8.6
GA,198303,8.1
GA,198304,7.6
GA,198305,7.6
GA,198306,8.5
GA,198307,7.8
GA,198308,7.4
GA,198309,7.3
GA,198310,7.1
GA,198311,6.4
GA,198312,6.2
GA,198313,7.6
GA,198401,6.7
GA,198402,6.5
GA,198403,6.2
GA,198404,5.8
GA,198405,5.6
GA,198406,6.5
GA,198407,6.5
GA,198408,6.1
GA,198409,6.1
GA,198410,6.1
GA,198411,5.6
GA,198412,5.8
GA,198413,6.1
GA,198501,6.6
GA,198502,6.7
GA,198503,6.4
GA,198504,6.3
GA,198505,6.4
GA,198506,7.3
GA,198507,6.9
GA,198508,6.3
GA,198509,6.3
GA,198510,6.1
GA,198511,5.6
GA,198512,5.6
GA,198513,6.4
GA,198601,5.9
GA,198602,6.3
GA,198603,6.0
GA,198604,5.7
GA,198605,5.9
GA,198606,6.5
GA,198607,6.2
GA,198608,5.7
GA,198609,5.9
GA,198610,5.9
GA,198611,5.6
GA,198612,5.3
GA,198613,5.9
GA,198701,5.9
GA,198702,5.9
GA,198703,5.6
GA,198704,5.0
GA,198705,5.1
GA,198706,5.8
GA,198707,5.7
GA,198708,5.5
GA,198709,5.6
GA,198710,5.7
GA,198711,5.4
GA,198712,5.3
GA,198713,5.6
GA,198801,6.0
GA,198802,6.0
GA,198803,5.8
GA,198804,5.5
GA,198805,5.7
GA,198806,5.9
GA,198807,5.7
GA,198808,5.5
GA,198809,5.5
GA,198810,5.4
GA,198811,5.2
GA,198812,5.1
GA,198813,5.6
GA,198901,5.7
GA,198902,5.5
GA,198903,5.2
GA,198904,5.3
GA,198905,5.2
GA,198906,6.0
GA,198907,5.6
GA,198908,5.4
GA,198909,5.5
GA,198910,5.4
GA,198911,5.2
GA,198912,4.9
GA,198913,5.4
GA,199001,5.4
GA,199002,5.4
GA,199003,5.0
GA,199004,4.9
GA,199005,5.0
GA,199006,5.6
GA,199007,5.6
GA,199008,5.5
GA,199009,5.6
GA,199010,5.4
GA,199011,5.4
GA,199012,5.4
GA,199013,5.4
GA,199101,6.0
GA,199102,6.0
GA,199103,5.6
GA,199104,5.0
GA,199105,5.3
GA,199106,5.7
GA,199107,5.2
GA,199108,5.0
GA,199109,4.9
GA,199110,4.9
GA,199111,4.7
GA,199112,4.8
GA,199113,5.3
GA,199201,5.8
GA,199202,8.1
GA,199203,7.4
GA,199204,6.7
GA,199205,6.8
GA,199206,7.5
GA,199207,7.0
GA,199208,6.7
GA,199209,6.2
GA,199210,6.0
GA,199211,5.9
GA,199212,5.8
GA,199213,6.7
GA,199301,6.5
GA,199302,6.3
GA,199303,6.0
GA,199304,5.4
GA,199305,5.4
GA,199306,6.1
GA,199307,5.9
GA,199308,5.6
GA,199309,5.5
GA,199310,5.6
GA,199311,5.2
GA,199312,5.2
GA,199313,5.7
GA,199401,6.1
GA,199402,5.8
GA,199403,5.5
GA,199404,5.0
GA,199405,4.8
GA,199406,5.4
GA,199407,5.3
GA,199408,5.0
GA,199409,4.8
GA,199410,4.6
GA,199411,4.3
GA,199412,4.1
GA,199413,5.1
GA,199501,4.9
GA,199502,4.6
GA,199503,4.5
GA,199504,4.5
GA,199505,4.7
GA,199506,5.3
GA,199507,5.3
GA,199508,5.0
GA,199509,4.9
GA,199510,4.7
GA,199511,4.4
GA,199512,4.3
GA,199513,4.8
GA,199601,5.0
GA,199602,4.6
GA,199603,4.6
GA,199604,4.2
GA,199605,4.5
GA,199606,4.8
GA,199607,4.9
GA,199608,4.5
GA,199609,4.5
GA,199610,4.5
GA,199611,4.6
GA,199612,4.6
GA,199613,4.6
GA,199701,5.2
GA,199702,5.0
GA,199703,4.8
GA,199704,4.2
GA,199705,4.4
GA,199706,4.9
GA,199707,4.6
GA,199708,4.5
GA,199709,4.4
GA,199710,4.0
GA,199711,3.9
GA,199712,4.0
GA,199713,4.5
GA,199801,4.5
GA,199802,4.4
GA,199803,4.4
GA,199804,3.7
GA,199805,4.0
GA,199806,4.6
GA,199807,4.5
GA,199808,4.3
GA,199809,4.2
GA,199810,4.1
GA,199811,3.8
GA,199812,3.7
GA,199813,4.2
GA,199901,4.2
GA,199902,4.3
GA,199903,3.9
GA,199904,3.6
GA,199905,3.6
GA,199906,4.1
GA,199907,4.1
GA,199908,4.0
GA,199909,3.8
GA,199910,3.6
GA,199911,3.4
GA,199912,3.4
GA,199913,3.8
GA,200001,3.8
GA,200002,3.7
GA,200003,3.6
GA,200004,3.2
GA,200005,3.6
GA,200006,3.9
GA,200007,3.7
GA,200008,3.8
GA,200009,3.4
GA,200010,3.2
GA,200011,3.0
GA,200012,3.1
GA,200013,3.5
GA,200101,3.7
GA,200102,3.6
GA,200103,3.7
GA,200104,3.4
GA,200105,3.4
GA,200106,4.1
GA,200107,4.0
GA,200108,4.3
GA,200109,4.1
GA,200110,4.4
GA,200111,4.5
GA,200112,4.6
GA,200113,4.0
GA,200201,5.2
GA,200202,5.0
GA,200203,5.0
GA,200204,4.8
GA,200205,4.9
GA,200206,5.4
GA,200207,5.2
GA,200208,5.1
GA,200209,4.8
GA,200210,4.8
GA,200211,4.8
GA,200212,4.8
GA,200213,5.0
GA,200301,5.2
GA,200302,5.0
GA,200303,4.9
GA,200304,4.6
GA,200305,4.9
GA,200306,5.6
GA,200307,5.1
GA,200308,4.9
GA,200309,4.6
GA,200310,4.4
GA,200311,4.3
GA,200312,4.1
GA,200313,4.8
GA,200401,4.7
GA,200402,4.4
GA,200403,4.4
GA,200404,4.1
GA,200405,4.5
GA,200406,5.2
GA,200407,5.0
GA,200408,5.0
GA,200409,4.8
GA,200410,5.0
GA,200411,5.0
GA,200412,5.1
GA,200413,4.8
GA,200501,5.4
GA,200502,5.6
GA,200503,5.3
GA,200504,5.1
GA,200505,5.3
GA,200506,5.7
GA,200507,5.5
GA,200508,5.3
GA,200509,5.3
GA,200510,5.1
GA,200511,5.0
GA,200512,4.8
GA,200513,5.3
GA,200601,5.0
GA,200602,5.0
GA,200603,4.6
GA,200604,4.5
GA,200605,4.7
GA,200606,5.0
GA,200607,5.0
GA,200608,4.8
GA,200609,4.5
GA,200610,4.4
GA,200611,4.3
GA,200612,4.3
GA,200613,4.7
GA,200701,4.7
GA,200702,4.4
GA,200703,4.2
GA,200704,4.1
GA,200705,4.3
GA,200706,4.8
GA,200707,4.8
GA,200708,4.7
GA,200709,4.6
GA,200710,4.6
GA,200711,4.5
GA,200712,5.0
GA,200713,4.6
GA,200801,5.4
GA,200802,5.3
GA,200803,5.4
GA,200804,5.1
GA,200805,5.8
GA,200806,6.3
GA,200807,6.5
GA,200808,6.8
GA,200809,7.0
GA,200810,7.4
GA,200811,7.5
GA,200812,8.2
GA,200813,6.4
GA,200901,9.1
GA,200902,9.5
GA,200903,9.5
GA,200904,9.1
GA,200905,9.7
GA,200906,10.5
GA,200907,10.4
GA,200908,10.4
GA,200909,10.2
GA,200910,10.4
GA,200911,10.1
GA,200912,10.4
GA,200913,9.9
GA,201001,11.0
GA,201002,10.7
GA,201003,10.5
GA,201004,9.9
GA,201005,10.1
GA,201006,10.5
GA,201007,10.5
GA,201008,10.6
GA,201009,10.2
GA,201010,10.2
GA,201011,10.4
GA,201012,10.3
GA,201013,10.4
GA,201101,10.6
GA,201102,10.3
GA,201103,10.0
GA,201104,9.6
GA,201105,9.9
GA,201106,10.6
GA,201107,10.3
GA,201108,10.4
GA,201109,10.0
GA,201110,9.8
GA,201111,9.3
GA,201112,9.5
GA,201113,10.0
GA,201201,9.7
GA,201202,9.5
GA,201203,9.2
GA,201204,8.7
GA,201205,9.0
GA,201206,9.5
GA,201207,9.4
GA,201208,9.3
GA,201209,8.5
GA,201210,8.6
GA,201211,8.2
GA,201212,8.6
GA,201213,9.0
GA,201301,9.0
GA,201302,8.6
GA,201303,8.2
GA,201304,7.8
GA,201305,8.2
GA,201306,8.8
GA,201307,8.5
GA,201308,8.2
GA,201309,7.8
GA,201310,7.9
GA,201311,7.3
GA,201312,7.3
GA,201313,8.1
GA,201401,7.6
GA,201402,7.5
GA,201403,7.5
GA,201404,6.7
GA,201405,7.3
GA,201406,7.6
GA,201407,7.7
GA,201408,7.6
GA,201409,6.8
GA,201410,6.7
GA,201411,6.4
GA,201412,6.3
GA,201413,7.1
GA,201501,6.7
GA,201502,6.4
GA,201503,6.2
GA,201504,5.8
GA,201505,6.3
GA,201506,6.4
GA,201507,6.3
GA,201508,6.1
GA,201509,5.7
GA,201510,5.8
GA,201511,5.5
GA,201512,5.6
GA,201513,6.1
GA,201601,5.8
GA,201602,5.6
GA,201603,5.5
GA,201604,5.1
GA,201605,5.2
GA,201606,5.8
GA,201607,5.6
GA,201608,5.7
GA,201609,5.4
GA,201610,5.4
GA,201611,5.0
GA,201612,5.2
GA,201613,5.4
GA,201701,5.5
GA,201702,5.2
GA,201703,5.0
GA,201704,4.6
GA,201705,4.8
GA,201706,5.1
GA,201707,4.9
GA,201708,5.0
GA,201709,4.4
GA,201710,4.4
GA,201711,4.2
GA,201712,4.2
GA,201713,4.8
GA,201801,4.5
GA,201802,4.3
GA,201803,4.2
GA,201804,3.7
GA,201805,3.8
GA,201806,4.4
GA,201807,4.1
GA,201808,4.1
GA,201809,3.6
GA,201810,3.8
GA,201811,3.5
GA,201812,3.8
GA,201813,4.0
GA,201901,4.3
GA,201902,3.8
GA,201903,3.8
GA,201904,3.2
GA,201905,3.6
GA,201906,3.9
GA,201907,3.8
GA,201908,3.9
GA,201909,3.2
GA,201910,3.3
GA,201911,3.1
GA,201912,3.3
GA,201913,3.6
GA,202001,3.8
GA,202002,3.5
GA,202003,4.2
GA,202004,11.9
GA,202005,10.0
GA,202006,8.7
GA,202007,8.0
GA,202008,6.9
GA,202009,6.4
GA,202010,5.4
GA,202011,5.0
GA,202012,5.1
GA,202013,6.5
GA,202101,5.1
GA,202102,4.6
GA,202103,4.4
GA,202104,4.0
GA,202105,4.1
GA,202106,4.5
GA,202107,3.9
GA,202108,4.0
GA,202109,3.3
GA,202110,3.3
GA,202111,3.0
GA,202112,2.8
GA,202113,3.9
GA,202201,3.5
GA,202202,3.2
GA,202203,3.1
GA,202204,2.6
GA,202205,3.0
GA,202206,3.5
GA,202207,3.2
GA,202208,3.6
GA,202209,3.0
GA,202210,3.3
GA,202211,3.1
GA,202212,3.0
GA,202213,3.2
GA,202301,3.4
GA,202302,3.4
GA,202303,3.3
GA,202304,2.7
GA,202305,3.3
GA,202306,3.6
GA,202307,3.3
GA,202308,3.7
GA,202309,3.2
GA,202310,3.4
GA,202311,3.0
GA,202312,3.1
GA,202313,3.3
GA,202401,3.4
GA,202402,3.4
GA,202403,3.4
GA,202404,3.0
GA,202405,3.5
GA,202406,3.9
GA,202407,3.9
GA,202408,4.1
GA,202409,3.4
GA,202410,3.6
GA,202411,3.5
GA,202412,3.4
GA,202413,3.5
GA,202501,3.5
GA,202502,3.7
GA,202503,3.6
HI,197601,9.9
HI,197602,9.8
HI,197603,9.3
HI,197604,9.2
HI,197605,8.6
HI,197606,10.0
HI,197607,8.9
HI,197608,8.9
HI,197609,9.3
HI,197610,8.9
HI,197611,9.0
HI,197612,8.2
HI,197613,9.2
HI,197701,8.4
HI,197702,8.3
HI,197703,7.9
HI,197704,7.5
HI,197705,7.1
HI,197706,8.5
HI,197707,7.2
HI,197708,7.2
HI,197709,7.5
HI,197710,7.1
HI,197711,7.3
HI,197712,6.4
HI,197713,7.5
HI,197801,6.9
HI,197802,6.9
HI,197803,6.9
HI,197804,6.8
HI,197805,6.7
HI,197806,7.8
HI,197807,7.2
HI,197808,6.9
HI,197809,7.4
HI,197810,6.8
HI,197811,6.9
HI,197812,6.4
HI,197813,7.0
HI,197901,6.5
HI,197902,6.1
HI,197903,5.9
HI,197904,5.9
HI,197905,5.6
HI,197906,6.6
HI,197907,5.5
HI,197908,5.5
HI,197909,5.6
HI,197910,5.4
HI,197911,5.2
HI,197912,4.5
HI,197913,5.7
HI,198001,4.7
HI,198002,4.5
HI,198003,4.4
HI,198004,4.7
HI,198005,4.8
HI,198006,5.9
HI,198007,5.2
HI,198008,5.1
HI,198009,5.3
HI,198010,5.1
HI,198011,5.1
HI,198012,4.5
HI,198013,4.9
HI,198101,5.3
HI,198102,5.0
HI,198103,4.9
HI,198104,4.8
HI,198105,5.0
HI,198106,5.9
HI,198107,4.9
HI,198108,4.8
HI,198109,5.4
HI,198110,5.4
HI,198111,5.5
HI,198112,5.2
HI,198113,5.2
HI,198201,5.8
HI,198202,5.8
HI,198203,5.9
HI,198204,6.0
HI,198205,6.1
HI,198206,7.2
HI,198207,6.4
HI,198208,6.2
HI,198209,6.4
HI,198210,6.1
HI,198211,6.1
HI,198212,5.6
HI,198213,6.1
HI,198301,6.1
HI,198302,6.1
HI,198303,6.1
HI,198304,6.1
HI,198305,5.8
HI,198306,6.8
HI,198307,5.7
HI,198308,5.7
HI,198309,6.0
HI,198310,5.7
HI,198311,5.7
HI,198312,5.2
HI,198313,5.9
HI,198401,5.6
HI,198402,5.4
HI,198403,5.4
HI,198404,5.6
HI,198405,5.4
HI,198406,6.0
HI,198407,5.5
HI,198408,5.4
HI,198409,5.6
HI,198410,5.2
HI,198411,5.1
HI,198412,4.8
HI,198413,5.4
HI,198501,5.2
HI,198502,5.0
HI,198503,5.1
HI,198504,5.1
HI,198505,5.1
HI,198506,6.1
HI,198507,5.3
HI,198508,5.2
HI,198509,5.6
HI,198510,5.4
HI,198511,5.3
HI,198512,4.7
HI,198513,5.3
HI,198601,5.0
HI,198602,5.1
HI,198603,4.9
HI,198604,4.8
HI,198605,4.6
HI,198606,5.4
HI,198607,4.6
HI,198608,4.4
HI,198609,4.7
HI,198610,4.3
HI,198611,4.3
HI,198612,3.7
HI,198613,4.6
HI,198701,4.1
HI,198702,4.0
HI,198703,3.8
HI,198704,3.7
HI,198705,3.7
HI,198706,4.3
HI,198707,3.6
HI,198708,3.6
HI,198709,3.8
HI,198710,3.5
HI,198711,3.5
HI,198712,2.8
HI,198713,3.7
HI,198801,3.2
HI,198802,3.1
HI,198803,3.0
HI,198804,2.9
HI,198805,3.0
HI,198806,3.6
HI,198807,3.1
HI,198808,3.0
HI,198809,3.3
HI,198810,3.0
HI,198811,3.1
HI,198812,2.6
HI,198813,3.1
HI,198901,3.0
HI,198902,2.7
HI,198903,2.3
HI,198904,2.3
HI,198905,2.2
HI,198906,3.1
HI,198907,2.3
HI,198908,2.2
HI,198909,2.6
HI,198910,2.3
HI,198911,2.5
HI,198912,2.2
HI,198913,2.5
HI,199001,2.7
HI,199002,2.6
HI,199003,2.6
HI,199004,2.7
HI,199005,2.6
HI,199006,3.2
HI,199007,2.6
HI,199008,2.4
HI,199009,2.8
HI,199010,2.5
HI,199011,2.6
HI,199012,2.1
HI,199013,2.6
HI,199101,2.5
HI,199102,2.5
HI,199103,2.5
HI,199104,2.4
HI,199105,2.5
HI,199106,3.3
HI,199107,2.8
HI,199108,2.8
HI,199109,3.1
HI,199110,2.9
HI,199111,3.0
HI,199112,2.9
HI,199113,2.8
HI,199201,3.5
HI,199202,3.5
HI,199203,3.6
HI,199204,3.7
HI,199205,3.9
HI,199206,4.9
HI,199207,4.3
HI,199208,4.3
HI,199209,4.7
HI,199210,4.4
HI,199211,4.6
HI,199212,4.1
HI,199213,4.1
HI,199301,4.5
HI,199302,4.4
HI,199303,4.2
HI,199304,4.2
HI,199305,4.1
HI,199306,5.0
HI,199307,4.4
HI,199308,4.3
HI,199309,4.6
HI,199310,4.3
HI,199311,4.4
HI,199312,4.2
HI,199313,4.4
HI,199401,4.9
HI,199402,4.9
HI,199403,5.0
HI,199404,5.1
HI,199405,4.9
HI,199406,5.8
HI,199407,5.4
HI,199408,5.4
HI,199409,5.6
HI,199410,5.3
HI,199411,5.1
HI,199412,4.6
HI,199413,5.2
HI,199501,5.2
HI,199502,4.9
HI,199503,5.0
HI,199504,5.3
HI,199505,5.3
HI,199506,6.0
HI,199507,5.7
HI,199508,5.7
HI,199509,6.1
HI,199510,5.7
HI,199511,5.7
HI,199512,5.3
HI,199513,5.5
HI,199601,6.0
HI,199602,5.7
HI,199603,5.7
HI,199604,5.8
HI,199605,5.9
HI,199606,6.4
HI,199607,6.0
HI,199608,5.7
HI,199609,6.0
HI,199610,5.8
HI,199611,6.0
HI,199612,5.6
HI,199613,5.9
HI,199701,6.1
HI,199702,5.9
HI,199703,6.0
HI,199704,5.9
HI,199705,5.9
HI,199706,6.7
HI,199707,6.0
HI,199708,5.9
HI,199709,6.2
HI,199710,5.8
HI,199711,5.6
HI,199712,5.3
HI,199713,5.9
HI,199801,5.7
HI,199802,5.5
HI,199803,5.8
HI,199804,5.4
HI,199805,5.6
HI,199806,6.5
HI,199807,5.9
HI,199808,5.9
HI,199809,6.3
HI,199810,6.0
HI,199811,5.7
HI,199812,5.2
HI,199813,5.8
HI,199901,5.6
HI,199902,5.4
HI,199903,5.2
HI,199904,5.3
HI,199905,5.1
HI,199906,5.9
HI,199907,5.3
HI,199908,5.0
HI,199909,5.4
HI,199910,4.9
HI,199911,4.8
HI,199912,4.2
HI,199913,5.2
HI,200001,4.4
HI,200002,4.3
HI,200003,4.3
HI,200004,4.1
HI,200005,4.3
HI,200006,4.9
HI,200007,4.3
HI,200008,4.3
HI,200009,4.3
HI,200010,3.9
HI,200011,4.0
HI,200012,3.7
HI,200013,4.2
HI,200101,4.1
HI,200102,4.0
HI,200103,4.1
HI,200104,4.1
HI,200105,3.9
HI,200106,4.8
HI,200107,4.3
HI,200108,4.3
HI,200109,4.5
HI,200110,4.5
HI,200111,4.6
HI,200112,4.2
HI,200113,4.3
HI,200201,4.4
HI,200202,4.2
HI,200203,4.1
HI,200204,4.1
HI,200205,3.9
HI,200206,4.6
HI,200207,4.1
HI,200208,4.0
HI,200209,4.1
HI,200210,3.8
HI,200211,3.9
HI,200212,3.5
HI,200213,4.0
HI,200301,3.6
HI,200302,3.4
HI,200303,3.6
HI,200304,3.7
HI,200305,3.8
HI,200306,4.8
HI,200307,4.1
HI,200308,4.1
HI,200309,4.3
HI,200310,4.0
HI,200311,3.9
HI,200312,3.4
HI,200313,3.9
HI,200401,3.7
HI,200402,3.5
HI,200403,3.4
HI,200404,3.2
HI,200405,3.0
HI,200406,3.9
HI,200407,3.3
HI,200408,3.1
HI,200409,3.4
HI,200410,3.2
HI,200411,3.2
HI,200412,2.8
HI,200413,3.3
HI,200501,3.0
HI,200502,2.9
HI,200503,2.7
HI,200504,2.8
HI,200505,2.6
HI,200506,3.3
HI,200507,2.8
HI,200508,2.7
HI,200509,3.1
HI,200510,2.8
HI,200511,2.9
HI,200512,2.4
HI,200513,2.8
HI,200601,2.5
HI,200602,2.5
HI,200603,2.5
HI,200604,2.7
HI,200605,2.7
HI,200606,3.4
HI,200607,2.8
HI,200608,2.5
HI,200609,2.5
HI,200610,2.1
HI,200611,2.3
HI,200612,1.9
HI,200613,2.5
HI,200701,2.4
HI,200702,2.4
HI,200703,2.5
HI,200704,2.5
HI,200705,2.5
HI,200706,3.2
HI,200707,2.9
HI,200708,2.8
HI,200709,3.1
HI,200710,2.9
HI,200711,3.0
HI,200712,2.9
HI,200713,2.8
HI,200801,3.2
HI,200802,3.1
HI,200803,3.2
HI,200804,3.2
HI,200805,3.5
HI,200806,4.4
HI,200807,4.2
HI,200808,4.4
HI,200809,4.8
HI,200810,4.7
HI,200811,5.0
HI,200812,5.2
HI,200813,4.1
HI,200901,5.9
HI,200902,6.1
HI,200903,6.3
HI,200904,6.2
HI,200905,6.4
HI,200906,7.2
HI,200907,6.6
HI,200908,6.6
HI,200909,7.0
HI,200910,6.8
HI,200911,6.6
HI,200912,6.5
HI,200913,6.5
HI,201001,6.9
HI,201002,6.8
HI,201003,6.8
HI,201004,6.5
HI,201005,6.4
HI,201006,7.1
HI,201007,6.7
HI,201008,6.7
HI,201009,6.8
HI,201010,6.7
HI,201011,6.8
HI,201012,6.4
HI,201013,6.7
HI,201101,6.7
HI,201102,6.6
HI,201103,6.4
HI,201104,6.3
HI,201105,6.4
HI,201106,7.3
HI,201107,6.9
HI,201108,6.9
HI,201109,7.2
HI,201110,6.8
HI,201111,6.6
HI,201112,6.3
HI,201113,6.7
HI,201201,6.4
HI,201202,6.2
HI,201203,6.1
HI,201204,5.8
HI,201205,5.9
HI,201206,6.6
HI,201207,6.0
HI,201208,5.7
HI,201209,5.6
HI,201210,5.3
HI,201211,5.1
HI,201212,4.8
HI,201213,5.8
HI,201301,5.2
HI,201302,4.8
HI,201303,4.6
HI,201304,4.4
HI,201305,4.4
HI,201306,5.3
HI,201307,4.7
HI,201308,4.6
HI,201309,4.9
HI,201310,4.8
HI,201311,4.7
HI,201312,4.3
HI,201313,4.7
HI,201401,4.5
HI,201402,4.5
HI,201403,4.4
HI,201404,4.1
HI,201405,4.2
HI,201406,4.7
HI,201407,4.4
HI,201408,4.2
HI,201409,4.3
HI,201410,4.0
HI,201411,3.9
HI,201412,3.5
HI,201413,4.2
HI,201501,3.9
HI,201502,3.6
HI,201503,3.4
HI,201504,3.4
HI,201505,3.4
HI,201506,3.9
HI,201507,3.3
HI,201508,3.3
HI,201509,3.4
HI,201510,3.2
HI,201511,3.2
HI,201512,2.9
HI,201513,3.4
HI,201601,3.0
HI,201602,2.9
HI,201603,3.0
HI,201604,2.9
HI,201605,2.8
HI,201606,3.6
HI,201607,3.0
HI,201608,2.8
HI,201609,3.0
HI,201610,2.8
HI,201611,2.6
HI,201612,2.4
HI,201613,2.9
HI,201701,2.6
HI,201702,2.5
HI,201703,2.3
HI,201704,2.3
HI,201705,2.2
HI,201706,2.8
HI,201707,2.2
HI,201708,2.2
HI,201709,2.2
HI,201710,1.8
HI,201711,2.0
HI,201712,1.8
HI,201713,2.2
HI,201801,2.1
HI,201802,2.0
HI,201803,2.1
HI,201804,2.1
HI,201805,2.0
HI,201806,3.0
HI,201807,2.4
HI,201808,2.5
HI,201809,2.7
HI,201810,2.7
HI,201811,2.6
HI,201812,2.5
HI,201813,2.4
HI,201901,2.9
HI,201902,2.6
HI,201903,2.6
HI,201904,2.4
HI,201905,2.3
HI,201906,3.1
HI,201907,2.6
HI,201908,2.5
HI,201909,2.6
HI,201910,2.4
HI,201911,2.3
HI,201912,2.0
HI,201913,2.5
HI,202001,2.3
HI,202002,2.0
HI,202003,2.1
HI,202004,22.1
HI,202005,20.9
HI,202006,17.8
HI,202007,15.7
HI,202008,12.9
HI,202009,13.8
HI,202010,11.3
HI,202011,10.5
HI,202012,10.0
HI,202013,11.6
HI,202101,9.5
HI,202102,8.9
HI,202103,8.2
HI,202104,7.6
HI,202105,6.6
HI,202106,7.0
HI,202107,5.5
HI,202108,4.8
HI,202109,4.2
HI,202110,3.4
HI,202111,3.1
HI,202112,2.8
HI,202113,6.0
HI,202201,3.2
HI,202202,3.1
HI,202203,3.0
HI,202204,3.1
HI,202205,3.1
HI,202206,3.9
HI,202207,3.4
HI,202208,3.5
HI,202209,3.5
HI,202210,3.4
HI,202211,3.4
HI,202212,2.9
HI,202213,3.3
HI,202301,3.0
HI,202302,3.0
HI,202303,2.8
HI,202304,2.5
HI,202305,2.6
HI,202306,3.3
HI,202307,2.8
HI,202308,3.0
HI,202309,3.3
HI,202310,3.1
HI,202311,2.9
HI,202312,2.7
HI,202313,2.9
HI,202401,2.9
HI,202402,2.8
HI,202403,2.7
HI,202404,2.6
HI,202405,2.5
HI,202406,3.5
HI,202407,3.2
HI,202408,3.2
HI,202409,3.2
HI,202410,3.1
HI,202411,3.2
HI,202412,2.8
HI,202413,3.0
HI,202501,2.7
HI,202502,2.8
HI,202503,2.4
ID,197601,8.0
ID,197602,7.7
ID,197603,7.1
ID,197604,6.0
ID,197605,4.3
ID,197606,5.1
ID,197607,4.6
ID,197608,5.0
ID,197609,4.3
ID,197610,4.6
ID,197611,5.4
ID,197612,5.7
ID,197613,5.6
ID,197701,8.1
ID,197702,8.0
ID,197703,7.7
ID,197704,6.1
ID,197705,4.8
ID,197706,5.4
ID,197707,5.2
ID,197708,5.5
ID,197709,4.8
ID,197710,4.7
ID,197711,5.3
ID,197712,5.3
ID,197713,5.9
ID,197801,7.1
ID,197802,7.2
ID,197803,6.8
ID,197804,5.6
ID,197805,4.3
ID,197806,4.6
ID,197807,4.6
ID,197808,5.1
ID,197809,4.9
ID,197810,4.7
ID,197811,5.4
ID,197812,6.1
ID,197813,5.5
ID,197901,7.8
ID,197902,7.8
ID,197903,7.6
ID,197904,6.5
ID,197905,4.8
ID,197906,4.8
ID,197907,4.6
ID,197908,5.2
ID,197909,4.8
ID,197910,4.8
ID,197911,5.3
ID,197912,6.1
ID,197913,5.8
ID,198001,8.2
ID,198002,8.1
ID,198003,8.5
ID,198004,8.3
ID,198005,7.4
ID,198006,7.5
ID,198007,7.1
ID,198008,7.5
ID,198009,6.7
ID,198010,6.8
ID,198011,7.2
ID,198012,7.4
ID,198013,7.6
ID,198101,9.1
ID,198102,8.7
ID,198103,8.5
ID,198104,7.5
ID,198105,6.4
ID,198106,6.8
ID,198107,6.4
ID,198108,6.6
ID,198109,6.7
ID,198110,7.1
ID,198111,8.1
ID,198112,9.3
ID,198113,7.6
ID,198201,11.3
ID,198202,11.3
ID,198203,11.1
ID,198204,10.7
ID,198205,9.2
ID,198206,8.9
ID,198207,8.6
ID,198208,9.0
ID,198209,8.7
ID,198210,9.5
ID,198211,10.3
ID,198212,11.2
ID,198213,10.0
ID,198301,12.7
ID,198302,12.1
ID,198303,11.8
ID,198304,10.2
ID,198305,8.6
ID,198306,8.5
ID,198307,8.0
ID,198308,8.4
ID,198309,7.5
ID,198310,7.2
ID,198311,7.6
ID,198312,7.9
ID,198313,9.2
ID,198401,9.0
ID,198402,8.5
ID,198403,8.5
ID,198404,7.6
ID,198405,6.3
ID,198406,6.2
ID,198407,6.3
ID,198408,6.8
ID,198409,6.4
ID,198410,6.4
ID,198411,7.0
ID,198412,7.7
ID,198413,7.2
ID,198501,9.3
ID,198502,8.9
ID,198503,9.0
ID,198504,8.4
ID,198505,7.1
ID,198506,7.2
ID,198507,7.3
ID,198508,7.0
ID,198509,6.9
ID,198510,7.1
ID,198511,7.7
ID,198512,8.3
ID,198513,7.8
ID,198601,9.7
ID,198602,9.9
ID,198603,9.5
ID,198604,8.6
ID,198605,7.9
ID,198606,8.0
ID,198607,7.6
ID,198608,8.1
ID,198609,7.8
ID,198610,7.7
ID,198611,8.3
ID,198612,8.4
ID,198613,8.4
ID,198701,10.2
ID,198702,9.8
ID,198703,9.6
ID,198704,8.5
ID,198705,7.1
ID,198706,6.9
ID,198707,6.7
ID,198708,6.9
ID,198709,6.4
ID,198710,6.3
ID,198711,6.8
ID,198712,7.2
ID,198713,7.7
ID,198801,8.4
ID,198802,8.0
ID,198803,7.9
ID,198804,6.7
ID,198805,5.8
ID,198806,5.5
ID,198807,5.2
ID,198808,5.5
ID,198809,5.0
ID,198810,4.9
ID,198811,5.5
ID,198812,5.7
ID,198813,6.1
ID,198901,7.4
ID,198902,6.9
ID,198903,6.5
ID,198904,5.9
ID,198905,4.9
ID,198906,4.9
ID,198907,4.6
ID,198908,4.8
ID,198909,4.5
ID,198910,4.5
ID,198911,5.2
ID,198912,5.3
ID,198913,5.4
ID,199001,6.9
ID,199002,6.6
ID,199003,6.4
ID,199004,6.0
ID,199005,5.0
ID,199006,4.8
ID,199007,5.0
ID,199008,4.8
ID,199009,4.6
ID,199010,4.7
ID,199011,5.7
ID,199012,6.2
ID,199013,5.6
ID,199101,8.1
ID,199102,7.9
ID,199103,7.8
ID,199104,6.8
ID,199105,5.9
ID,199106,5.7
ID,199107,5.5
ID,199108,5.5
ID,199109,5.2
ID,199110,5.1
ID,199111,6.0
ID,199112,6.7
ID,199113,6.3
ID,199201,8.1
ID,199202,8.2
ID,199203,7.7
ID,199204,6.9
ID,199205,5.9
ID,199206,6.1
ID,199207,5.9
ID,199208,6.1
ID,199209,5.8
ID,199210,5.4
ID,199211,6.3
ID,199212,6.2
ID,199213,6.5
ID,199301,7.9
ID,199302,7.7
ID,199303,7.7
ID,199304,6.8
ID,199305,5.9
ID,199306,5.8
ID,199307,5.4
ID,199308,5.3
ID,199309,5.0
ID,199310,5.0
ID,199311,5.3
ID,199312,5.6
ID,199313,6.1
ID,199401,7.3
ID,199402,6.8
ID,199403,6.6
ID,199404,5.8
ID,199405,4.8
ID,199406,4.9
ID,199407,4.9
ID,199408,4.9
ID,199409,4.7
ID,199410,4.8
ID,199411,5.3
ID,199412,5.6
ID,199413,5.5
ID,199501,7.0
ID,199502,6.5
ID,199503,6.4
ID,199504,5.9
ID,199505,5.0
ID,199506,4.9
ID,199507,5.0
ID,199508,4.9
ID,199509,4.7
ID,199510,4.6
ID,199511,5.4
ID,199512,5.6
ID,199513,5.5
ID,199601,7.0
ID,199602,6.7
ID,199603,6.7
ID,199604,5.9
ID,199605,5.1
ID,199606,4.7
ID,199607,4.9
ID,199608,4.7
ID,199609,4.4
ID,199610,4.4
ID,199611,5.3
ID,199612,5.4
ID,199613,5.4
ID,199701,6.8
ID,199702,6.5
ID,199703,6.5
ID,199704,5.5
ID,199705,4.7
ID,199706,4.7
ID,199707,4.6
ID,199708,4.7
ID,199709,4.4
ID,199710,4.4
ID,199711,4.7
ID,199712,5.2
ID,199713,5.2
ID,199801,6.8
ID,199802,6.5
ID,199803,6.7
ID,199804,5.4
ID,199805,4.6
ID,199806,4.8
ID,199807,4.7
ID,199808,4.6
ID,199809,4.5
ID,199810,4.5
ID,199811,4.9
ID,199812,5.2
ID,199813,5.3
ID,199901,6.3
ID,199902,6.4
ID,199903,6.2
ID,199904,5.5
ID,199905,4.6
ID,199906,4.7
ID,199907,4.6
ID,199908,4.5
ID,199909,4.2
ID,199910,4.1
ID,199911,4.4
ID,199912,4.5
ID,199913,5.0
ID,200001,5.9
ID,200002,5.8
ID,200003,5.6
ID,200004,4.7
ID,200005,4.2
ID,200006,4.2
ID,200007,4.2
ID,200008,4.3
ID,200009,3.9
ID,200010,3.9
ID,200011,4.5
ID,200012,4.7
ID,200013,4.6
ID,200101,5.9
ID,200102,5.7
ID,200103,5.8
ID,200104,5.2
ID,200105,4.4
ID,200106,4.5
ID,200107,4.4
ID,200108,4.7
ID,200109,4.4
ID,200110,4.7
ID,200111,5.4
ID,200112,5.7
ID,200113,5.1
ID,200201,7.2
ID,200202,6.9
ID,200203,6.9
ID,200204,6.2
ID,200205,5.1
ID,200206,5.2
ID,200207,5.1
ID,200208,4.9
ID,200209,4.6
ID,200210,4.6
ID,200211,5.5
ID,200212,5.8
ID,200213,5.7
ID,200301,6.8
ID,200302,6.5
ID,200303,6.5
ID,200304,6.0
ID,200305,5.2
ID,200306,5.5
ID,200307,5.4
ID,200308,5.2
ID,200309,4.7
ID,200310,4.7
ID,200311,5.3
ID,200312,5.3
ID,200313,5.6
ID,200401,6.5
ID,200402,6.1
ID,200403,6.1
ID,200404,5.0
ID,200405,4.4
ID,200406,4.7
ID,200407,4.5
ID,200408,4.3
ID,200409,4.1
ID,200410,4.1
ID,200411,4.5
ID,200412,4.7
ID,200413,4.9
ID,200501,5.5
ID,200502,5.3
ID,200503,4.9
ID,200504,4.2
ID,200505,3.7
ID,200506,3.8
ID,200507,3.7
ID,200508,3.4
ID,200509,3.2
ID,200510,3.1
ID,200511,3.6
ID,200512,3.5
ID,200513,4.0
ID,200601,5.0
ID,200602,4.9
ID,200603,4.4
ID,200604,3.8
ID,200605,2.9
ID,200606,3.1
ID,200607,3.0
ID,200608,2.9
ID,200609,2.5
ID,200610,2.4
ID,200611,3.0
ID,200612,3.1
ID,200613,3.4
ID,200701,4.2
ID,200702,3.9
ID,200703,3.5
ID,200704,2.9
ID,200705,2.2
ID,200706,2.5
ID,200707,2.5
ID,200708,2.5
ID,200709,2.4
ID,200710,2.5
ID,200711,3.0
ID,200712,3.7
ID,200713,3.0
ID,200801,4.1
ID,200802,4.0
ID,200803,4.0
ID,200804,4.2
ID,200805,4.3
ID,200806,4.7
ID,200807,5.0
ID,200808,5.1
ID,200809,5.1
ID,200810,5.4
ID,200811,6.5
ID,200812,7.2
ID,200813,5.0
ID,200901,9.2
ID,200902,9.5
ID,200903,9.7
ID,200904,8.1
ID,200905,8.8
ID,200906,9.2
ID,200907,9.0
ID,200908,8.8
ID,200909,8.7
ID,200910,8.8
ID,200911,9.2
ID,200912,9.7
ID,200913,9.1
ID,201001,10.9
ID,201002,10.8
ID,201003,10.3
ID,201004,9.4
ID,201005,8.5
ID,201006,8.6
ID,201007,8.6
ID,201008,8.5
ID,201009,8.1
ID,201010,8.1
ID,201011,8.9
ID,201012,9.0
ID,201013,9.1
ID,201101,10.1
ID,201102,9.8
ID,201103,9.4
ID,201104,8.6
ID,201105,8.0
ID,201106,8.2
ID,201107,8.2
ID,201108,8.0
ID,201109,7.7
ID,201110,7.5
ID,201111,7.9
ID,201112,8.1
ID,201113,8.4
ID,201201,9.0
ID,201202,8.8
ID,201203,8.4
ID,201204,7.6
ID,201205,7.2
ID,201206,7.3
ID,201207,7.3
ID,201208,7.1
ID,201209,6.6
ID,201210,6.7
ID,201211,6.9
ID,201212,7.3
ID,201213,7.5
ID,201301,8.4
ID,201302,8.0
ID,201303,7.6
ID,201304,7.0
ID,201305,6.6
ID,201306,6.9
ID,201307,6.9
ID,201308,6.6
ID,201309,6.5
ID,201310,6.6
ID,201311,6.3
ID,201312,5.9
ID,201313,6.9
ID,201401,6.5
ID,201402,6.2
ID,201403,5.7
ID,201404,4.3
ID,201405,4.1
ID,201406,3.7
ID,201407,4.0
ID,201408,3.9
ID,201409,3.5
ID,201410,3.4
ID,201411,3.9
ID,201412,3.8
ID,201413,4.4
ID,201501,4.9
ID,201502,4.7
ID,201503,4.4
ID,201504,3.8
ID,201505,3.7
ID,201506,3.7
ID,201507,3.8
ID,201508,3.6
ID,201509,3.4
ID,201510,3.4
ID,201511,3.8
ID,201512,3.9
ID,201513,3.9
ID,201601,4.7
ID,201602,4.5
ID,201603,4.4
ID,201604,3.7
ID,201605,3.3
ID,201606,3.5
ID,201607,3.6
ID,201608,3.4
ID,201609,3.3
ID,201610,3.2
ID,201611,3.4
ID,201612,3.5
ID,201613,3.7
ID,201701,4.4
ID,201702,4.2
ID,201703,3.8
ID,201704,3.1
ID,201705,2.8
ID,201706,2.9
ID,201707,3.0
ID,201708,2.8
ID,201709,2.7
ID,201710,2.6
ID,201711,3.0
ID,201712,3.0
ID,201713,3.2
ID,201801,4.0
ID,201802,3.6
ID,201803,3.4
ID,201804,2.8
ID,201805,2.4
ID,201806,2.7
ID,201807,2.7
ID,201808,2.5
ID,201809,2.3
ID,201810,2.4
ID,201811,2.7
ID,201812,3.0
ID,201813,2.9
ID,201901,4.0
ID,201902,3.7
ID,201903,3.5
ID,201904,2.8
ID,201905,2.5
ID,201906,2.7
ID,201907,2.9
ID,201908,2.6
ID,201909,2.3
ID,201910,2.4
ID,201911,2.6
ID,201912,2.7
ID,201913,2.9
ID,202001,3.5
ID,202002,3.3
ID,202003,3.6
ID,202004,11.5
ID,202005,9.3
ID,202006,7.5
ID,202007,6.6
ID,202008,4.8
ID,202009,4.5
ID,202010,3.7
ID,202011,4.0
ID,202012,4.2
ID,202013,5.5
ID,202101,4.9
ID,202102,5.0
ID,202103,4.6
ID,202104,3.9
ID,202105,3.4
ID,202106,3.7
ID,202107,3.5
ID,202108,3.3
ID,202109,2.8
ID,202110,2.6
ID,202111,2.8
ID,202112,2.7
ID,202113,3.6
ID,202201,3.6
ID,202202,3.5
ID,202203,3.2
ID,202204,2.7
ID,202205,2.5
ID,202206,2.8
ID,202207,2.8
ID,202208,2.9
ID,202209,2.5
ID,202210,2.6
ID,202211,2.8
ID,202212,2.8
ID,202213,2.9
ID,202301,3.6
ID,202302,3.6
ID,202303,3.5
ID,202304,2.9
ID,202305,3.0
ID,202306,3.0
ID,202307,3.2
ID,202308,3.2
ID,202309,3.0
ID,202310,3.0
ID,202311,3.2
ID,202312,3.3
ID,202313,3.2
ID,202401,4.0
ID,202402,4.2
ID,202403,4.0
ID,202404,3.4
ID,202405,3.3
ID,202406,3.6
ID,202407,3.8
ID,202408,3.6
ID,202409,3.3
ID,202410,3.4
ID,202411,3.7
ID,202412,3.7
ID,202413,3.7
ID,202501,4.3
ID,202502,4.2
ID,202503,4.1
IL,197601,7.3
IL,197602,7.3
IL,197603,6.9
IL,197604,6.2
IL,197605,5.7
IL,197606,7.2
IL,197607,6.9
IL,197608,6.7
IL,197609,6.2
IL,197610,6.1
IL,197611,6.0
IL,197612,6.1
IL,197613,6.5
IL,197701,6.8
IL,197702,6.7
IL,197703,6.4
IL,197704,5.6
IL,197705,5.3
IL,197706,6.9
IL,197707,6.4
IL,197708,6.4
IL,197709,6.1
IL,197710,6.0
IL,197711,6.1
IL,197712,5.7
IL,197713,6.2
IL,197801,7.1
IL,197802,6.8
IL,197803,6.5
IL,197804,5.8
IL,197805,5.7
IL,197806,6.3
IL,197807,6.3
IL,197808,5.9
IL,197809,5.5
IL,197810,5.3
IL,197811,5.3
IL,197812,5.6
IL,197813,6.0
IL,197901,6.0
IL,197902,6.0
IL,197903,5.8
IL,197904,5.2
IL,197905,4.8
IL,197906,5.8
IL,197907,5.3
IL,197908,5.4
IL,197909,5.3
IL,197910,5.5
IL,197911,5.6
IL,197912,6.0
IL,197913,5.6
IL,198001,7.4
IL,198002,7.3
IL,198003,7.2
IL,198004,7.2
IL,198005,7.9
IL,198006,8.9
IL,198007,9.0
IL,198008,8.7
IL,198009,8.3
IL,198010,8.6
IL,198011,8.5
IL,198012,8.5
IL,198013,8.1
IL,198101,9.7
IL,198102,9.4
IL,198103,9.0
IL,198104,8.2
IL,198105,8.3
IL,198106,8.8
IL,198107,8.2
IL,198108,8.2
IL,198109,8.2
IL,198110,8.3
IL,198111,8.6
IL,198112,9.1
IL,198113,8.7
IL,198201,10.2
IL,198202,10.4
IL,198203,10.5
IL,198204,10.4
IL,198205,10.5
IL,198206,11.6
IL,198207,11.8
IL,198208,11.6
IL,198209,11.7
IL,198210,12.0
IL,198211,12.4
IL,198212,12.8
IL,198213,11.3
IL,198301,13.7
IL,198302,13.6
IL,198303,13.0
IL,198304,12.4
IL,198305,12.0
IL,198306,12.6
IL,198307,11.5
IL,198308,11.3
IL,198309,10.5
IL,198310,10.1
IL,198311,9.8
IL,198312,9.9
IL,198313,11.7
IL,198401,10.7
IL,198402,10.3
IL,198403,10.1
IL,198404,9.5
IL,198405,8.8
IL,198406,8.9
IL,198407,8.8
IL,198408,8.8
IL,198409,8.5
IL,198410,8.6
IL,198411,8.3
IL,198412,8.6
IL,198413,9.2
IL,198501,9.8
IL,198502,9.4
IL,198503,9.0
IL,198504,9.0
IL,198505,9.0
IL,198506,9.5
IL,198507,9.2
IL,198508,8.9
IL,198509,8.8
IL,198510,8.9
IL,198511,8.7
IL,198512,8.6
IL,198513,9.1
IL,198601,9.0
IL,198602,9.7
IL,198603,9.1
IL,198604,8.5
IL,198605,8.4
IL,198606,8.7
IL,198607,8.1
IL,198608,7.8
IL,198609,7.8
IL,198610,7.6
IL,198611,7.4
IL,198612,7.3
IL,198613,8.3
IL,198701,8.5
IL,198702,8.5
IL,198703,8.2
IL,198704,7.7
IL,198705,7.7
IL,198706,7.7
IL,198707,7.2
IL,198708,7.0
IL,198709,6.6
IL,198710,6.8
IL,198711,6.7
IL,198712,6.8
IL,198713,7.5
IL,198801,7.7
IL,198802,7.8
IL,198803,7.5
IL,198804,6.9
IL,198805,6.8
IL,198806,6.8
IL,198807,6.5
IL,198808,6.6
IL,198809,6.0
IL,198810,6.0
IL,198811,6.2
IL,198812,6.1
IL,198813,6.7
IL,198901,6.9
IL,198902,6.5
IL,198903,6.1
IL,198904,5.9
IL,198905,5.7
IL,198906,6.1
IL,198907,5.7
IL,198908,5.7
IL,198909,5.7
IL,198910,5.9
IL,198911,6.2
IL,198912,6.2
IL,198913,6.1
IL,199001,7.0
IL,199002,6.8
IL,199003,6.4
IL,199004,6.3
IL,199005,5.9
IL,199006,6.2
IL,199007,6.3
IL,199008,6.4
IL,199009,6.2
IL,199010,5.9
IL,199011,6.0
IL,199012,6.2
IL,199013,6.3
IL,199101,7.3
IL,199102,7.2
IL,199103,7.2
IL,199104,6.6
IL,199105,6.6
IL,199106,7.4
IL,199107,7.1
IL,199108,7.2
IL,199109,7.0
IL,199110,7.4
IL,199111,7.8
IL,199112,8.3
IL,199113,7.3
IL,199201,9.2
IL,199202,9.2
IL,199203,8.6
IL,199204,8.0
IL,199205,8.0
IL,199206,8.7
IL,199207,8.0
IL,199208,7.4
IL,199209,6.9
IL,199210,6.4
IL,199211,6.8
IL,199212,7.2
IL,199213,7.9
IL,199301,8.3
IL,199302,8.5
IL,199303,8.2
IL,199304,7.8
IL,199305,7.7
IL,199306,8.2
IL,199307,7.5
IL,199308,7.2
IL,199309,7.0
IL,199310,6.8
IL,199311,6.2
IL,199312,6.2
IL,199313,7.5
IL,199401,7.5
IL,199402,7.2
IL,199403,6.8
IL,199404,6.0
IL,199405,5.6
IL,199406,6.0
IL,199407,5.8
IL,199408,5.5
IL,199409,5.1
IL,199410,5.2
IL,199411,4.7
IL,199412,4.6
IL,199413,5.8
IL,199501,5.8
IL,199502,5.6
IL,199503,5.3
IL,199504,5.5
IL,199505,5.1
IL,199506,5.2
IL,199507,5.3
IL,199508,5.3
IL,199509,5.0
IL,199510,4.8
IL,199511,4.8
IL,199512,5.0
IL,199513,5.2
IL,199601,6.1
IL,199602,5.8
IL,199603,5.6
IL,199604,5.3
IL,199605,5.3
IL,199606,5.5
IL,199607,5.6
IL,199608,5.1
IL,199609,4.9
IL,199610,4.7
IL,199611,4.7
IL,199612,4.9
IL,199613,5.3
IL,199701,5.8
IL,199702,5.6
IL,199703,5.3
IL,199704,4.7
IL,199705,4.2
IL,199706,4.8
IL,199707,4.7
IL,199708,4.5
IL,199709,4.5
IL,199710,4.3
IL,199711,4.4
IL,199712,4.7
IL,199713,4.8
IL,199801,5.6
IL,199802,5.1
IL,199803,4.9
IL,199804,3.9
IL,199805,3.9
IL,199806,4.7
IL,199807,4.4
IL,199808,4.3
IL,199809,4.4
IL,199810,4.2
IL,199811,4.2
IL,199812,4.1
IL,199813,4.5
IL,199901,4.8
IL,199902,4.7
IL,199903,4.2
IL,199904,4.2
IL,199905,4.3
IL,199906,4.9
IL,199907,4.8
IL,199908,4.6
IL,199909,4.3
IL,199910,4.0
IL,199911,4.1
IL,199912,4.1
IL,199913,4.4
IL,200001,4.8
IL,200002,4.9
IL,200003,4.8
IL,200004,4.1
IL,200005,4.2
IL,200006,4.7
IL,200007,4.6
IL,200008,4.5
IL,200009,4.1
IL,200010,3.8
IL,200011,4.3
IL,200012,4.6
IL,200013,4.5
IL,200101,5.6
IL,200102,5.5
IL,200103,5.6
IL,200104,5.2
IL,200105,4.8
IL,200106,5.5
IL,200107,5.3
IL,200108,5.5
IL,200109,5.1
IL,200110,5.3
IL,200111,5.7
IL,200112,5.9
IL,200113,5.4
IL,200201,7.0
IL,200202,6.8
IL,200203,6.8
IL,200204,6.5
IL,200205,6.2
IL,200206,7.0
IL,200207,6.9
IL,200208,6.5
IL,200209,6.0
IL,200210,6.2
IL,200211,6.4
IL,200212,6.4
IL,200213,6.5
IL,200301,7.3
IL,200302,7.2
IL,200303,6.9
IL,200304,6.4
IL,200305,6.3
IL,200306,7.4
IL,200307,7.0
IL,200308,6.9
IL,200309,6.6
IL,200310,6.2
IL,200311,6.3
IL,200312,6.1
IL,200313,6.7
IL,200401,7.1
IL,200402,6.7
IL,200403,6.7
IL,200404,6.1
IL,200405,6.0
IL,200406,6.5
IL,200407,6.3
IL,200408,6.1
IL,200409,5.7
IL,200410,5.8
IL,200411,5.8
IL,200412,5.7
IL,200413,6.2
IL,200501,6.4
IL,200502,6.6
IL,200503,6.1
IL,200504,5.9
IL,200505,5.7
IL,200506,6.2
IL,200507,5.9
IL,200508,5.5
IL,200509,5.3
IL,200510,5.0
IL,200511,5.0
IL,200512,5.1
IL,200513,5.7
IL,200601,5.6
IL,200602,5.5
IL,200603,5.1
IL,200604,4.7
IL,200605,4.3
IL,200606,4.8
IL,200607,4.8
IL,200608,4.5
IL,200609,4.1
IL,200610,3.8
IL,200611,3.9
IL,200612,4.2
IL,200613,4.6
IL,200701,5.3
IL,200702,5.2
IL,200703,4.7
IL,200704,4.8
IL,200705,4.6
IL,200706,5.4
IL,200707,5.4
IL,200708,5.2
IL,200709,5.0
IL,200710,4.9
IL,200711,5.0
IL,200712,5.5
IL,200713,5.1
IL,200801,6.3
IL,200802,6.0
IL,200803,5.9
IL,200804,5.5
IL,200805,6.1
IL,200806,6.9
IL,200807,6.9
IL,200808,6.9
IL,200809,6.5
IL,200810,6.6
IL,200811,6.7
IL,200812,7.4
IL,200813,6.5
IL,200901,8.9
IL,200902,9.4
IL,200903,9.5
IL,200904,9.3
IL,200905,9.6
IL,200906,10.3
IL,200907,10.3
IL,200908,10.2
IL,200909,10.3
IL,200910,10.5
IL,200911,10.4
IL,200912,10.9
IL,200913,10.0
IL,201001,12.1
IL,201002,11.8
IL,201003,11.5
IL,201004,10.6
IL,201005,10.1
IL,201006,10.6
IL,201007,10.5
IL,201008,10.1
IL,201009,9.6
IL,201010,9.3
IL,201011,9.5
IL,201012,9.4
IL,201013,10.4
IL,201101,10.2
IL,201102,10.0
IL,201103,9.7
IL,201104,9.3
IL,201105,9.4
IL,201106,10.3
IL,201107,10.3
IL,201108,10.2
IL,201109,9.9
IL,201110,9.6
IL,201111,9.2
IL,201112,9.3
IL,201113,9.8
IL,201201,9.8
IL,201202,9.6
IL,201203,9.2
IL,201204,8.6
IL,201205,8.6
IL,201206,9.4
IL,201207,9.4
IL,201208,9.1
IL,201209,8.5
IL,201210,8.6
IL,201211,8.4
IL,201212,8.9
IL,201213,9.0
IL,201301,10.2
IL,201302,9.9
IL,201303,9.2
IL,201304,8.8
IL,201305,8.8
IL,201306,9.7
IL,201307,9.4
IL,201308,9.1
IL,201309,8.7
IL,201310,8.7
IL,201311,8.4
IL,201312,8.3
IL,201313,9.1
IL,201401,8.8
IL,201402,8.8
IL,201403,8.2
IL,201404,7.1
IL,201405,7.0
IL,201406,7.2
IL,201407,7.2
IL,201408,6.9
IL,201409,6.4
IL,201410,6.2
IL,201411,6.0
IL,201412,5.9
IL,201413,7.2
IL,201501,6.8
IL,201502,6.5
IL,201503,6.2
IL,201504,5.6
IL,201505,5.8
IL,201506,6.2
IL,201507,6.2
IL,201508,5.8
IL,201509,5.5
IL,201510,5.7
IL,201511,5.9
IL,201512,6.0
IL,201513,6.0
IL,201601,6.8
IL,201602,6.6
IL,201603,6.4
IL,201604,5.9
IL,201605,5.5
IL,201606,6.0
IL,201607,5.8
IL,201608,5.8
IL,201609,5.7
IL,201610,5.6
IL,201611,5.1
IL,201612,5.3
IL,201613,5.9
IL,201701,6.1
IL,201702,5.5
IL,201703,5.0
IL,201704,4.6
IL,201705,4.5
IL,201706,5.2
IL,201707,5.1
IL,201708,5.2
IL,201709,4.7
IL,201710,4.6
IL,201711,4.5
IL,201712,4.5
IL,201713,5.0
IL,201801,5.1
IL,201802,4.9
IL,201803,4.4
IL,201804,3.9
IL,201805,3.8
IL,201806,4.8
IL,201807,4.5
IL,201808,4.4
IL,201809,4.1
IL,201810,4.2
IL,201811,4.1
IL,201812,4.4
IL,201813,4.4
IL,201901,5.3
IL,201902,4.8
IL,201903,4.5
IL,201904,3.9
IL,201905,3.6
IL,201906,4.1
IL,201907,4.2
IL,201908,3.9
IL,201909,3.5
IL,201910,3.5
IL,201911,3.2
IL,201912,3.3
IL,201913,4.0
IL,202001,4.0
IL,202002,3.8
IL,202003,5.6
IL,202004,17.9
IL,202005,14.7
IL,202006,12.9
IL,202007,11.9
IL,202008,9.6
IL,202009,9.0
IL,202010,7.4
IL,202011,7.3
IL,202012,7.7
IL,202013,9.3
IL,202101,7.8
IL,202102,7.3
IL,202103,6.7
IL,202104,6.4
IL,202105,6.2
IL,202106,7.2
IL,202107,6.6
IL,202108,6.1
IL,202109,5.2
IL,202110,4.9
IL,202111,4.4
IL,202112,4.2
IL,202113,6.1
IL,202201,5.3
IL,202202,5.0
IL,202203,4.7
IL,202204,4.4
IL,202205,4.4
IL,202206,5.0
IL,202207,4.8
IL,202208,4.9
IL,202209,4.4
IL,202210,4.3
IL,202211,4.2
IL,202212,4.0
IL,202213,4.6
IL,202301,4.7
IL,202302,4.7
IL,202303,4.4
IL,202304,3.8
IL,202305,4.0
IL,202306,4.8
IL,202307,4.7
IL,202308,5.1
IL,202309,4.7
IL,202310,4.5
IL,202311,4.2
IL,202312,4.3
IL,202313,4.5
IL,202401,5.2
IL,202402,5.3
IL,202403,5.0
IL,202404,4.6
IL,202405,4.8
IL,202406,5.7
IL,202407,5.7
IL,202408,5.3
IL,202409,4.7
IL,202410,4.7
IL,202411,4.5
IL,202412,4.3
IL,202413,5.0
IL,202501,5.0
IL,202502,5.1
IL,202503,5.0
IN,197601,7.9
IN,197602,7.7
IN,197603,7.1
IN,197604,6.0
IN,197605,5.4
IN,197606,5.8
IN,197607,5.5
IN,197608,5.8
IN,197609,5.4
IN,197610,5.5
IN,197611,5.6
IN,197612,5.4
IN,197613,6.1
IN,197701,6.2
IN,197702,7.0
IN,197703,6.2
IN,197704,5.2
IN,197705,5.3
IN,197706,6.0
IN,197707,5.7
IN,197708,5.8
IN,197709,5.6
IN,197710,5.3
IN,197711,5.5
IN,197712,5.4
IN,197713,5.8
IN,197801,6.2
IN,197802,6.4
IN,197803,6.3
IN,197804,5.5
IN,197805,5.2
IN,197806,5.6
IN,197807,5.5
IN,197808,5.3
IN,197809,5.2
IN,197810,5.0
IN,197811,5.2
IN,197812,5.4
IN,197813,5.6
IN,197901,5.9
IN,197902,6.4
IN,197903,6.2
IN,197904,5.7
IN,197905,5.5
IN,197906,6.2
IN,197907,6.5
IN,197908,7.0
IN,197909,6.6
IN,197910,6.8
IN,197911,6.9
IN,197912,7.5
IN,197913,6.4
IN,198001,8.6
IN,198002,8.9
IN,198003,9.0
IN,198004,9.1
IN,198005,10.3
IN,198006,10.9
IN,198007,10.9
IN,198008,10.4
IN,198009,9.5
IN,198010,9.2
IN,198011,9.2
IN,198012,9.0
IN,198013,9.6
IN,198101,10.2
IN,198102,10.4
IN,198103,10.0
IN,198104,9.1
IN,198105,9.4
IN,198106,9.5
IN,198107,9.2
IN,198108,9.2
IN,198109,9.2
IN,198110,9.7
IN,198111,10.4
IN,198112,11.3
IN,198113,9.8
IN,198201,12.2
IN,198202,12.5
IN,198203,12.4
IN,198204,11.7
IN,198205,11.2
IN,198206,11.5
IN,198207,11.5
IN,198208,11.4
IN,198209,11.4
IN,198210,11.8
IN,198211,12.5
IN,198212,12.6
IN,198213,11.9
IN,198301,13.3
IN,198302,13.3
IN,198303,12.6
IN,198304,11.5
IN,198305,11.1
IN,198306,11.1
IN,198307,10.3
IN,198308,10.6
IN,198309,10.0
IN,198310,9.9
IN,198311,9.7
IN,198312,9.7
IN,198313,11.1
IN,198401,10.3
IN,198402,10.0
IN,198403,9.6
IN,198404,8.6
IN,198405,8.2
IN,198406,7.8
IN,198407,7.8
IN,198408,7.8
IN,198409,7.8
IN,198410,7.9
IN,198411,7.9
IN,198412,8.1
IN,198413,8.5
IN,198501,9.1
IN,198502,9.1
IN,198503,8.6
IN,198504,7.7
IN,198505,7.7
IN,198506,7.9
IN,198507,7.4
IN,198508,7.2
IN,198509,6.9
IN,198510,6.9
IN,198511,6.9
IN,198512,6.9
IN,198513,7.7
IN,198601,7.4
IN,198602,8.0
IN,198603,7.6
IN,198604,6.9
IN,198605,7.0
IN,198606,6.7
IN,198607,6.2
IN,198608,6.1
IN,198609,6.3
IN,198610,6.3
IN,198611,6.5
IN,198612,6.3
IN,198613,6.8
IN,198701,7.5
IN,198702,7.5
IN,198703,7.1
IN,198704,6.2
IN,198705,6.4
IN,198706,6.1
IN,198707,5.8
IN,198708,5.8
IN,198709,5.4
IN,198710,5.4
IN,198711,5.4
IN,198712,5.2
IN,198713,6.1
IN,198801,5.9
IN,198802,6.1
IN,198803,5.9
IN,198804,4.9
IN,198805,5.1
IN,198806,4.9
IN,198807,5.0
IN,198808,5.1
IN,198809,4.7
IN,198810,4.7
IN,198811,4.9
IN,198812,4.8
IN,198813,5.2
IN,198901,5.5
IN,198902,5.3
IN,198903,4.8
IN,198904,4.3
IN,198905,4.4
IN,198906,4.5
IN,198907,4.6
IN,198908,4.5
IN,198909,4.4
IN,198910,4.6
IN,198911,4.9
IN,198912,4.9
IN,198913,4.7
IN,199001,5.7
IN,199002,5.8
IN,199003,5.6
IN,199004,5.2
IN,199005,5.0
IN,199006,4.8
IN,199007,4.7
IN,199008,4.9
IN,199009,4.5
IN,199010,4.4
IN,199011,5.1
IN,199012,5.3
IN,199013,5.1
IN,199101,6.4
IN,199102,7.0
IN,199103,6.9
IN,199104,5.6
IN,199105,5.7
IN,199106,5.8
IN,199107,5.4
IN,199108,5.1
IN,199109,4.7
IN,199110,4.9
IN,199111,5.1
IN,199112,5.5
IN,199113,5.7
IN,199201,6.6
IN,199202,6.9
IN,199203,6.6
IN,199204,5.9
IN,199205,6.2
IN,199206,6.5
IN,199207,6.3
IN,199208,6.0
IN,199209,5.7
IN,199210,5.2
IN,199211,5.6
IN,199212,5.6
IN,199213,6.1
IN,199301,6.4
IN,199302,6.5
IN,199303,6.0
IN,199304,5.5
IN,199305,5.7
IN,199306,5.9
IN,199307,4.5
IN,199308,4.1
IN,199309,3.8
IN,199310,4.0
IN,199311,4.2
IN,199312,4.4
IN,199313,5.1
IN,199401,5.5
IN,199402,5.6
IN,199403,5.4
IN,199404,4.6
IN,199405,4.5
IN,199406,4.7
IN,199407,4.8
IN,199408,4.6
IN,199409,4.1
IN,199410,4.1
IN,199411,4.1
IN,199412,3.9
IN,199413,4.6
IN,199501,4.8
IN,199502,4.8
IN,199503,4.8
IN,199504,4.6
IN,199505,4.4
IN,199506,4.6
IN,199507,4.5
IN,199508,4.2
IN,199509,3.8
IN,199510,4.0
IN,199511,4.2
IN,199512,4.1
IN,199513,4.4
IN,199601,5.1
IN,199602,4.9
IN,199603,4.7
IN,199604,4.1
IN,199605,4.1
IN,199606,4.0
IN,199607,4.0
IN,199608,3.5
IN,199609,3.3
IN,199610,3.2
IN,199611,3.3
IN,199612,3.2
IN,199613,3.9
IN,199701,3.9
IN,199702,3.9
IN,199703,3.9
IN,199704,3.2
IN,199705,3.2
IN,199706,3.5
IN,199707,3.3
IN,199708,3.4
IN,199709,3.1
IN,199710,3.1
IN,199711,3.0
IN,199712,3.0
IN,199713,3.4
IN,199801,3.7
IN,199802,3.7
IN,199803,3.6
IN,199804,2.5
IN,199805,2.7
IN,199806,2.9
IN,199807,2.9
IN,199808,2.9
IN,199809,2.7
IN,199810,2.6
IN,199811,2.8
IN,199812,2.7
IN,199813,3.0
IN,199901,3.4
IN,199902,3.4
IN,199903,3.1
IN,199904,2.6
IN,199905,2.7
IN,199906,3.0
IN,199907,2.8
IN,199908,2.8
IN,199909,2.7
IN,199910,2.7
IN,199911,2.9
IN,199912,2.8
IN,199913,2.9
IN,200001,3.5
IN,200002,3.7
IN,200003,3.6
IN,200004,2.9
IN,200005,3.0
IN,200006,3.2
IN,200007,3.1
IN,200008,2.9
IN,200009,2.3
IN,200010,2.3
IN,200011,2.7
IN,200012,2.9
IN,200013,3.0
IN,200101,4.1
IN,200102,4.0
IN,200103,4.2
IN,200104,3.6
IN,200105,3.6
IN,200106,4.1
IN,200107,4.1
IN,200108,4.2
IN,200109,3.9
IN,200110,4.5
IN,200111,4.9
IN,200112,5.0
IN,200113,4.2
IN,200201,6.0
IN,200202,6.0
IN,200203,5.8
IN,200204,5.2
IN,200205,5.0
IN,200206,5.2
IN,200207,5.0
IN,200208,4.9
IN,200209,4.4
IN,200210,4.5
IN,200211,4.8
IN,200212,4.7
IN,200213,5.1
IN,200301,5.5
IN,200302,5.6
IN,200303,5.4
IN,200304,5.0
IN,200305,4.9
IN,200306,5.3
IN,200307,5.5
IN,200308,5.3
IN,200309,4.9
IN,200310,4.9
IN,200311,5.1
IN,200312,5.0
IN,200313,5.2
IN,200401,6.0
IN,200402,6.1
IN,200403,6.1
IN,200404,5.1
IN,200405,5.1
IN,200406,5.4
IN,200407,5.4
IN,200408,5.2
IN,200409,4.9
IN,200410,5.1
IN,200411,5.3
IN,200412,5.3
IN,200413,5.4
IN,200501,6.2
IN,200502,6.4
IN,200503,6.0
IN,200504,5.2
IN,200505,5.0
IN,200506,5.4
IN,200507,5.4
IN,200508,5.2
IN,200509,5.0
IN,200510,5.0
IN,200511,5.2
IN,200512,5.0
IN,200513,5.4
IN,200601,5.4
IN,200602,5.7
IN,200603,5.4
IN,200604,4.8
IN,200605,4.9
IN,200606,5.2
IN,200607,5.4
IN,200608,5.0
IN,200609,4.5
IN,200610,4.4
IN,200611,4.7
IN,200612,4.5
IN,200613,5.0
IN,200701,5.4
IN,200702,5.3
IN,200703,4.9
IN,200704,4.4
IN,200705,4.3
IN,200706,4.6
IN,200707,4.7
IN,200708,4.5
IN,200709,4.2
IN,200710,4.3
IN,200711,4.5
IN,200712,4.6
IN,200713,4.6
IN,200801,5.3
IN,200802,5.4
IN,200803,5.6
IN,200804,4.7
IN,200805,5.3
IN,200806,5.7
IN,200807,6.1
IN,200808,6.0
IN,200809,5.8
IN,200810,6.1
IN,200811,6.9
IN,200812,7.8
IN,200813,5.9
IN,200901,9.8
IN,200902,10.4
IN,200903,10.8
IN,200904,10.0
IN,200905,10.4
IN,200906,10.7
IN,200907,10.5
IN,200908,10.0
IN,200909,9.7
IN,200910,9.9
IN,200911,10.0
IN,200912,10.2
IN,200913,10.2
IN,201001,11.2
IN,201002,11.4
IN,201003,11.2
IN,201004,10.0
IN,201005,9.9
IN,201006,10.0
IN,201007,10.0
IN,201008,9.7
IN,201009,9.2
IN,201010,9.1
IN,201011,9.4
IN,201012,9.0
IN,201013,10.0
IN,201101,9.7
IN,201102,9.6
IN,201103,9.2
IN,201104,8.3
IN,201105,8.6
IN,201106,9.0
IN,201107,9.2
IN,201108,9.0
IN,201109,8.7
IN,201110,8.7
IN,201111,8.6
IN,201112,8.4
IN,201113,8.9
IN,201201,9.0
IN,201202,9.0
IN,201203,8.6
IN,201204,7.6
IN,201205,7.9
IN,201206,8.3
IN,201207,8.5
IN,201208,8.1
IN,201209,7.6
IN,201210,7.7
IN,201211,7.9
IN,201212,8.1
IN,201213,8.2
IN,201301,9.2
IN,201302,8.8
IN,201303,8.3
IN,201304,7.3
IN,201305,7.6
IN,201306,7.9
IN,201307,7.7
IN,201308,7.1
IN,201309,6.7
IN,201310,6.8
IN,201311,6.7
IN,201312,6.1
IN,201313,7.5
IN,201401,6.8
IN,201402,7.0
IN,201403,6.7
IN,201404,5.5
IN,201405,5.9
IN,201406,6.0
IN,201407,6.2
IN,201408,5.7
IN,201409,5.3
IN,201410,5.4
IN,201411,5.6
IN,201412,5.3
IN,201413,5.9
IN,201501,6.1
IN,201502,5.8
IN,201503,5.4
IN,201504,4.3
IN,201505,4.8
IN,201506,4.8
IN,201507,4.9
IN,201508,4.4
IN,201509,4.1
IN,201510,4.3
IN,201511,4.5
IN,201512,4.4
IN,201513,4.8
IN,201601,5.1
IN,201602,5.2
IN,201603,5.1
IN,201604,4.2
IN,201605,4.1
IN,201606,4.5
IN,201607,4.5
IN,201608,4.3
IN,201609,3.9
IN,201610,3.8
IN,201611,3.9
IN,201612,3.8
IN,201613,4.4
IN,201701,4.6
IN,201702,4.4
IN,201703,3.8
IN,201704,2.9
IN,201705,3.2
IN,201706,3.5
IN,201707,3.8
IN,201708,3.6
IN,201709,3.2
IN,201710,3.1
IN,201711,3.2
IN,201712,3.0
IN,201713,3.5
IN,201801,3.9
IN,201802,3.9
IN,201803,3.6
IN,201804,3.0
IN,201805,3.2
IN,201806,3.7
IN,201807,3.7
IN,201808,3.4
IN,201809,2.9
IN,201810,3.3
IN,201811,3.3
IN,201812,3.2
IN,201813,3.4
IN,201901,4.2
IN,201902,4.0
IN,201903,3.8
IN,201904,2.8
IN,201905,3.0
IN,201906,3.4
IN,201907,3.6
IN,201908,3.2
IN,201909,2.8
IN,201910,3.0
IN,201911,3.1
IN,201912,2.9
IN,201913,3.3
IN,202001,3.8
IN,202002,3.7
IN,202003,4.5
IN,202004,16.5
IN,202005,12.8
IN,202006,10.3
IN,202007,9.3
IN,202008,6.8
IN,202009,6.0
IN,202010,5.2
IN,202011,5.0
IN,202012,4.6
IN,202013,7.3
IN,202101,5.2
IN,202102,5.0
IN,202103,4.8
IN,202104,4.0
IN,202105,4.1
IN,202106,4.5
IN,202107,4.1
IN,202108,3.6
IN,202109,3.2
IN,202110,2.9
IN,202111,2.8
IN,202112,2.5
IN,202113,3.9
IN,202201,3.4
IN,202202,3.5
IN,202203,3.3
IN,202204,2.5
IN,202205,2.9
IN,202206,3.3
IN,202207,3.5
IN,202208,3.2
IN,202209,2.6
IN,202210,3.0
IN,202211,3.1
IN,202212,2.7
IN,202213,3.1
IN,202301,3.7
IN,202302,3.8
IN,202303,3.7
IN,202304,2.8
IN,202305,3.4
IN,202306,3.6
IN,202307,3.7
IN,202308,3.6
IN,202309,3.2
IN,202310,3.3
IN,202311,3.4
IN,202312,3.2
IN,202313,3.4
IN,202401,4.1
IN,202402,4.4
IN,202403,4.3
IN,202404,3.6
IN,202405,4.0
IN,202406,4.4
IN,202407,4.9
IN,202408,4.4
IN,202409,4.0
IN,202410,4.0
IN,202411,4.3
IN,202412,4.0
IN,202413,4.2
IN,202501,4.5
IN,202502,4.5
IN,202503,3.4
IA,197601,5.6
IA,197602,5.5
IA,197603,5.1
IA,197604,4.3
IA,197605,3.5
IA,197606,4.1
IA,197607,3.5
IA,197608,3.7
IA,197609,3.6
IA,197610,3.2
IA,197611,3.7
IA,197612,4.3
IA,197613,4.2
IA,197701,4.9
IA,197702,5.1
IA,197703,4.7
IA,197704,3.9
IA,197705,3.4
IA,197706,4.1
IA,197707,3.6
IA,197708,4.2
IA,197709,3.5
IA,197710,3.3
IA,197711,3.6
IA,197712,3.9
IA,197713,4.0
IA,197801,4.8
IA,197802,5.0
IA,197803,4.7
IA,197804,4.0
IA,197805,3.2
IA,197806,3.6
IA,197807,3.4
IA,197808,3.4
IA,197809,3.4
IA,197810,3.1
IA,197811,3.7
IA,197812,4.4
IA,197813,3.9
IA,197901,4.7
IA,197902,4.8
IA,197903,4.6
IA,197904,4.3
IA,197905,3.5
IA,197906,4.1
IA,197907,3.6
IA,197908,4.1
IA,197909,3.9
IA,197910,3.6
IA,197911,4.1
IA,197912,4.6
IA,197913,4.2
IA,198001,5.3
IA,198002,5.5
IA,198003,5.1
IA,198004,5.4
IA,198005,5.8
IA,198006,6.7
IA,198007,6.4
IA,198008,7.0
IA,198009,6.3
IA,198010,5.8
IA,198011,5.9
IA,198012,6.0
IA,198013,5.9
IA,198101,7.1
IA,198102,7.1
IA,198103,6.6
IA,198104,6.1
IA,198105,5.8
IA,198106,6.3
IA,198107,5.6
IA,198108,6.1
IA,198109,6.3
IA,198110,6.2
IA,198111,6.9
IA,198112,7.7
IA,198113,6.5
IA,198201,8.8
IA,198202,8.8
IA,198203,8.9
IA,198204,8.5
IA,198205,7.7
IA,198206,8.4
IA,198207,7.8
IA,198208,7.9
IA,198209,8.0
IA,198210,8.0
IA,198211,8.7
IA,198212,9.3
IA,198213,8.4
IA,198301,10.4
IA,198302,10.1
IA,198303,9.7
IA,198304,9.1
IA,198305,8.1
IA,198306,8.1
IA,198307,7.0
IA,198308,7.9
IA,198309,6.9
IA,198310,6.6
IA,198311,6.8
IA,198312,7.2
IA,198313,8.2
IA,198401,8.0
IA,198402,8.0
IA,198403,7.6
IA,198404,7.3
IA,198405,6.4
IA,198406,6.5
IA,198407,6.0
IA,198408,6.5
IA,198409,6.5
IA,198410,6.3
IA,198411,6.7
IA,198412,7.3
IA,198413,6.9
IA,198501,8.6
IA,198502,8.5
IA,198503,8.1
IA,198504,7.7
IA,198505,6.9
IA,198506,7.2
IA,198507,6.8
IA,198508,6.8
IA,198509,7.1
IA,198510,6.9
IA,198511,7.1
IA,198512,7.3
IA,198513,7.4
IA,198601,8.0
IA,198602,8.3
IA,198603,8.0
IA,198604,7.2
IA,198605,6.7
IA,198606,6.8
IA,198607,6.1
IA,198608,6.3
IA,198609,6.3
IA,198610,5.7
IA,198611,6.0
IA,198612,6.2
IA,198613,6.8
IA,198701,7.1
IA,198702,6.8
IA,198703,6.5
IA,198704,5.7
IA,198705,5.3
IA,198706,5.6
IA,198707,5.0
IA,198708,5.2
IA,198709,5.3
IA,198710,4.9
IA,198711,5.1
IA,198712,5.0
IA,198713,5.6
IA,198801,5.8
IA,198802,5.6
IA,198803,5.3
IA,198804,4.7
IA,198805,4.5
IA,198806,4.6
IA,198807,4.1
IA,198808,4.4
IA,198809,4.3
IA,198810,4.0
IA,198811,4.3
IA,198812,4.5
IA,198813,4.7
IA,198901,5.3
IA,198902,4.9
IA,198903,4.5
IA,198904,4.3
IA,198905,3.9
IA,198906,4.2
IA,198907,3.8
IA,198908,4.3
IA,198909,4.2
IA,198910,4.0
IA,198911,4.3
IA,198912,4.4
IA,198913,4.4
IA,199001,5.2
IA,199002,5.0
IA,199003,4.8
IA,199004,4.5
IA,199005,4.0
IA,199006,4.0
IA,199007,3.8
IA,199008,4.2
IA,199009,4.2
IA,199010,4.0
IA,199011,4.4
IA,199012,4.8
IA,199013,4.4
IA,199101,5.7
IA,199102,5.8
IA,199103,5.5
IA,199104,4.6
IA,199105,4.5
IA,199106,4.6
IA,199107,4.0
IA,199108,4.3
IA,199109,4.2
IA,199110,4.0
IA,199111,4.3
IA,199112,4.8
IA,199113,4.7
IA,199201,5.8
IA,199202,5.4
IA,199203,5.1
IA,199204,4.4
IA,199205,4.2
IA,199206,4.6
IA,199207,4.0
IA,199208,4.1
IA,199209,4.1
IA,199210,3.8
IA,199211,4.0
IA,199212,4.5
IA,199213,4.5
IA,199301,5.3
IA,199302,5.0
IA,199303,4.8
IA,199304,4.3
IA,199305,3.8
IA,199306,4.1
IA,199307,4.0
IA,199308,3.7
IA,199309,3.6
IA,199310,3.5
IA,199311,3.5
IA,199312,3.9
IA,199313,4.1
IA,199401,5.0
IA,199402,4.7
IA,199403,4.4
IA,199404,3.6
IA,199405,3.1
IA,199406,3.4
IA,199407,3.0
IA,199408,3.3
IA,199409,3.2
IA,199410,3.1
IA,199411,3.1
IA,199412,3.5
IA,199413,3.6
IA,199501,4.5
IA,199502,4.0
IA,199503,3.8
IA,199504,3.7
IA,199505,3.3
IA,199506,3.5
IA,199507,3.1
IA,199508,3.3
IA,199509,3.2
IA,199510,3.0
IA,199511,3.2
IA,199512,3.6
IA,199513,3.5
IA,199601,4.5
IA,199602,4.3
IA,199603,4.1
IA,199604,3.7
IA,199605,3.4
IA,199606,3.4
IA,199607,3.3
IA,199608,3.2
IA,199609,3.2
IA,199610,3.1
IA,199611,3.3
IA,199612,3.6
IA,199613,3.6
IA,199701,4.5
IA,199702,4.1
IA,199703,3.8
IA,199704,3.2
IA,199705,2.7
IA,199706,3.1
IA,199707,2.6
IA,199708,2.8
IA,199709,2.8
IA,199710,2.5
IA,199711,2.6
IA,199712,3.1
IA,199713,3.1
IA,199801,3.8
IA,199802,3.3
IA,199803,3.4
IA,199804,2.7
IA,199805,2.4
IA,199806,2.8
IA,199807,2.5
IA,199808,2.7
IA,199809,2.6
IA,199810,2.5
IA,199811,2.6
IA,199812,2.9
IA,199813,2.9
IA,199901,3.8
IA,199902,3.2
IA,199903,3.0
IA,199904,2.6
IA,199905,2.3
IA,199906,2.7
IA,199907,2.6
IA,199908,2.6
IA,199909,2.4
IA,199910,2.0
IA,199911,2.1
IA,199912,2.5
IA,199913,2.7
IA,200001,3.5
IA,200002,3.2
IA,200003,2.9
IA,200004,2.4
IA,200005,2.4
IA,200006,2.5
IA,200007,2.3
IA,200008,2.6
IA,200009,2.5
IA,200010,2.4
IA,200011,2.6
IA,200012,2.9
IA,200013,2.7
IA,200101,4.0
IA,200102,3.7
IA,200103,3.8
IA,200104,3.2
IA,200105,2.8
IA,200106,3.2
IA,200107,2.9
IA,200108,3.1
IA,200109,3.1
IA,200110,3.1
IA,200111,3.5
IA,200112,3.9
IA,200113,3.3
IA,200201,4.9
IA,200202,4.5
IA,200203,4.6
IA,200204,4.0
IA,200205,3.5
IA,200206,4.0
IA,200207,3.8
IA,200208,3.8
IA,200209,3.6
IA,200210,3.5
IA,200211,3.8
IA,200212,4.1
IA,200213,4.0
IA,200301,5.2
IA,200302,4.9
IA,200303,4.8
IA,200304,4.4
IA,200305,4.1
IA,200306,4.7
IA,200307,4.5
IA,200308,4.3
IA,200309,4.2
IA,200310,3.9
IA,200311,4.1
IA,200312,4.4
IA,200313,4.5
IA,200401,5.3
IA,200402,4.9
IA,200403,4.9
IA,200404,4.0
IA,200405,4.1
IA,200406,4.6
IA,200407,4.4
IA,200408,4.4
IA,200409,4.3
IA,200410,4.2
IA,200411,4.3
IA,200412,4.6
IA,200413,4.5
IA,200501,5.5
IA,200502,5.2
IA,200503,4.8
IA,200504,4.0
IA,200505,4.0
IA,200506,4.3
IA,200507,4.1
IA,200508,3.9
IA,200509,3.9
IA,200510,3.7
IA,200511,3.9
IA,200512,4.4
IA,200513,4.3
IA,200601,4.6
IA,200602,4.4
IA,200603,3.9
IA,200604,3.4
IA,200605,3.2
IA,200606,3.6
IA,200607,3.6
IA,200608,3.6
IA,200609,3.4
IA,200610,3.2
IA,200611,3.3
IA,200612,3.8
IA,200613,3.7
IA,200701,4.6
IA,200702,4.4
IA,200703,4.0
IA,200704,3.6
IA,200705,3.3
IA,200706,3.7
IA,200707,3.5
IA,200708,3.5
IA,200709,3.4
IA,200710,3.3
IA,200711,3.3
IA,200712,3.9
IA,200713,3.7
IA,200801,4.5
IA,200802,4.2
IA,200803,4.1
IA,200804,3.6
IA,200805,3.6
IA,200806,4.0
IA,200807,4.1
IA,200808,4.2
IA,200809,3.9
IA,200810,3.9
IA,200811,4.2
IA,200812,5.2
IA,200813,4.1
IA,200901,6.9
IA,200902,6.9
IA,200903,7.1
IA,200904,6.2
IA,200905,6.3
IA,200906,6.8
IA,200907,6.7
IA,200908,6.5
IA,200909,5.9
IA,200910,6.1
IA,200911,5.9
IA,200912,6.6
IA,200913,6.5
IA,201001,7.5
IA,201002,7.2
IA,201003,7.0
IA,201004,5.8
IA,201005,5.6
IA,201006,5.9
IA,201007,5.9
IA,201008,5.9
IA,201009,5.5
IA,201010,5.3
IA,201011,5.5
IA,201012,5.9
IA,201013,6.1
IA,201101,6.9
IA,201102,6.4
IA,201103,6.1
IA,201104,5.2
IA,201105,5.2
IA,201106,5.7
IA,201107,5.6
IA,201108,5.6
IA,201109,5.2
IA,201110,5.0
IA,201111,4.9
IA,201112,5.4
IA,201113,5.6
IA,201201,6.1
IA,201202,5.9
IA,201203,5.4
IA,201204,4.6
IA,201205,4.7
IA,201206,5.1
IA,201207,5.2
IA,201208,5.0
IA,201209,4.4
IA,201210,4.5
IA,201211,4.4
IA,201212,5.0
IA,201213,5.0
IA,201301,6.1
IA,201302,5.5
IA,201303,5.2
IA,201304,4.5
IA,201305,4.4
IA,201306,4.9
IA,201307,4.8
IA,201308,4.6
IA,201309,4.2
IA,201310,4.2
IA,201311,4.1
IA,201312,4.4
IA,201313,4.7
IA,201401,5.4
IA,201402,5.1
IA,201403,4.9
IA,201404,3.9
IA,201405,4.0
IA,201406,4.2
IA,201407,4.4
IA,201408,4.3
IA,201409,3.8
IA,201410,3.6
IA,201411,3.6
IA,201412,4.0
IA,201413,4.3
IA,201501,4.8
IA,201502,4.3
IA,201503,4.1
IA,201504,3.3
IA,201505,3.5
IA,201506,3.7
IA,201507,3.8
IA,201508,3.6
IA,201509,3.3
IA,201510,3.3
IA,201511,3.3
IA,201512,3.7
IA,201513,3.7
IA,201601,4.5
IA,201602,4.1
IA,201603,3.9
IA,201604,3.2
IA,201605,3.3
IA,201606,3.8
IA,201607,3.8
IA,201608,3.7
IA,201609,3.3
IA,201610,3.1
IA,201611,3.0
IA,201612,3.4
IA,201613,3.6
IA,201701,4.4
IA,201702,3.7
IA,201703,3.4
IA,201704,2.8
IA,201705,2.9
IA,201706,3.1
IA,201707,3.2
IA,201708,3.2
IA,201709,2.7
IA,201710,2.4
IA,201711,2.5
IA,201712,2.8
IA,201713,3.1
IA,201801,3.7
IA,201802,3.2
IA,201803,3.0
IA,201804,2.4
IA,201805,2.2
IA,201806,2.6
IA,201807,2.6
IA,201808,2.5
IA,201809,2.1
IA,201810,2.0
IA,201811,2.0
IA,201812,2.6
IA,201813,2.6
IA,201901,3.5
IA,201902,3.0
IA,201903,3.1
IA,201904,2.2
IA,201905,2.4
IA,201906,2.8
IA,201907,2.9
IA,201908,2.7
IA,201909,2.2
IA,201910,2.3
IA,201911,2.3
IA,201912,2.6
IA,201913,2.7
IA,202001,3.4
IA,202002,2.9
IA,202003,3.4
IA,202004,10.7
IA,202005,8.5
IA,202006,7.0
IA,202007,6.0
IA,202008,4.8
IA,202009,4.2
IA,202010,3.5
IA,202011,3.8
IA,202012,4.2
IA,202013,5.2
IA,202101,5.2
IA,202102,4.8
IA,202103,4.5
IA,202104,4.0
IA,202105,4.2
IA,202106,4.6
IA,202107,4.1
IA,202108,3.8
IA,202109,3.0
IA,202110,2.9
IA,202111,2.7
IA,202112,2.7
IA,202113,3.9
IA,202201,3.7
IA,202202,3.0
IA,202203,2.8
IA,202204,2.1
IA,202205,2.4
IA,202206,2.8
IA,202207,3.1
IA,202208,3.2
IA,202209,2.6
IA,202210,2.8
IA,202211,2.8
IA,202212,2.9
IA,202213,2.8
IA,202301,3.7
IA,202302,3.3
IA,202303,3.1
IA,202304,2.3
IA,202305,2.8
IA,202306,3.0
IA,202307,3.1
IA,202308,3.2
IA,202309,2.7
IA,202310,2.8
IA,202311,2.5
IA,202312,2.6
IA,202313,2.9
IA,202401,3.5
IA,202402,3.1
IA,202403,2.8
IA,202404,2.2
IA,202405,2.7
IA,202406,3.1
IA,202407,3.5
IA,202408,3.4
IA,202409,2.9
IA,202410,3.1
IA,202411,3.1
IA,202412,3.0
IA,202413,3.0
IA,202501,4.0
IA,202502,3.8
IA,202503,3.7
KS,197601,4.8
KS,197602,4.7
KS,197603,4.4
KS,197604,4.1
KS,197605,3.7
KS,197606,4.7
KS,197607,4.2
KS,197608,4.3
KS,197609,3.6
KS,197610,3.8
KS,197611,3.7
KS,197612,3.9
KS,197613,4.1
KS,197701,4.6
KS,197702,4.6
KS,197703,4.4
KS,197704,3.8
KS,197705,3.5
KS,197706,4.6
KS,197707,4.0
KS,197708,4.2
KS,197709,3.3
KS,197710,3.4
KS,197711,3.1
KS,197712,3.1
KS,197713,3.9
KS,197801,3.9
KS,197802,3.8
KS,197803,3.5
KS,197804,3.0
KS,197805,2.5
KS,197806,3.3
KS,197807,3.1
KS,197808,3.0
KS,197809,2.5
KS,197810,2.7
KS,197811,2.6
KS,197812,2.8
KS,197813,3.1
KS,197901,3.3
KS,197902,3.3
KS,197903,3.2
KS,197904,2.9
KS,197905,2.5
KS,197906,3.5
KS,197907,3.2
KS,197908,3.4
KS,197909,2.8
KS,197910,2.9
KS,197911,2.8
KS,197912,3.1
KS,197913,3.1
KS,198001,4.0
KS,198002,4.0
KS,198003,4.0
KS,198004,4.1
KS,198005,4.3
KS,198006,5.3
KS,198007,5.0
KS,198008,5.2
KS,198009,4.4
KS,198010,4.5
KS,198011,4.4
KS,198012,4.2
KS,198013,4.5
KS,198101,5.1
KS,198102,4.8
KS,198103,4.5
KS,198104,4.1
KS,198105,3.8
KS,198106,4.5
KS,198107,3.9
KS,198108,4.0
KS,198109,3.9
KS,198110,4.3
KS,198111,4.3
KS,198112,4.5
KS,198113,4.3
KS,198201,5.4
KS,198202,5.7
KS,198203,5.8
KS,198204,5.7
KS,198205,5.8
KS,198206,6.8
KS,198207,6.7
KS,198208,7.0
KS,198209,6.8
KS,198210,6.8
KS,198211,6.9
KS,198212,6.9
KS,198213,6.4
KS,198301,7.5
KS,198302,7.2
KS,198303,6.9
KS,198304,6.2
KS,198305,5.8
KS,198306,6.3
KS,198307,5.5
KS,198308,5.4
KS,198309,5.1
KS,198310,5.1
KS,198311,4.9
KS,198312,4.8
KS,198313,5.9
KS,198401,5.6
KS,198402,5.4
KS,198403,5.3
KS,198404,4.9
KS,198405,4.6
KS,198406,5.0
KS,198407,4.9
KS,198408,5.1
KS,198409,4.6
KS,198410,4.7
KS,198411,4.5
KS,198412,4.5
KS,198413,4.9
KS,198501,5.5
KS,198502,5.4
KS,198503,5.4
KS,198504,5.0
KS,198505,4.8
KS,198506,5.4
KS,198507,5.2
KS,198508,5.2
KS,198509,5.0
KS,198510,5.1
KS,198511,5.0
KS,198512,4.9
KS,198513,5.2
KS,198601,5.6
KS,198602,5.9
KS,198603,5.8
KS,198604,5.2
KS,198605,5.4
KS,198606,5.9
KS,198607,5.5
KS,198608,5.3
KS,198609,5.2
KS,198610,5.1
KS,198611,4.9
KS,198612,4.5
KS,198613,5.4
KS,198701,5.7
KS,198702,5.6
KS,198703,5.3
KS,198704,4.7
KS,198705,4.6
KS,198706,5.1
KS,198707,4.8
KS,198708,4.8
KS,198709,4.4
KS,198710,4.5
KS,198711,4.3
KS,198712,3.9
KS,198713,4.8
KS,198801,4.8
KS,198802,4.8
KS,198803,4.7
KS,198804,4.3
KS,198805,4.5
KS,198806,4.7
KS,198807,4.5
KS,198808,4.6
KS,198809,4.3
KS,198810,4.3
KS,198811,4.3
KS,198812,4.0
KS,198813,4.5
KS,198901,4.9
KS,198902,4.5
KS,198903,4.2
KS,198904,3.9
KS,198905,3.9
KS,198906,4.5
KS,198907,4.1
KS,198908,4.1
KS,198909,4.1
KS,198910,4.0
KS,198911,3.9
KS,198912,3.6
KS,198913,4.2
KS,199001,4.5
KS,199002,4.4
KS,199003,4.2
KS,199004,4.0
KS,199005,3.8
KS,199006,4.2
KS,199007,4.3
KS,199008,4.6
KS,199009,4.4
KS,199010,4.2
KS,199011,4.4
KS,199012,4.2
KS,199013,4.3
KS,199101,5.2
KS,199102,5.2
KS,199103,5.0
KS,199104,4.4
KS,199105,4.5
KS,199106,4.8
KS,199107,4.6
KS,199108,4.4
KS,199109,4.1
KS,199110,4.0
KS,199111,3.9
KS,199112,3.7
KS,199113,4.5
KS,199201,4.7
KS,199202,4.6
KS,199203,4.6
KS,199204,4.3
KS,199205,4.4
KS,199206,5.0
KS,199207,4.7
KS,199208,4.8
KS,199209,4.6
KS,199210,4.3
KS,199211,4.4
KS,199212,4.1
KS,199213,4.5
KS,199301,5.3
KS,199302,5.3
KS,199303,5.2
KS,199304,4.8
KS,199305,5.0
KS,199306,5.4
KS,199307,5.1
KS,199308,4.9
KS,199309,4.7
KS,199310,4.8
KS,199311,4.6
KS,199312,4.3
KS,199313,4.9
KS,199401,5.6
KS,199402,5.2
KS,199403,5.3
KS,199404,4.8
KS,199405,4.4
KS,199406,4.8
KS,199407,4.8
KS,199408,4.8
KS,199409,4.6
KS,199410,4.4
KS,199411,4.4
KS,199412,4.1
KS,199413,4.8
KS,199501,5.3
KS,199502,4.8
KS,199503,4.7
KS,199504,4.5
KS,199505,4.4
KS,199506,4.6
KS,199507,4.7
KS,199508,4.2
KS,199509,4.1
KS,199510,3.7
KS,199511,3.7
KS,199512,3.4
KS,199513,4.3
KS,199601,4.6
KS,199602,4.3
KS,199603,4.5
KS,199604,4.2
KS,199605,4.3
KS,199606,4.4
KS,199607,4.7
KS,199608,4.2
KS,199609,4.1
KS,199610,4.0
KS,199611,4.1
KS,199612,3.7
KS,199613,4.3
KS,199701,4.7
KS,199702,4.3
KS,199703,4.2
KS,199704,3.7
KS,199705,3.7
KS,199706,4.0
KS,199707,3.9
KS,199708,3.7
KS,199709,3.7
KS,199710,3.4
KS,199711,3.3
KS,199712,3.0
KS,199713,3.8
KS,199801,4.1
KS,199802,3.8
KS,199803,3.9
KS,199804,3.4
KS,199805,3.6
KS,199806,4.0
KS,199807,4.2
KS,199808,3.9
KS,199809,3.7
KS,199810,3.6
KS,199811,3.5
KS,199812,3.0
KS,199813,3.7
KS,199901,3.7
KS,199902,3.6
KS,199903,3.5
KS,199904,3.3
KS,199905,3.3
KS,199906,3.7
KS,199907,4.0
KS,199908,3.5
KS,199909,3.4
KS,199910,3.1
KS,199911,3.4
KS,199912,3.1
KS,199913,3.5
KS,200001,4.0
KS,200002,3.8
KS,200003,4.0
KS,200004,3.4
KS,200005,3.6
KS,200006,3.7
KS,200007,4.0
KS,200008,3.9
KS,200009,3.8
KS,200010,3.8
KS,200011,3.7
KS,200012,3.4
KS,200013,3.7
KS,200101,4.5
KS,200102,4.3
KS,200103,4.4
KS,200104,3.8
KS,200105,3.8
KS,200106,4.3
KS,200107,4.4
KS,200108,4.5
KS,200109,4.2
KS,200110,4.4
KS,200111,4.6
KS,200112,4.4
KS,200113,4.3
KS,200201,5.5
KS,200202,5.2
KS,200203,5.4
KS,200204,4.9
KS,200205,4.8
KS,200206,5.3
KS,200207,5.5
KS,200208,5.2
KS,200209,5.0
KS,200210,4.9
KS,200211,5.0
KS,200212,4.7
KS,200213,5.1
KS,200301,5.7
KS,200302,5.4
KS,200303,5.4
KS,200304,5.2
KS,200305,5.3
KS,200306,6.1
KS,200307,6.1
KS,200308,5.8
KS,200309,5.7
KS,200310,5.5
KS,200311,5.5
KS,200312,5.2
KS,200313,5.6
KS,200401,6.1
KS,200402,5.8
KS,200403,5.9
KS,200404,5.3
KS,200405,5.3
KS,200406,5.7
KS,200407,5.8
KS,200408,5.5
KS,200409,5.3
KS,200410,5.2
KS,200411,5.1
KS,200412,4.9
KS,200413,5.5
KS,200501,5.7
KS,200502,5.8
KS,200503,5.5
KS,200504,5.0
KS,200505,5.0
KS,200506,5.2
KS,200507,5.3
KS,200508,4.8
KS,200509,4.8
KS,200510,4.7
KS,200511,4.8
KS,200512,4.2
KS,200513,5.1
KS,200601,4.9
KS,200602,5.0
KS,200603,4.7
KS,200604,4.3
KS,200605,4.1
KS,200606,4.5
KS,200607,4.9
KS,200608,4.5
KS,200609,4.1
KS,200610,4.0
KS,200611,4.0
KS,200612,3.9
KS,200613,4.4
KS,200701,4.7
KS,200702,4.6
KS,200703,4.3
KS,200704,4.0
KS,200705,4.1
KS,200706,4.4
KS,200707,4.6
KS,200708,4.3
KS,200709,4.2
KS,200710,4.0
KS,200711,3.9
KS,200712,4.1
KS,200713,4.3
KS,200801,4.6
KS,200802,4.3
KS,200803,4.4
KS,200804,3.7
KS,200805,4.2
KS,200806,4.4
KS,200807,4.9
KS,200808,4.8
KS,200809,4.7
KS,200810,4.7
KS,200811,4.8
KS,200812,5.1
KS,200813,4.6
KS,200901,6.4
KS,200902,6.7
KS,200903,6.9
KS,200904,6.5
KS,200905,7.1
KS,200906,7.5
KS,200907,7.9
KS,200908,7.6
KS,200909,7.3
KS,200910,7.1
KS,200911,6.9
KS,200912,6.9
KS,200913,7.1
KS,201001,7.7
KS,201002,7.6
KS,201003,7.4
KS,201004,6.8
KS,201005,6.7
KS,201006,6.8
KS,201007,7.2
KS,201008,7.0
KS,201009,6.7
KS,201010,6.6
KS,201011,6.6
KS,201012,6.4
KS,201013,7.0
KS,201101,7.1
KS,201102,6.9
KS,201103,6.7
KS,201104,6.1
KS,201105,6.2
KS,201106,6.5
KS,201107,6.8
KS,201108,6.6
KS,201109,6.2
KS,201110,6.0
KS,201111,5.6
KS,201112,5.6
KS,201113,6.4
KS,201201,6.1
KS,201202,6.2
KS,201203,6.0
KS,201204,5.4
KS,201205,5.5
KS,201206,5.9
KS,201207,6.3
KS,201208,5.9
KS,201209,5.2
KS,201210,5.3
KS,201211,5.0
KS,201212,5.2
KS,201213,5.7
KS,201301,6.1
KS,201302,5.9
KS,201303,5.6
KS,201304,5.1
KS,201305,5.4
KS,201306,5.7
KS,201307,5.9
KS,201308,5.5
KS,201309,4.9
KS,201310,4.8
KS,201311,4.4
KS,201312,4.4
KS,201313,5.3
KS,201401,5.0
KS,201402,5.2
KS,201403,5.0
KS,201404,4.2
KS,201405,4.5
KS,201406,4.8
KS,201407,5.2
KS,201408,4.7
KS,201409,4.2
KS,201410,3.9
KS,201411,3.9
KS,201412,3.8
KS,201413,4.5
KS,201501,4.6
KS,201502,4.6
KS,201503,4.5
KS,201504,4.2
KS,201505,4.4
KS,201506,4.4
KS,201507,4.7
KS,201508,4.2
KS,201509,3.7
KS,201510,3.7
KS,201511,3.5
KS,201512,3.6
KS,201513,4.2
KS,201601,4.1
KS,201602,4.2
KS,201603,4.1
KS,201604,3.8
KS,201605,3.8
KS,201606,4.4
KS,201607,4.7
KS,201608,4.4
KS,201609,4.0
KS,201610,4.0
KS,201611,3.6
KS,201612,3.6
KS,201613,4.0
KS,201701,4.1
KS,201702,4.1
KS,201703,3.8
KS,201704,3.5
KS,201705,3.6
KS,201706,3.8
KS,201707,4.2
KS,201708,4.0
KS,201709,3.3
KS,201710,3.1
KS,201711,3.1
KS,201712,3.1
KS,201713,3.6
KS,201801,3.6
KS,201802,3.8
KS,201803,3.6
KS,201804,3.1
KS,201805,3.1
KS,201806,3.6
KS,201807,3.8
KS,201808,3.5
KS,201809,2.9
KS,201810,3.0
KS,201811,2.7
KS,201812,3.0
KS,201813,3.3
KS,201901,3.7
KS,201902,3.5
KS,201903,3.4
KS,201904,2.8
KS,201905,3.0
KS,201906,3.3
KS,201907,3.8
KS,201908,3.4
KS,201909,2.8
KS,201910,2.9
KS,201911,2.7
KS,201912,2.7
KS,201913,3.2
KS,202001,3.2
KS,202002,3.2
KS,202003,3.6
KS,202004,11.8
KS,202005,9.3
KS,202006,7.5
KS,202007,7.3
KS,202008,5.9
KS,202009,5.3
KS,202010,4.6
KS,202011,4.2
KS,202012,4.1
KS,202013,5.8
KS,202101,4.3
KS,202102,4.0
KS,202103,3.7
KS,202104,3.4
KS,202105,3.4
KS,202106,4.1
KS,202107,4.1
KS,202108,3.6
KS,202109,2.9
KS,202110,2.8
KS,202111,2.2
KS,202112,2.0
KS,202113,3.4
KS,202201,2.8
KS,202202,2.8
KS,202203,2.7
KS,202204,2.3
KS,202205,2.5
KS,202206,2.9
KS,202207,3.3
KS,202208,3.2
KS,202209,2.6
KS,202210,2.8
KS,202211,2.5
KS,202212,2.4
KS,202213,2.7
KS,202301,3.0
KS,202302,3.2
KS,202303,3.0
KS,202304,2.6
KS,202305,2.8
KS,202306,3.0
KS,202307,3.2
KS,202308,3.2
KS,202309,2.8
KS,202310,3.0
KS,202311,2.3
KS,202312,2.4
KS,202313,2.9
KS,202401,3.1
KS,202402,3.6
KS,202403,3.4
KS,202404,3.1
KS,202405,3.4
KS,202406,3.9
KS,202407,4.4
KS,202408,4.1
KS,202409,3.4
KS,202410,3.7
KS,202411,3.5
KS,202412,3.3
KS,202413,3.6
KS,202501,3.9
KS,202502,4.1
KS,202503,3.8
KY,197601,6.8
KY,197602,6.7
KY,197603,6.1
KY,197604,5.2
KY,197605,5.0
KY,197606,5.9
KY,197607,5.5
KY,197608,5.2
KY,197609,4.8
KY,197610,4.5
KY,197611,4.8
KY,197612,4.6
KY,197613,5.4
KY,197701,5.6
KY,197702,6.6
KY,197703,5.6
KY,197704,4.5
KY,197705,4.1
KY,197706,5.2
KY,197707,4.5
KY,197708,4.8
KY,197709,4.4
KY,197710,4.2
KY,197711,4.4
KY,197712,4.4
KY,197713,4.8
KY,197801,5.9
KY,197802,6.2
KY,197803,5.5
KY,197804,4.4
KY,197805,4.5
KY,197806,5.3
KY,197807,5.4
KY,197808,4.9
KY,197809,4.8
KY,197810,4.5
KY,197811,4.6
KY,197812,4.9
KY,197813,5.1
KY,197901,6.0
KY,197902,6.4
KY,197903,5.9
KY,197904,5.2
KY,197905,5.0
KY,197906,5.8
KY,197907,5.6
KY,197908,5.6
KY,197909,5.2
KY,197910,5.3
KY,197911,5.3
KY,197912,5.6
KY,197913,5.6
KY,198001,6.8
KY,198002,7.6
KY,198003,7.2
KY,198004,7.2
KY,198005,7.7
KY,198006,8.8
KY,198007,8.7
KY,198008,8.5
KY,198009,8.3
KY,198010,8.3
KY,198011,8.3
KY,198012,8.0
KY,198013,8.0
KY,198101,9.3
KY,198102,9.2
KY,198103,8.7
KY,198104,8.0
KY,198105,8.4
KY,198106,8.8
KY,198107,8.3
KY,198108,8.2
KY,198109,8.1
KY,198110,8.5
KY,198111,9.0
KY,198112,9.4
KY,198113,8.7
KY,198201,10.4
KY,198202,10.8
KY,198203,10.5
KY,198204,10.4
KY,198205,10.3
KY,198206,11.0
KY,198207,10.9
KY,198208,10.4
KY,198209,10.5
KY,198210,10.8
KY,198211,11.4
KY,198212,12.0
KY,198213,10.8
KY,198301,12.9
KY,198302,13.2
KY,198303,12.5
KY,198304,11.5
KY,198305,11.6
KY,198306,12.1
KY,198307,11.1
KY,198308,10.8
KY,198309,10.3
KY,198310,9.9
KY,198311,9.7
KY,198312,9.5
KY,198313,11.2
KY,198401,10.4
KY,198402,10.4
KY,198403,10.1
KY,198404,9.5
KY,198405,9.2
KY,198406,9.2
KY,198407,9.1
KY,198408,8.5
KY,198409,8.3
KY,198410,8.1
KY,198411,8.0
KY,198412,8.3
KY,198413,9.1
KY,198501,9.5
KY,198502,9.8
KY,198503,9.2
KY,198504,8.5
KY,198505,8.6
KY,198506,9.4
KY,198507,9.1
KY,198508,8.5
KY,198509,8.7
KY,198510,8.7
KY,198511,8.8
KY,198512,9.0
KY,198513,9.0
KY,198601,9.8
KY,198602,10.7
KY,198603,10.0
KY,198604,9.1
KY,198605,9.1
KY,198606,9.5
KY,198607,9.2
KY,198608,8.5
KY,198609,8.7
KY,198610,8.7
KY,198611,8.9
KY,198612,8.6
KY,198613,9.2
KY,198701,9.8
KY,198702,10.0
KY,198703,9.5
KY,198704,8.3
KY,198705,8.4
KY,198706,8.5
KY,198707,8.0
KY,198708,7.4
KY,198709,7.3
KY,198710,7.4
KY,198711,7.4
KY,198712,7.2
KY,198713,8.3
KY,198801,8.4
KY,198802,8.7
KY,198803,8.2
KY,198804,7.3
KY,198805,7.6
KY,198806,7.7
KY,198807,7.5
KY,198808,7.1
KY,198809,6.9
KY,198810,6.6
KY,198811,6.6
KY,198812,6.5
KY,198813,7.4
KY,198901,7.5
KY,198902,7.6
KY,198903,6.8
KY,198904,6.4
KY,198905,6.4
KY,198906,6.9
KY,198907,6.4
KY,198908,5.8
KY,198909,5.9
KY,198910,5.4
KY,198911,5.6
KY,198912,5.6
KY,198913,6.3
KY,199001,6.7
KY,199002,6.6
KY,199003,6.0
KY,199004,5.7
KY,199005,5.7
KY,199006,6.2
KY,199007,5.9
KY,199008,5.6
KY,199009,5.7
KY,199010,5.6
KY,199011,6.3
KY,199012,6.4
KY,199013,6.0
KY,199101,7.7
KY,199102,8.3
KY,199103,8.1
KY,199104,7.2
KY,199105,7.4
KY,199106,7.7
KY,199107,7.4
KY,199108,6.9
KY,199109,6.8
KY,199110,6.6
KY,199111,6.7
KY,199112,6.9
KY,199113,7.3
KY,199201,7.9
KY,199202,8.1
KY,199203,7.5
KY,199204,6.5
KY,199205,6.8
KY,199206,7.4
KY,199207,7.0
KY,199208,6.5
KY,199209,6.4
KY,199210,6.1
KY,199211,6.2
KY,199212,6.2
KY,199213,6.9
KY,199301,7.2
KY,199302,7.2
KY,199303,7.1
KY,199304,6.4
KY,199305,6.4
KY,199306,6.8
KY,199307,6.4
KY,199308,5.8
KY,199309,5.5
KY,199310,5.3
KY,199311,5.2
KY,199312,5.1
KY,199313,6.2
KY,199401,6.4
KY,199402,6.7
KY,199403,6.1
KY,199404,5.2
KY,199405,5.1
KY,199406,5.7
KY,199407,5.6
KY,199408,5.0
KY,199409,4.9
KY,199410,4.7
KY,199411,4.6
KY,199412,4.6
KY,199413,5.4
KY,199501,5.8
KY,199502,6.0
KY,199503,5.6
KY,199504,5.2
KY,199505,5.4
KY,199506,5.8
KY,199507,5.8
KY,199508,5.3
KY,199509,5.2
KY,199510,4.9
KY,199511,5.0
KY,199512,4.8
KY,199513,5.4
KY,199601,6.4
KY,199602,6.2
KY,199603,5.9
KY,199604,5.2
KY,199605,5.3
KY,199606,5.5
KY,199607,5.5
KY,199608,4.8
KY,199609,4.9
KY,199610,4.9
KY,199611,5.2
KY,199612,5.4
KY,199613,5.4
KY,199701,6.5
KY,199702,6.5
KY,199703,6.1
KY,199704,5.1
KY,199705,5.2
KY,199706,5.6
KY,199707,5.4
KY,199708,4.9
KY,199709,4.7
KY,199710,4.3
KY,199711,4.2
KY,199712,4.2
KY,199713,5.2
KY,199801,5.1
KY,199802,5.1
KY,199803,5.1
KY,199804,4.0
KY,199805,4.3
KY,199806,5.0
KY,199807,4.7
KY,199808,4.3
KY,199809,4.2
KY,199810,4.1
KY,199811,4.1
KY,199812,4.1
KY,199813,4.5
KY,199901,5.2
KY,199902,5.3
KY,199903,5.0
KY,199904,4.4
KY,199905,4.5
KY,199906,5.0
KY,199907,4.7
KY,199908,4.3
KY,199909,4.2
KY,199910,3.9
KY,199911,3.8
KY,199912,3.8
KY,199913,4.5
KY,200001,4.6
KY,200002,4.9
KY,200003,4.5
KY,200004,3.6
KY,200005,4.0
KY,200006,4.3
KY,200007,4.3
KY,200008,4.0
KY,200009,3.8
KY,200010,3.8
KY,200011,3.9
KY,200012,4.0
KY,200013,4.2
KY,200101,5.2
KY,200102,5.2
KY,200103,5.3
KY,200104,4.7
KY,200105,4.7
KY,200106,5.3
KY,200107,5.4
KY,200108,5.1
KY,200109,4.9
KY,200110,5.3
KY,200111,5.5
KY,200112,5.6
KY,200113,5.2
KY,200201,6.6
KY,200202,6.4
KY,200203,6.3
KY,200204,5.6
KY,200205,5.6
KY,200206,6.1
KY,200207,5.9
KY,200208,5.5
KY,200209,5.2
KY,200210,5.1
KY,200211,5.5
KY,200212,5.6
KY,200213,5.8
KY,200301,6.6
KY,200302,6.8
KY,200303,6.6
KY,200304,6.0
KY,200305,6.2
KY,200306,6.9
KY,200307,6.6
KY,200308,5.9
KY,200309,5.8
KY,200310,5.5
KY,200311,5.6
KY,200312,5.4
KY,200313,6.2
KY,200401,6.3
KY,200402,6.4
KY,200403,6.4
KY,200404,5.4
KY,200405,5.5
KY,200406,6.0
KY,200407,5.8
KY,200408,5.0
KY,200409,4.8
KY,200410,4.7
KY,200411,4.8
KY,200412,5.0
KY,200413,5.5
KY,200501,6.1
KY,200502,6.5
KY,200503,6.2
KY,200504,5.5
KY,200505,5.7
KY,200506,6.2
KY,200507,6.1
KY,200508,5.4
KY,200509,5.6
KY,200510,5.5
KY,200511,5.7
KY,200512,5.8
KY,200513,5.9
KY,200601,6.5
KY,200602,6.7
KY,200603,6.3
KY,200604,5.7
KY,200605,5.6
KY,200606,6.0
KY,200607,6.1
KY,200608,5.4
KY,200609,5.3
KY,200610,5.0
KY,200611,5.1
KY,200612,5.0
KY,200613,5.7
KY,200701,6.2
KY,200702,6.3
KY,200703,5.8
KY,200704,5.1
KY,200705,5.1
KY,200706,5.6
KY,200707,5.6
KY,200708,5.0
KY,200709,5.0
KY,200710,4.8
KY,200711,4.7
KY,200712,5.3
KY,200713,5.4
KY,200801,5.9
KY,200802,6.0
KY,200803,6.2
KY,200804,5.4
KY,200805,5.9
KY,200806,6.5
KY,200807,6.7
KY,200808,6.6
KY,200809,6.6
KY,200810,6.7
KY,200811,7.1
KY,200812,8.2
KY,200813,6.5
KY,200901,10.2
KY,200902,10.8
KY,200903,11.0
KY,200904,10.2
KY,200905,10.8
KY,200906,11.4
KY,200907,11.2
KY,200908,10.6
KY,200909,10.4
KY,200910,10.3
KY,200911,10.1
KY,200912,10.4
KY,200913,10.6
KY,201001,11.7
KY,201002,11.9
KY,201003,11.3
KY,201004,10.2
KY,201005,10.1
KY,201006,10.3
KY,201007,10.3
KY,201008,9.8
KY,201009,9.6
KY,201010,9.4
KY,201011,9.6
KY,201012,9.5
KY,201013,10.3
KY,201101,10.6
KY,201102,10.4
KY,201103,9.9
KY,201104,9.1
KY,201105,9.3
KY,201106,9.8
KY,201107,9.9
KY,201108,9.1
KY,201109,9.1
KY,201110,8.6
KY,201111,8.3
KY,201112,8.4
KY,201113,9.4
KY,201201,9.1
KY,201202,9.1
KY,201203,8.7
KY,201204,7.7
KY,201205,8.0
KY,201206,8.6
KY,201207,8.7
KY,201208,8.1
KY,201209,7.7
KY,201210,7.6
KY,201211,7.4
KY,201212,7.8
KY,201213,8.2
KY,201301,8.8
KY,201302,8.6
KY,201303,8.4
KY,201304,7.5
KY,201305,7.9
KY,201306,8.6
KY,201307,8.4
KY,201308,7.6
KY,201309,7.6
KY,201310,7.6
KY,201311,7.2
KY,201312,7.0
KY,201313,7.9
KY,201401,7.9
KY,201402,8.2
KY,201403,7.8
KY,201404,6.4
KY,201405,6.6
KY,201406,6.8
KY,201407,6.8
KY,201408,5.9
KY,201409,5.5
KY,201410,5.1
KY,201411,5.2
KY,201412,5.0
KY,201413,6.4
KY,201501,6.0
KY,201502,5.8
KY,201503,5.8
KY,201504,4.9
KY,201505,5.2
KY,201506,5.5
KY,201507,5.7
KY,201508,4.9
KY,201509,4.8
KY,201510,4.7
KY,201511,4.8
KY,201512,4.9
KY,201513,5.3
KY,201601,5.7
KY,201602,5.7
KY,201603,5.6
KY,201604,4.7
KY,201605,4.8
KY,201606,5.4
KY,201607,5.3
KY,201608,4.8
KY,201609,4.8
KY,201610,4.7
KY,201611,4.4
KY,201612,4.7
KY,201613,5.1
KY,201701,5.7
KY,201702,5.7
KY,201703,5.3
KY,201704,4.6
KY,201705,4.7
KY,201706,5.3
KY,201707,5.3
KY,201708,4.6
KY,201709,4.2
KY,201710,4.0
KY,201711,3.8
KY,201712,3.9
KY,201713,4.8
KY,201801,4.7
KY,201802,4.8
KY,201803,4.6
KY,201804,3.9
KY,201805,4.0
KY,201806,4.7
KY,201807,4.6
KY,201808,3.9
KY,201809,4.0
KY,201810,3.8
KY,201811,3.5
KY,201812,3.8
KY,201813,4.2
KY,201901,4.7
KY,201902,4.7
KY,201903,4.7
KY,201904,3.8
KY,201905,4.0
KY,201906,4.6
KY,201907,4.6
KY,201908,3.9
KY,201909,3.6
KY,201910,3.6
KY,201911,3.5
KY,201912,3.6
KY,201913,4.1
KY,202001,4.5
KY,202002,4.4
KY,202003,5.2
KY,202004,16.1
KY,202005,12.9
KY,202006,5.8
KY,202007,6.1
KY,202008,4.9
KY,202009,4.8
KY,202010,4.2
KY,202011,4.1
KY,202012,4.6
KY,202013,6.5
KY,202101,5.2
KY,202102,5.1
KY,202103,4.9
KY,202104,4.2
KY,202105,4.2
KY,202106,5.4
KY,202107,5.0
KY,202108,4.2
KY,202109,4.1
KY,202110,3.9
KY,202111,3.7
KY,202112,3.6
KY,202113,4.5
KY,202201,4.6
KY,202202,4.4
KY,202203,4.4
KY,202204,3.5
KY,202205,3.9
KY,202206,4.5
KY,202207,4.5
KY,202208,4.0
KY,202209,3.7
KY,202210,3.8
KY,202211,3.7
KY,202212,3.6
KY,202213,4.0
KY,202301,4.5
KY,202302,4.7
KY,202303,4.3
KY,202304,3.6
KY,202305,4.1
KY,202306,4.7
KY,202307,4.6
KY,202308,4.3
KY,202309,4.2
KY,202310,4.1
KY,202311,4.1
KY,202312,4.2
KY,202313,4.3
KY,202401,5.0
KY,202402,5.4
KY,202403,5.1
KY,202404,4.4
KY,202405,4.6
KY,202406,5.4
KY,202407,5.8
KY,202408,5.3
KY,202409,4.9
KY,202410,5.0
KY,202411,5.0
KY,202412,5.0
KY,202413,5.1
KY,202501,5.5
KY,202502,5.5
KY,202503,5.5
LA,197601,7.1
LA,197602,6.4
LA,197603,6.2
LA,197604,5.8
LA,197605,5.6
LA,197606,7.8
LA,197607,7.2
LA,197608,7.5
LA,197609,6.8
LA,197610,6.4
LA,197611,6.3
LA,197612,6.2
LA,197613,6.6
LA,197701,7.7
LA,197702,7.0
LA,197703,6.9
LA,197704,5.9
LA,197705,5.8
LA,197706,8.0
LA,197707,7.2
LA,197708,7.1
LA,197709,7.0
LA,197710,6.6
LA,197711,6.9
LA,197712,7.0
LA,197713,6.9
LA,197801,8.5
LA,197802,7.7
LA,197803,7.5
LA,197804,6.5
LA,197805,6.4
LA,197806,8.1
LA,197807,7.2
LA,197808,6.6
LA,197809,6.5
LA,197810,5.8
LA,197811,5.6
LA,197812,5.5
LA,197813,6.8
LA,197901,6.4
LA,197902,6.0
LA,197903,6.0
LA,197904,5.7
LA,197905,5.9
LA,197906,8.1
LA,197907,7.4
LA,197908,7.6
LA,197909,7.1
LA,197910,6.8
LA,197911,6.5
LA,197912,6.3
LA,197913,6.7
LA,198001,7.7
LA,198002,6.8
LA,198003,6.3
LA,198004,6.3
LA,198005,6.8
LA,198006,8.0
LA,198007,7.2
LA,198008,7.0
LA,198009,6.9
LA,198010,7.3
LA,198011,6.9
LA,198012,7.1
LA,198013,7.0
LA,198101,8.7
LA,198102,7.9
LA,198103,8.0
LA,198104,7.8
LA,198105,8.2
LA,198106,9.5
LA,198107,8.9
LA,198108,8.7
LA,198109,8.2
LA,198110,8.2
LA,198111,8.6
LA,198112,8.9
LA,198113,8.5
LA,198201,10.3
LA,198202,9.6
LA,198203,9.4
LA,198204,9.3
LA,198205,9.6
LA,198206,11.1
LA,198207,10.5
LA,198208,10.4
LA,198209,10.3
LA,198210,10.4
LA,198211,10.6
LA,198212,11.0
LA,198213,10.2
LA,198301,12.3
LA,198302,11.9
LA,198303,11.8
LA,198304,11.5
LA,198305,11.8
LA,198306,13.2
LA,198307,11.9
LA,198308,11.9
LA,198309,11.3
LA,198310,10.5
LA,198311,9.9
LA,198312,9.9
LA,198313,11.5
LA,198401,10.7
LA,198402,9.8
LA,198403,9.6
LA,198404,9.7
LA,198405,9.7
LA,198406,10.7
LA,198407,10.4
LA,198408,10.5
LA,198409,10.4
LA,198410,10.6
LA,198411,10.2
LA,198412,10.6
LA,198413,10.2
LA,198501,11.8
LA,198502,11.2
LA,198503,11.0
LA,198504,10.8
LA,198505,11.0
LA,198506,12.3
LA,198507,11.9
LA,198508,11.6
LA,198509,11.5
LA,198510,11.4
LA,198511,11.2
LA,198512,11.4
LA,198513,11.4
LA,198601,12.2
LA,198602,12.3
LA,198603,11.8
LA,198604,11.8
LA,198605,12.1
LA,198606,13.3
LA,198607,12.5
LA,198608,12.4
LA,198609,12.8
LA,198610,12.6
LA,198611,12.5
LA,198612,12.1
LA,198613,12.4
LA,198701,13.2
LA,198702,12.4
LA,198703,12.1
LA,198704,11.5
LA,198705,11.7
LA,198706,12.4
LA,198707,11.7
LA,198708,11.5
LA,198709,11.5
LA,198710,11.4
LA,198711,11.0
LA,198712,10.8
LA,198713,11.8
LA,198801,11.8
LA,198802,11.0
LA,198803,10.7
LA,198804,10.1
LA,198805,10.7
LA,198806,11.2
LA,198807,10.7
LA,198808,10.7
LA,198809,10.4
LA,198810,9.8
LA,198811,9.5
LA,198812,9.4
LA,198813,10.5
LA,198901,10.4
LA,198902,9.2
LA,198903,8.4
LA,198904,8.2
LA,198905,8.0
LA,198906,8.9
LA,198907,7.9
LA,198908,7.3
LA,198909,6.9
LA,198910,6.3
LA,198911,6.1
LA,198912,5.7
LA,198913,7.8
LA,199001,6.7
LA,199002,5.9
LA,199003,5.6
LA,199004,5.5
LA,199005,5.6
LA,199006,6.7
LA,199007,6.5
LA,199008,6.7
LA,199009,6.8
LA,199010,6.4
LA,199011,6.5
LA,199012,6.6
LA,199013,6.3
LA,199101,7.7
LA,199102,7.2
LA,199103,7.1
LA,199104,6.7
LA,199105,7.2
LA,199106,8.3
LA,199107,7.7
LA,199108,7.4
LA,199109,7.1
LA,199110,6.9
LA,199111,6.7
LA,199112,6.9
LA,199113,7.2
LA,199201,8.2
LA,199202,7.7
LA,199203,7.4
LA,199204,7.2
LA,199205,7.5
LA,199206,9.0
LA,199207,8.5
LA,199208,8.2
LA,199209,8.0
LA,199210,7.3
LA,199211,7.1
LA,199212,7.1
LA,199213,7.8
LA,199301,8.2
LA,199302,7.3
LA,199303,7.2
LA,199304,7.0
LA,199305,7.2
LA,199306,8.3
LA,199307,7.8
LA,199308,7.5
LA,199309,7.3
LA,199310,7.3
LA,199311,7.2
LA,199312,7.0
LA,199313,7.4
LA,199401,8.6
LA,199402,7.8
LA,199403,7.7
LA,199404,7.5
LA,199405,7.4
LA,199406,8.5
LA,199407,8.1
LA,199408,7.9
LA,199409,7.5
LA,199410,7.3
LA,199411,6.9
LA,199412,6.5
LA,199413,7.6
LA,199501,7.7
LA,199502,6.8
LA,199503,6.8
LA,199504,6.9
LA,199505,6.7
LA,199506,7.7
LA,199507,7.3
LA,199508,6.9
LA,199509,6.7
LA,199510,6.4
LA,199511,6.2
LA,199512,6.1
LA,199513,6.8
LA,199601,7.3
LA,199602,6.3
LA,199603,6.4
LA,199604,6.2
LA,199605,6.5
LA,199606,7.2
LA,199607,7.1
LA,199608,6.5
LA,199609,6.3
LA,199610,6.1
LA,199611,5.8
LA,199612,5.6
LA,199613,6.4
LA,199701,6.5
LA,199702,5.8
LA,199703,5.9
LA,199704,5.4
LA,199705,5.9
LA,199706,7.0
LA,199707,6.5
LA,199708,6.1
LA,199709,5.8
LA,199710,5.4
LA,199711,5.1
LA,199712,4.9
LA,199713,5.9
LA,199801,5.8
LA,199802,4.9
LA,199803,5.3
LA,199804,5.0
LA,199805,5.3
LA,199806,6.6
LA,199807,6.3
LA,199808,6.0
LA,199809,5.8
LA,199810,5.2
LA,199811,4.9
LA,199812,4.8
LA,199813,5.5
LA,199901,5.6
LA,199902,5.0
LA,199903,4.7
LA,199904,4.6
LA,199905,4.5
LA,199906,5.7
LA,199907,5.5
LA,199908,5.2
LA,199909,5.2
LA,199910,4.9
LA,199911,4.4
LA,199912,4.2
LA,199913,4.9
LA,200001,5.3
LA,200002,4.8
LA,200003,4.9
LA,200004,4.3
LA,200005,5.0
LA,200006,5.9
LA,200007,5.6
LA,200008,5.5
LA,200009,5.3
LA,200010,5.1
LA,200011,5.2
LA,200012,4.9
LA,200013,5.1
LA,200101,6.0
LA,200102,5.2
LA,200103,5.3
LA,200104,5.0
LA,200105,5.1
LA,200106,6.2
LA,200107,5.7
LA,200108,5.6
LA,200109,5.7
LA,200110,5.8
LA,200111,5.9
LA,200112,5.8
LA,200113,5.6
LA,200201,6.6
LA,200202,5.8
LA,200203,5.7
LA,200204,5.6
LA,200205,5.8
LA,200206,6.8
LA,200207,6.2
LA,200208,6.0
LA,200209,5.8
LA,200210,5.6
LA,200211,5.8
LA,200212,5.8
LA,200213,6.0
LA,200301,6.5
LA,200302,6.0
LA,200303,6.1
LA,200304,5.9
LA,200305,6.2
LA,200306,7.6
LA,200307,7.0
LA,200308,6.6
LA,200309,6.1
LA,200310,5.7
LA,200311,5.6
LA,200312,5.4
LA,200313,6.2
LA,200401,6.4
LA,200402,5.5
LA,200403,5.6
LA,200404,5.3
LA,200405,5.6
LA,200406,6.6
LA,200407,6.1
LA,200408,5.5
LA,200409,5.5
LA,200410,5.4
LA,200411,5.4
LA,200412,5.3
LA,200413,5.7
LA,200501,6.0
LA,200502,5.5
LA,200503,5.2
LA,200504,4.9
LA,200505,5.3
LA,200506,6.2
LA,200507,5.8
LA,200508,5.4
LA,200509,11.6
LA,200510,11.5
LA,200511,11.5
LA,200512,6.1
LA,200513,7.1
LA,200601,5.0
LA,200602,4.0
LA,200603,4.0
LA,200604,3.8
LA,200605,4.1
LA,200606,4.8
LA,200607,4.2
LA,200608,4.1
LA,200609,4.1
LA,200610,3.9
LA,200611,3.9
LA,200612,3.7
LA,200613,4.1
LA,200701,4.5
LA,200702,3.9
LA,200703,3.8
LA,200704,3.8
LA,200705,4.2
LA,200706,4.8
LA,200707,4.5
LA,200708,4.2
LA,200709,4.1
LA,200710,3.6
LA,200711,3.6
LA,200712,3.9
LA,200713,4.1
LA,200801,4.5
LA,200802,3.8
LA,200803,4.0
LA,200804,3.6
LA,200805,4.1
LA,200806,5.1
LA,200807,5.0
LA,200808,5.0
LA,200809,5.3
LA,200810,5.1
LA,200811,5.0
LA,200812,5.3
LA,200813,4.7
LA,200901,6.4
LA,200902,6.1
LA,200903,6.3
LA,200904,6.2
LA,200905,6.6
LA,200906,7.7
LA,200907,7.4
LA,200908,7.1
LA,200909,6.9
LA,200910,6.6
LA,200911,6.3
LA,200912,6.6
LA,200913,6.7
LA,201001,7.6
LA,201002,6.9
LA,201003,6.9
LA,201004,6.7
LA,201005,7.2
LA,201006,8.1
LA,201007,7.9
LA,201008,7.9
LA,201009,7.7
LA,201010,7.5
LA,201011,7.5
LA,201012,7.3
LA,201013,7.4
LA,201101,8.1
LA,201102,7.4
LA,201103,7.3
LA,201104,6.9
LA,201105,7.2
LA,201106,8.1
LA,201107,7.8
LA,201108,7.5
LA,201109,7.4
LA,201110,7.1
LA,201111,6.7
LA,201112,6.6
LA,201113,7.3
LA,201201,7.4
LA,201202,6.9
LA,201203,6.7
LA,201204,6.3
LA,201205,6.8
LA,201206,7.7
LA,201207,7.4
LA,201208,6.9
LA,201209,6.4
LA,201210,6.1
LA,201211,5.7
LA,201212,6.1
LA,201213,6.7
LA,201301,7.3
LA,201302,6.5
LA,201303,6.4
LA,201304,6.2
LA,201305,6.6
LA,201306,7.5
LA,201307,7.0
LA,201308,6.6
LA,201309,6.3
LA,201310,6.0
LA,201311,5.5
LA,201312,5.1
LA,201313,6.4
LA,201401,5.7
LA,201402,5.4
LA,201403,5.5
LA,201404,5.2
LA,201405,6.0
LA,201406,6.7
LA,201407,7.1
LA,201408,7.0
LA,201409,6.8
LA,201410,6.5
LA,201411,6.6
LA,201412,6.2
LA,201413,6.2
LA,201501,7.0
LA,201502,6.4
LA,201503,6.3
LA,201504,6.1
LA,201505,6.5
LA,201506,6.9
LA,201507,6.7
LA,201508,6.2
LA,201509,6.1
LA,201510,5.9
LA,201511,5.6
LA,201512,5.3
LA,201513,6.3
LA,201601,6.2
LA,201602,5.8
LA,201603,5.9
LA,201604,5.7
LA,201605,5.8
LA,201606,6.9
LA,201607,6.7
LA,201608,6.4
LA,201609,6.4
LA,201610,5.8
LA,201611,5.5
LA,201612,5.4
LA,201613,6.0
LA,201701,6.1
LA,201702,5.5
LA,201703,5.2
LA,201704,5.1
LA,201705,5.1
LA,201706,5.7
LA,201707,5.6
LA,201708,5.4
LA,201709,5.0
LA,201710,4.4
LA,201711,4.3
LA,201712,4.2
LA,201713,5.1
LA,201801,4.8
LA,201802,4.5
LA,201803,4.6
LA,201804,4.5
LA,201805,4.7
LA,201806,6.0
LA,201807,5.6
LA,201808,5.2
LA,201809,4.8
LA,201810,4.6
LA,201811,4.3
LA,201812,4.4
LA,201813,4.8
LA,201901,5.1
LA,201902,4.3
LA,201903,4.1
LA,201904,3.8
LA,201905,4.3
LA,201906,5.4
LA,201907,5.3
LA,201908,5.0
LA,201909,4.7
LA,201910,4.7
LA,201911,4.6
LA,201912,4.4
LA,201913,4.6
LA,202001,4.8
LA,202002,4.0
LA,202003,6.8
LA,202004,13.0
LA,202005,12.6
LA,202006,11.7
LA,202007,11.0
LA,202008,9.0
LA,202009,9.3
LA,202010,7.9
LA,202011,6.9
LA,202012,6.9
LA,202013,8.6
LA,202101,7.2
LA,202102,6.6
LA,202103,6.2
LA,202104,6.2
LA,202105,6.1
LA,202106,7.0
LA,202107,6.1
LA,202108,5.3
LA,202109,5.0
LA,202110,4.3
LA,202111,3.8
LA,202112,3.4
LA,202113,5.6
LA,202201,4.2
LA,202202,3.7
LA,202203,3.5
LA,202204,3.3
LA,202205,3.5
LA,202206,4.5
LA,202207,4.1
LA,202208,3.9
LA,202209,3.6
LA,202210,3.3
LA,202211,3.2
LA,202212,3.2
LA,202213,3.7
LA,202301,3.8
LA,202302,3.5
LA,202303,3.3
LA,202304,3.1
LA,202305,3.6
LA,202306,4.3
LA,202307,3.7
LA,202308,3.9
LA,202309,4.0
LA,202310,4.0
LA,202311,3.8
LA,202312,3.9
LA,202313,3.7
LA,202401,4.4
LA,202402,4.2
LA,202403,4.0
LA,202404,3.6
LA,202405,3.8
LA,202406,4.9
LA,202407,4.8
LA,202408,4.8
LA,202409,4.6
LA,202410,4.6
LA,202411,4.4
LA,202412,4.2
LA,202413,4.4
LA,202501,4.4
LA,202502,4.2
LA,202503,4.4
ME,197601,10.2
ME,197602,10.4
ME,197603,9.7
ME,197604,8.8
ME,197605,7.9
ME,197606,8.0
ME,197607,7.7
ME,197608,7.5
ME,197609,7.7
ME,197610,8.0
ME,197611,9.1
ME,197612,9.0
ME,197613,8.6
ME,197701,10.3
ME,197702,10.8
ME,197703,10.3
ME,197704,9.0
ME,197705,7.9
ME,197706,8.3
ME,197707,7.7
ME,197708,7.2
ME,197709,7.1
ME,197710,7.0
ME,197711,7.9
ME,197712,7.2
ME,197713,8.4
ME,197801,8.3
ME,197802,8.0
ME,197803,7.6
ME,197804,6.5
ME,197805,6.0
ME,197806,5.7
ME,197807,5.8
ME,197808,5.4
ME,197809,5.6
ME,197810,5.5
ME,197811,6.2
ME,197812,6.5
ME,197813,6.4
ME,197901,7.5
ME,197902,8.0
ME,197903,7.8
ME,197904,7.1
ME,197905,6.6
ME,197906,6.2
ME,197907,6.0
ME,197908,5.7
ME,197909,5.9
ME,197910,6.1
ME,197911,6.5
ME,197912,6.5
ME,197913,6.6
ME,198001,7.9
ME,198002,7.7
ME,198003,7.4
ME,198004,7.9
ME,198005,7.8
ME,198006,7.6
ME,198007,7.5
ME,198008,7.0
ME,198009,7.0
ME,198010,7.0
ME,198011,7.4
ME,198012,7.3
ME,198013,7.5
ME,198101,8.8
ME,198102,8.4
ME,198103,8.1
ME,198104,7.1
ME,198105,7.0
ME,198106,7.0
ME,198107,6.1
ME,198108,5.9
ME,198109,6.4
ME,198110,6.7
ME,198111,7.7
ME,198112,7.9
ME,198113,7.3
ME,198201,9.2
ME,198202,9.5
ME,198203,9.5
ME,198204,9.0
ME,198205,8.5
ME,198206,8.1
ME,198207,8.4
ME,198208,7.2
ME,198209,7.3
ME,198210,7.8
ME,198211,8.8
ME,198212,8.8
ME,198213,8.5
ME,198301,10.1
ME,198302,10.4
ME,198303,9.8
ME,198304,9.1
ME,198305,8.8
ME,198306,8.3
ME,198307,7.7
ME,198308,7.0
ME,198309,6.8
ME,198310,6.9
ME,198311,7.2
ME,198312,7.3
ME,198313,8.3
ME,198401,8.1
ME,198402,7.8
ME,198403,7.4
ME,198404,6.8
ME,198405,6.1
ME,198406,5.6
ME,198407,5.7
ME,198408,5.2
ME,198409,5.0
ME,198410,4.9
ME,198411,5.5
ME,198412,5.6
ME,198413,6.1
ME,198501,6.8
ME,198502,7.0
ME,198503,6.7
ME,198504,6.3
ME,198505,5.6
ME,198506,5.3
ME,198507,5.1
ME,198508,4.4
ME,198509,4.6
ME,198510,4.8
ME,198511,5.4
ME,198512,5.2
ME,198513,5.6
ME,198601,6.2
ME,198602,6.4
ME,198603,6.2
ME,198604,5.9
ME,198605,5.4
ME,198606,5.0
ME,198607,4.8
ME,198608,4.4
ME,198609,4.7
ME,198610,4.7
ME,198611,5.2
ME,198612,4.8
ME,198613,5.3
ME,198701,5.8
ME,198702,5.8
ME,198703,5.4
ME,198704,4.8
ME,198705,4.4
ME,198706,4.2
ME,198707,3.5
ME,198708,3.4
ME,198709,3.7
ME,198710,3.7
ME,198711,4.0
ME,198712,3.6
ME,198713,4.3
ME,198801,4.6
ME,198802,4.5
ME,198803,4.4
ME,198804,3.7
ME,198805,3.7
ME,198806,3.4
ME,198807,3.4
ME,198808,3.1
ME,198809,3.1
ME,198810,3.1
ME,198811,3.6
ME,198812,3.4
ME,198813,3.6
ME,198901,4.4
ME,198902,4.2
ME,198903,4.1
ME,198904,4.1
ME,198905,4.0
ME,198906,3.9
ME,198907,3.9
ME,198908,3.4
ME,198909,3.5
ME,198910,3.7
ME,198911,4.4
ME,198912,4.4
ME,198913,4.0
ME,199001,5.5
ME,199002,5.7
ME,199003,5.6
ME,199004,5.2
ME,199005,4.8
ME,199006,4.5
ME,199007,4.7
ME,199008,4.4
ME,199009,4.7
ME,199010,5.2
ME,199011,6.6
ME,199012,7.0
ME,199013,5.3
ME,199101,8.7
ME,199102,9.8
ME,199103,9.9
ME,199104,9.1
ME,199105,8.4
ME,199106,7.4
ME,199107,6.8
ME,199108,6.2
ME,199109,6.2
ME,199110,6.2
ME,199111,7.0
ME,199112,7.6
ME,199113,7.8
ME,199201,9.2
ME,199202,9.4
ME,199203,9.0
ME,199204,7.9
ME,199205,7.4
ME,199206,7.0
ME,199207,6.4
ME,199208,6.0
ME,199209,6.0
ME,199210,6.1
ME,199211,7.0
ME,199212,7.1
ME,199213,7.4
ME,199301,8.1
ME,199302,8.1
ME,199303,7.8
ME,199304,7.3
ME,199305,6.9
ME,199306,6.6
ME,199307,6.1
ME,199308,5.7
ME,199309,5.9
ME,199310,6.0
ME,199311,6.6
ME,199312,6.6
ME,199313,6.8
ME,199401,8.0
ME,199402,8.2
ME,199403,7.9
ME,199404,7.2
ME,199405,6.6
ME,199406,6.3
ME,199407,6.2
ME,199408,5.7
ME,199409,5.5
ME,199410,5.7
ME,199411,6.0
ME,199412,5.9
ME,199413,6.6
ME,199501,7.4
ME,199502,7.0
ME,199503,6.8
ME,199504,6.6
ME,199505,5.9
ME,199506,5.6
ME,199507,5.5
ME,199508,5.0
ME,199509,5.0
ME,199510,4.9
ME,199511,5.5
ME,199512,5.5
ME,199513,5.9
ME,199601,6.7
ME,199602,6.6
ME,199603,6.4
ME,199604,5.9
ME,199605,5.5
ME,199606,4.9
ME,199607,4.9
ME,199608,4.2
ME,199609,4.3
ME,199610,4.4
ME,199611,5.0
ME,199612,5.1
ME,199613,5.3
ME,199701,6.5
ME,199702,6.5
ME,199703,6.3
ME,199704,5.9
ME,199705,5.2
ME,199706,4.9
ME,199707,4.6
ME,199708,4.2
ME,199709,4.3
ME,199710,4.3
ME,199711,4.7
ME,199712,5.0
ME,199713,5.2
ME,199801,6.2
ME,199802,5.7
ME,199803,5.6
ME,199804,4.5
ME,199805,4.2
ME,199806,4.1
ME,199807,4.2
ME,199808,3.7
ME,199809,3.8
ME,199810,4.0
ME,199811,4.1
ME,199812,3.9
ME,199813,4.5
ME,199901,4.8
ME,199902,4.9
ME,199903,4.6
ME,199904,4.2
ME,199905,4.0
ME,199906,3.9
ME,199907,3.6
ME,199908,3.2
ME,199909,3.4
ME,199910,3.5
ME,199911,3.8
ME,199912,3.8
ME,199913,4.0
ME,200001,4.4
ME,200002,4.4
ME,200003,4.1
ME,200004,3.5
ME,200005,3.3
ME,200006,3.0
ME,200007,2.9
ME,200008,2.6
ME,200009,2.7
ME,200010,2.7
ME,200011,3.2
ME,200012,3.0
ME,200013,3.3
ME,200101,3.9
ME,200102,4.1
ME,200103,4.0
ME,200104,4.0
ME,200105,3.7
ME,200106,3.5
ME,200107,3.4
ME,200108,3.3
ME,200109,3.4
ME,200110,3.7
ME,200111,4.0
ME,200112,4.1
ME,200113,3.8
ME,200201,5.0
ME,200202,4.8
ME,200203,5.0
ME,200204,4.7
ME,200205,4.2
ME,200206,4.2
ME,200207,4.1
ME,200208,3.8
ME,200209,3.8
ME,200210,4.0
ME,200211,4.7
ME,200212,4.8
ME,200213,4.4
ME,200301,5.7
ME,200302,5.9
ME,200303,5.8
ME,200304,5.5
ME,200305,5.1
ME,200306,5.1
ME,200307,4.9
ME,200308,4.5
ME,200309,4.6
ME,200310,4.6
ME,200311,5.0
ME,200312,4.8
ME,200313,5.1
ME,200401,5.6
ME,200402,5.5
ME,200403,5.5
ME,200404,4.8
ME,200405,4.5
ME,200406,4.4
ME,200407,4.3
ME,200408,4.0
ME,200409,4.1
ME,200410,4.2
ME,200411,4.6
ME,200412,4.6
ME,200413,4.7
ME,200501,5.5
ME,200502,5.8
ME,200503,5.6
ME,200504,5.2
ME,200505,5.0
ME,200506,4.6
ME,200507,4.6
ME,200508,4.2
ME,200509,4.5
ME,200510,4.4
ME,200511,4.9
ME,200512,4.7
ME,200513,4.9
ME,200601,5.3
ME,200602,5.5
ME,200603,5.2
ME,200604,4.8
ME,200605,4.6
ME,200606,4.5
ME,200607,4.6
ME,200608,4.2
ME,200609,4.2
ME,200610,4.2
ME,200611,4.8
ME,200612,4.6
ME,200613,4.7
ME,200701,5.4
ME,200702,5.5
ME,200703,5.1
ME,200704,4.9
ME,200705,4.7
ME,200706,4.4
ME,200707,4.5
ME,200708,4.0
ME,200709,4.2
ME,200710,4.2
ME,200711,4.6
ME,200712,4.8
ME,200713,4.7
ME,200801,5.6
ME,200802,5.5
ME,200803,5.5
ME,200804,4.9
ME,200805,5.1
ME,200806,4.9
ME,200807,5.0
ME,200808,4.8
ME,200809,4.9
ME,200810,5.2
ME,200811,6.1
ME,200812,6.8
ME,200813,5.4
ME,200901,8.6
ME,200902,9.1
ME,200903,9.3
ME,200904,8.5
ME,200905,8.5
ME,200906,8.3
ME,200907,8.0
ME,200908,7.5
ME,200909,7.7
ME,200910,7.7
ME,200911,8.2
ME,200912,8.6
ME,200913,8.3
ME,201001,9.8
ME,201002,9.9
ME,201003,9.6
ME,201004,8.8
ME,201005,8.3
ME,201006,7.9
ME,201007,7.9
ME,201008,7.4
ME,201009,7.3
ME,201010,7.4
ME,201011,8.2
ME,201012,8.2
ME,201013,8.4
ME,201101,9.1
ME,201102,9.1
ME,201103,8.8
ME,201104,8.1
ME,201105,7.9
ME,201106,7.5
ME,201107,7.3
ME,201108,6.9
ME,201109,7.0
ME,201110,6.9
ME,201111,7.1
ME,201112,7.4
ME,201113,7.8
ME,201201,8.3
ME,201202,8.4
ME,201203,8.1
ME,201204,7.3
ME,201205,7.2
ME,201206,7.0
ME,201207,7.0
ME,201208,6.5
ME,201209,6.3
ME,201210,6.5
ME,201211,6.8
ME,201212,7.2
ME,201213,7.2
ME,201301,8.3
ME,201302,8.1
ME,201303,7.6
ME,201304,7.1
ME,201305,6.8
ME,201306,6.5
ME,201307,6.2
ME,201308,5.8
ME,201309,5.8
ME,201310,5.9
ME,201311,6.2
ME,201312,6.1
ME,201313,6.7
ME,201401,7.0
ME,201402,7.1
ME,201403,6.8
ME,201404,5.9
ME,201405,5.6
ME,201406,5.1
ME,201407,5.2
ME,201408,4.9
ME,201409,4.7
ME,201410,4.7
ME,201411,5.1
ME,201412,5.0
ME,201413,5.6
ME,201501,5.9
ME,201502,5.7
ME,201503,5.3
ME,201504,4.7
ME,201505,4.6
ME,201506,4.1
ME,201507,3.9
ME,201508,3.5
ME,201509,3.5
ME,201510,3.6
ME,201511,4.0
ME,201512,4.1
ME,201513,4.4
ME,201601,4.8
ME,201602,4.7
ME,201603,4.7
ME,201604,4.0
ME,201605,3.7
ME,201606,3.6
ME,201607,3.4
ME,201608,3.2
ME,201609,3.3
ME,201610,3.3
ME,201611,3.5
ME,201612,3.5
ME,201613,3.8
ME,201701,4.3
ME,201702,4.2
ME,201703,3.9
ME,201704,3.6
ME,201705,3.5
ME,201706,3.2
ME,201707,3.2
ME,201708,2.9
ME,201709,2.9
ME,201710,2.9
ME,201711,3.2
ME,201712,3.0
ME,201713,3.4
ME,201801,3.7
ME,201802,3.7
ME,201803,3.5
ME,201804,3.3
ME,201805,3.1
ME,201806,3.1
ME,201807,3.1
ME,201808,2.8
ME,201809,2.8
ME,201810,2.9
ME,201811,3.0
ME,201812,3.2
ME,201813,3.2
ME,201901,3.9
ME,201902,3.6
ME,201903,3.5
ME,201904,3.0
ME,201905,2.8
ME,201906,2.5
ME,201907,2.5
ME,201908,2.4
ME,201909,2.4
ME,201910,2.5
ME,201911,2.8
ME,201912,2.8
ME,201913,2.9
ME,202001,3.7
ME,202002,3.8
ME,202003,4.3
ME,202004,9.2
ME,202005,9.7
ME,202006,6.4
ME,202007,6.7
ME,202008,3.6
ME,202009,3.0
ME,202010,3.0
ME,202011,3.4
ME,202012,4.0
ME,202013,5.1
ME,202101,5.5
ME,202102,5.7
ME,202103,5.5
ME,202104,5.4
ME,202105,5.1
ME,202106,5.2
ME,202107,4.7
ME,202108,4.5
ME,202109,4.0
ME,202110,3.9
ME,202111,4.0
ME,202112,3.7
ME,202113,4.8
ME,202201,4.4
ME,202202,4.0
ME,202203,3.6
ME,202204,3.0
ME,202205,2.8
ME,202206,2.5
ME,202207,2.3
ME,202208,2.1
ME,202209,2.2
ME,202210,2.3
ME,202211,2.6
ME,202212,2.4
ME,202213,2.9
ME,202301,3.0
ME,202302,3.2
ME,202303,3.0
ME,202304,2.4
ME,202305,2.5
ME,202306,2.4
ME,202307,2.4
ME,202308,2.3
ME,202309,2.3
ME,202310,2.5
ME,202311,2.8
ME,202312,2.8
ME,202313,2.6
ME,202401,3.3
ME,202402,3.5
ME,202403,3.2
ME,202404,2.9
ME,202405,2.8
ME,202406,2.8
ME,202407,3.0
ME,202408,2.9
ME,202409,2.8
ME,202410,3.1
ME,202411,3.6
ME,202412,3.5
ME,202413,3.1
ME,202501,4.0
ME,202502,4.0
ME,202503,3.8
MD,197601,7.3
MD,197602,7.2
MD,197603,6.6
MD,197604,6.0
MD,197605,5.9
MD,197606,6.9
MD,197607,6.8
MD,197608,6.6
MD,197609,6.6
MD,197610,6.5
MD,197611,6.8
MD,197612,6.5
MD,197613,6.6
MD,197701,7.3
MD,197702,7.3
MD,197703,6.6
MD,197704,5.5
MD,197705,5.4
MD,197706,6.6
MD,197707,5.9
MD,197708,5.7
MD,197709,5.7
MD,197710,5.9
MD,197711,5.9
MD,197712,5.3
MD,197713,6.1
MD,197801,6.3
MD,197802,6.3
MD,197803,6.0
MD,197804,5.0
MD,197805,4.9
MD,197806,5.6
MD,197807,5.6
MD,197808,5.2
MD,197809,5.4
MD,197810,5.4
MD,197811,5.5
MD,197812,5.5
MD,197813,5.6
MD,197901,6.3
MD,197902,6.5
MD,197903,6.1
MD,197904,5.5
MD,197905,5.3
MD,197906,6.0
MD,197907,5.7
MD,197908,5.9
MD,197909,5.7
MD,197910,5.8
MD,197911,5.4
MD,197912,5.3
MD,197913,5.8
MD,198001,6.3
MD,198002,6.3
MD,198003,6.1
MD,198004,6.0
MD,198005,6.4
MD,198006,7.0
MD,198007,6.8
MD,198008,6.5
MD,198009,6.3
MD,198010,6.7
MD,198011,6.6
MD,198012,6.3
MD,198013,6.5
MD,198101,7.3
MD,198102,7.4
MD,198103,7.1
MD,198104,6.5
MD,198105,6.9
MD,198106,7.6
MD,198107,7.1
MD,198108,7.0
MD,198109,7.2
MD,198110,7.6
MD,198111,7.8
MD,198112,7.8
MD,198113,7.3
MD,198201,8.5
MD,198202,8.8
MD,198203,8.5
MD,198204,8.1
MD,198205,8.0
MD,198206,8.3
MD,198207,8.0
MD,198208,7.9
MD,198209,7.8
MD,198210,7.9
MD,198211,8.0
MD,198212,7.8
MD,198213,8.1
MD,198301,8.4
MD,198302,8.3
MD,198303,7.8
MD,198304,7.0
MD,198305,6.9
MD,198306,7.5
MD,198307,6.9
MD,198308,6.6
MD,198309,6.3
MD,198310,6.3
MD,198311,5.9
MD,198312,5.6
MD,198313,6.9
MD,198401,6.1
MD,198402,5.9
MD,198403,5.5
MD,198404,5.2
MD,198405,5.3
MD,198406,5.7
MD,198407,5.6
MD,198408,5.4
MD,198409,5.1
MD,198410,5.1
MD,198411,5.0
MD,198412,4.8
MD,198413,5.4
MD,198501,5.5
MD,198502,5.3
MD,198503,4.9
MD,198504,4.5
MD,198505,4.5
MD,198506,5.0
MD,198507,4.7
MD,198508,4.3
MD,198509,4.3
MD,198510,4.3
MD,198511,4.2
MD,198512,3.9
MD,198513,4.6
MD,198601,4.4
MD,198602,4.8
MD,198603,4.5
MD,198604,4.1
MD,198605,4.3
MD,198606,4.8
MD,198607,4.6
MD,198608,4.4
MD,198609,4.6
MD,198610,4.7
MD,198611,4.7
MD,198612,4.3
MD,198613,4.5
MD,198701,5.0
MD,198702,5.0
MD,198703,4.6
MD,198704,4.0
MD,198705,4.2
MD,198706,4.5
MD,198707,4.3
MD,198708,4.0
MD,198709,4.0
MD,198710,4.2
MD,198711,4.1
MD,198712,3.9
MD,198713,4.3
MD,198801,4.7
MD,198802,4.8
MD,198803,4.4
MD,198804,3.9
MD,198805,4.2
MD,198806,4.4
MD,198807,4.3
MD,198808,4.2
MD,198809,4.1
MD,198810,4.0
MD,198811,3.8
MD,198812,3.5
MD,198813,4.2
MD,198901,4.2
MD,198902,4.3
MD,198903,3.9
MD,198904,3.7
MD,198905,3.7
MD,198906,4.1
MD,198907,3.8
MD,198908,3.6
MD,198909,3.6
MD,198910,3.6
MD,198911,3.5
MD,198912,3.3
MD,198913,3.8
MD,199001,4.2
MD,199002,4.2
MD,199003,3.7
MD,199004,3.7
MD,199005,3.8
MD,199006,4.4
MD,199007,4.6
MD,199008,4.7
MD,199009,4.7
MD,199010,4.8
MD,199011,5.1
MD,199012,5.1
MD,199013,4.4
MD,199101,5.8
MD,199102,6.2
MD,199103,5.9
MD,199104,5.3
MD,199105,5.6
MD,199106,5.9
MD,199107,5.7
MD,199108,5.7
MD,199109,5.6
MD,199110,5.8
MD,199111,5.9
MD,199112,6.1
MD,199113,5.8
MD,199201,7.0
MD,199202,7.2
MD,199203,6.8
MD,199204,6.2
MD,199205,6.4
MD,199206,6.9
MD,199207,6.6
MD,199208,6.4
MD,199209,6.4
MD,199210,6.2
MD,199211,6.2
MD,199212,6.0
MD,199213,6.5
MD,199301,6.7
MD,199302,6.8
MD,199303,6.4
MD,199304,6.0
MD,199305,6.0
MD,199306,6.5
MD,199307,6.2
MD,199308,6.0
MD,199309,5.7
MD,199310,5.7
MD,199311,5.4
MD,199312,5.2
MD,199313,6.0
MD,199401,6.2
MD,199402,6.1
MD,199403,5.7
MD,199404,5.2
MD,199405,5.1
MD,199406,5.4
MD,199407,5.3
MD,199408,5.2
MD,199409,4.9
MD,199410,4.9
MD,199411,4.7
MD,199412,4.4
MD,199413,5.3
MD,199501,5.4
MD,199502,5.2
MD,199503,5.0
MD,199504,4.9
MD,199505,4.9
MD,199506,5.3
MD,199507,5.2
MD,199508,5.0
MD,199509,4.8
MD,199510,4.8
MD,199511,4.8
MD,199512,4.5
MD,199513,5.0
MD,199601,5.4
MD,199602,5.4
MD,199603,5.2
MD,199604,4.8
MD,199605,5.0
MD,199606,5.0
MD,199607,5.2
MD,199608,4.7
MD,199609,4.7
MD,199610,4.6
MD,199611,4.7
MD,199612,4.5
MD,199613,4.9
MD,199701,5.4
MD,199702,5.4
MD,199703,5.1
MD,199704,4.7
MD,199705,4.7
MD,199706,5.1
MD,199707,4.8
MD,199708,4.7
MD,199709,4.7
MD,199710,4.6
MD,199711,4.5
MD,199712,4.4
MD,199713,4.8
MD,199801,5.2
MD,199802,5.0
MD,199803,4.8
MD,199804,4.0
MD,199805,4.1
MD,199806,4.5
MD,199807,4.4
MD,199808,4.2
MD,199809,3.8
MD,199810,3.8
MD,199811,3.6
MD,199812,3.2
MD,199813,4.2
MD,199901,4.0
MD,199902,4.1
MD,199903,3.7
MD,199904,3.4
MD,199905,3.3
MD,199906,3.7
MD,199907,3.6
MD,199908,3.3
MD,199909,3.1
MD,199910,3.1
MD,199911,3.0
MD,199912,2.8
MD,199913,3.4
MD,200001,3.6
MD,200002,3.7
MD,200003,3.6
MD,200004,3.1
MD,200005,3.5
MD,200006,3.8
MD,200007,3.8
MD,200008,3.8
MD,200009,3.5
MD,200010,3.5
MD,200011,3.5
MD,200012,3.3
MD,200013,3.6
MD,200101,4.1
MD,200102,4.0
MD,200103,3.9
MD,200104,3.6
MD,200105,3.6
MD,200106,4.1
MD,200107,4.1
MD,200108,4.4
MD,200109,4.2
MD,200110,4.6
MD,200111,4.5
MD,200112,4.5
MD,200113,4.1
MD,200201,5.2
MD,200202,5.0
MD,200203,4.8
MD,200204,4.5
MD,200205,4.2
MD,200206,4.7
MD,200207,4.5
MD,200208,4.4
MD,200209,4.0
MD,200210,4.1
MD,200211,4.2
MD,200212,4.1
MD,200213,4.5
MD,200301,4.8
MD,200302,4.9
MD,200303,4.7
MD,200304,4.3
MD,200305,4.4
MD,200306,4.9
MD,200307,4.7
MD,200308,4.4
MD,200309,4.2
MD,200310,4.2
MD,200311,4.3
MD,200312,4.0
MD,200313,4.5
MD,200401,4.7
MD,200402,4.6
MD,200403,4.5
MD,200404,4.0
MD,200405,4.1
MD,200406,4.6
MD,200407,4.5
MD,200408,4.3
MD,200409,4.0
MD,200410,4.1
MD,200411,4.2
MD,200412,4.1
MD,200413,4.3
MD,200501,4.7
MD,200502,4.9
MD,200503,4.6
MD,200504,4.1
MD,200505,4.1
MD,200506,4.4
MD,200507,4.3
MD,200508,4.1
MD,200509,3.8
MD,200510,3.8
MD,200511,3.8
MD,200512,3.5
MD,200513,4.2
MD,200601,3.9
MD,200602,4.0
MD,200603,3.7
MD,200604,3.6
MD,200605,3.8
MD,200606,4.3
MD,200607,4.4
MD,200608,4.0
MD,200609,3.7
MD,200610,3.6
MD,200611,3.6
MD,200612,3.4
MD,200613,3.8
MD,200701,4.1
MD,200702,4.0
MD,200703,3.5
MD,200704,3.2
MD,200705,3.2
MD,200706,3.7
MD,200707,3.7
MD,200708,3.4
MD,200709,3.3
MD,200710,3.3
MD,200711,3.0
MD,200712,3.0
MD,200713,3.4
MD,200801,3.5
MD,200802,3.6
MD,200803,3.6
MD,200804,3.3
MD,200805,3.8
MD,200806,4.4
MD,200807,4.6
MD,200808,4.7
MD,200809,4.6
MD,200810,5.0
MD,200811,5.1
MD,200812,5.5
MD,200813,4.3
MD,200901,6.6
MD,200902,7.0
MD,200903,6.9
MD,200904,6.5
MD,200905,6.9
MD,200906,7.4
MD,200907,7.3
MD,200908,7.3
MD,200909,7.3
MD,200910,7.6
MD,200911,7.5
MD,200912,7.5
MD,200913,7.1
MD,201001,8.4
MD,201002,8.4
MD,201003,8.2
MD,201004,7.5
MD,201005,7.5
MD,201006,7.8
MD,201007,7.9
MD,201008,7.9
MD,201009,7.5
MD,201010,7.4
MD,201011,7.5
MD,201012,7.3
MD,201013,7.8
MD,201101,7.8
MD,201102,7.7
MD,201103,7.4
MD,201104,6.9
MD,201105,7.1
MD,201106,7.7
MD,201107,7.6
MD,201108,7.5
MD,201109,7.2
MD,201110,7.1
MD,201111,6.7
MD,201112,6.7
MD,201113,7.3
MD,201201,7.3
MD,201202,7.4
MD,201203,7.0
MD,201204,6.5
MD,201205,6.7
MD,201206,7.2
MD,201207,7.2
MD,201208,7.0
MD,201209,6.5
MD,201210,6.6
MD,201211,6.5
MD,201212,6.6
MD,201213,6.9
MD,201301,7.3
MD,201302,7.1
MD,201303,6.8
MD,201304,6.4
MD,201305,6.6
MD,201306,7.1
MD,201307,6.8
MD,201308,6.5
MD,201309,6.2
MD,201310,6.4
MD,201311,6.0
MD,201312,5.6
MD,201313,6.6
MD,201401,6.2
MD,201402,6.3
MD,201403,6.1
MD,201404,5.3
MD,201405,5.7
MD,201406,6.0
MD,201407,6.1
MD,201408,6.0
MD,201409,5.4
MD,201410,5.3
MD,201411,5.3
MD,201412,5.1
MD,201413,5.7
MD,201501,5.8
MD,201502,5.6
MD,201503,5.3
MD,201504,4.8
MD,201505,5.1
MD,201506,5.3
MD,201507,5.3
MD,201508,5.0
MD,201509,4.7
MD,201510,4.8
MD,201511,4.6
MD,201512,4.3
MD,201513,5.0
MD,201601,4.7
MD,201602,4.6
MD,201603,4.5
MD,201604,4.0
MD,201605,3.9
MD,201606,4.4
MD,201607,4.4
MD,201608,4.3
MD,201609,4.0
MD,201610,4.2
MD,201611,4.0
MD,201612,3.9
MD,201613,4.2
MD,201701,4.5
MD,201702,4.5
MD,201703,4.1
MD,201704,3.7
MD,201705,3.8
MD,201706,4.2
MD,201707,4.2
MD,201708,4.2
MD,201709,3.8
MD,201710,4.0
MD,201711,4.0
MD,201712,3.8
MD,201713,4.1
MD,201801,4.4
MD,201802,4.4
MD,201803,4.1
MD,201804,3.5
MD,201805,3.5
MD,201806,4.2
MD,201807,4.0
MD,201808,3.8
MD,201809,3.4
MD,201810,3.5
MD,201811,3.3
MD,201812,3.4
MD,201813,3.8
MD,201901,4.1
MD,201902,3.9
MD,201903,3.6
MD,201904,3.0
MD,201905,3.1
MD,201906,3.6
MD,201907,3.7
MD,201908,3.5
MD,201909,3.0
MD,201910,3.1
MD,201911,3.0
MD,201912,2.9
MD,201913,3.4
MD,202001,3.5
MD,202002,3.5
MD,202003,4.1
MD,202004,8.6
MD,202005,9.1
MD,202006,8.2
MD,202007,8.0
MD,202008,7.0
MD,202009,7.0
MD,202010,6.5
MD,202011,6.3
MD,202012,6.4
MD,202013,6.5
MD,202101,6.7
MD,202102,6.5
MD,202103,6.2
MD,202104,5.6
MD,202105,5.5
MD,202106,6.0
MD,202107,5.5
MD,202108,5.2
MD,202109,4.4
MD,202110,4.1
MD,202111,3.7
MD,202112,3.1
MD,202113,5.2
MD,202201,3.7
MD,202202,3.6
MD,202203,3.2
MD,202204,2.7
MD,202205,2.8
MD,202206,3.4
MD,202207,3.2
MD,202208,3.2
MD,202209,2.6
MD,202210,2.8
MD,202211,2.4
MD,202212,2.1
MD,202213,3.0
MD,202301,2.6
MD,202302,2.5
MD,202303,2.1
MD,202304,1.5
MD,202305,1.7
MD,202306,2.0
MD,202307,2.2
MD,202308,2.3
MD,202309,2.2
MD,202310,2.5
MD,202311,2.3
MD,202312,2.4
MD,202313,2.2
MD,202401,3.0
MD,202402,3.1
MD,202403,2.9
MD,202404,2.5
MD,202405,2.6
MD,202406,3.4
MD,202407,3.5
MD,202408,3.5
MD,202409,2.9
MD,202410,3.1
MD,202411,3.1
MD,202412,2.7
MD,202413,3.0
MD,202501,3.0
MD,202502,3.3
MD,202503,3.2
MA,197601,12.0
MA,197602,11.6
MA,197603,11.1
MA,197604,10.1
MA,197605,9.3
MA,197606,9.9
MA,197607,9.7
MA,197608,9.2
MA,197609,9.2
MA,197610,8.4
MA,197611,8.6
MA,197612,8.4
MA,197613,9.8
MA,197701,9.6
MA,197702,9.5
MA,197703,9.0
MA,197704,8.0
MA,197705,7.4
MA,197706,8.2
MA,197707,7.6
MA,197708,7.7
MA,197709,7.7
MA,197710,6.7
MA,197711,6.8
MA,197712,6.3
MA,197713,7.9
MA,197801,7.6
MA,197802,7.1
MA,197803,6.8
MA,197804,6.0
MA,197805,5.7
MA,197806,6.2
MA,197807,6.3
MA,197808,5.9
MA,197809,6.1
MA,197810,5.2
MA,197811,5.4
MA,197812,5.6
MA,197813,6.2
MA,197901,6.6
MA,197902,6.4
MA,197903,6.1
MA,197904,5.4
MA,197905,5.1
MA,197906,5.6
MA,197907,5.3
MA,197908,5.3
MA,197909,5.4
MA,197910,4.8
MA,197911,4.8
MA,197912,4.8
MA,197913,5.5
MA,198001,6.1
MA,198002,5.8
MA,198003,5.7
MA,198004,5.4
MA,198005,5.7
MA,198006,6.2
MA,198007,6.2
MA,198008,5.9
MA,198009,5.9
MA,198010,5.4
MA,198011,5.4
MA,198012,5.3
MA,198013,5.7
MA,198101,6.8
MA,198102,6.6
MA,198103,6.4
MA,198104,5.8
MA,198105,5.9
MA,198106,6.5
MA,198107,6.3
MA,198108,6.3
MA,198109,6.6
MA,198110,6.3
MA,198111,6.6
MA,198112,6.9
MA,198113,6.4
MA,198201,8.3
MA,198202,8.2
MA,198203,8.1
MA,198204,7.6
MA,198205,7.5
MA,198206,8.0
MA,198207,8.0
MA,198208,7.6
MA,198209,7.8
MA,198210,7.4
MA,198211,7.6
MA,198212,7.8
MA,198213,7.8
MA,198301,8.8
MA,198302,8.5
MA,198303,8.1
MA,198304,7.3
MA,198305,7.0
MA,198306,7.4
MA,198307,6.7
MA,198308,6.5
MA,198309,6.5
MA,198310,5.7
MA,198311,5.5
MA,198312,5.5
MA,198313,6.9
MA,198401,6.5
MA,198402,6.0
MA,198403,5.7
MA,198404,5.0
MA,198405,4.5
MA,198406,4.7
MA,198407,4.7
MA,198408,4.5
MA,198409,4.4
MA,198410,3.8
MA,198411,3.7
MA,198412,3.9
MA,198413,4.8
MA,198501,5.0
MA,198502,4.7
MA,198503,4.6
MA,198504,4.0
MA,198505,3.9
MA,198506,4.3
MA,198507,4.3
MA,198508,3.9
MA,198509,4.1
MA,198510,3.5
MA,198511,3.6
MA,198512,3.6
MA,198513,4.1
MA,198601,4.5
MA,198602,4.6
MA,198603,4.5
MA,198604,3.9
MA,198605,3.9
MA,198606,4.3
MA,198607,4.1
MA,198608,3.8
MA,198609,4.0
MA,198610,3.5
MA,198611,3.5
MA,198612,3.4
MA,198613,4.0
MA,198701,4.5
MA,198702,4.3
MA,198703,4.2
MA,198704,3.4
MA,198705,3.2
MA,198706,3.4
MA,198707,3.3
MA,198708,3.0
MA,198709,3.1
MA,198710,2.7
MA,198711,2.7
MA,198712,2.7
MA,198713,3.4
MA,198801,3.9
MA,198802,3.7
MA,198803,3.6
MA,198804,3.0
MA,198805,3.0
MA,198806,3.4
MA,198807,3.4
MA,198808,3.2
MA,198809,3.3
MA,198810,2.9
MA,198811,3.1
MA,198812,3.1
MA,198813,3.3
MA,198901,4.3
MA,198902,4.0
MA,198903,4.0
MA,198904,3.7
MA,198905,3.7
MA,198906,4.3
MA,198907,4.3
MA,198908,4.2
MA,198909,4.5
MA,198910,4.2
MA,198911,4.6
MA,198912,4.7
MA,198913,4.2
MA,199001,5.9
MA,199002,6.0
MA,199003,6.0
MA,199004,5.8
MA,199005,5.8
MA,199006,6.0
MA,199007,6.4
MA,199008,6.5
MA,199009,6.8
MA,199010,6.6
MA,199011,7.1
MA,199012,7.5
MA,199013,6.4
MA,199101,8.9
MA,199102,9.1
MA,199103,9.2
MA,199104,8.5
MA,199105,8.9
MA,199106,9.2
MA,199107,9.1
MA,199108,8.9
MA,199109,9.0
MA,199110,8.5
MA,199111,8.6
MA,199112,8.8
MA,199113,8.9
MA,199201,9.9
MA,199202,9.7
MA,199203,9.4
MA,199204,8.6
MA,199205,8.7
MA,199206,9.2
MA,199207,8.9
MA,199208,8.5
MA,199209,8.7
MA,199210,7.9
MA,199211,8.1
MA,199212,8.0
MA,199213,8.8
MA,199301,9.0
MA,199302,8.7
MA,199303,8.3
MA,199304,7.4
MA,199305,7.2
MA,199306,7.4
MA,199307,7.3
MA,199308,6.7
MA,199309,6.8
MA,199310,6.4
MA,199311,6.2
MA,199312,6.1
MA,199313,7.3
MA,199401,7.5
MA,199402,7.2
MA,199403,7.0
MA,199404,6.3
MA,199405,6.0
MA,199406,6.3
MA,199407,6.4
MA,199408,6.0
MA,199409,6.0
MA,199410,5.5
MA,199411,5.5
MA,199412,5.3
MA,199413,6.2
MA,199501,6.6
MA,199502,6.1
MA,199503,5.9
MA,199504,5.6
MA,199505,5.4
MA,199506,5.7
MA,199507,5.7
MA,199508,5.3
MA,199509,5.3
MA,199510,4.7
MA,199511,4.7
MA,199512,4.7
MA,199513,5.5
MA,199601,5.9
MA,199602,5.4
MA,199603,5.2
MA,199604,4.6
MA,199605,4.6
MA,199606,4.6
MA,199607,4.8
MA,199608,4.1
MA,199609,4.3
MA,199610,3.9
MA,199611,4.0
MA,199612,4.0
MA,199613,4.6
MA,199701,5.1
MA,199702,4.8
MA,199703,4.7
MA,199704,3.9
MA,199705,4.0
MA,199706,4.3
MA,199707,4.2
MA,199708,3.9
MA,199709,3.9
MA,199710,3.4
MA,199711,3.3
MA,199712,3.3
MA,199713,4.1
MA,199801,4.3
MA,199802,4.0
MA,199803,4.0
MA,199804,3.0
MA,199805,3.2
MA,199806,3.6
MA,199807,3.5
MA,199808,3.1
MA,199809,3.3
MA,199810,2.9
MA,199811,2.8
MA,199812,2.9
MA,199813,3.4
MA,199901,3.9
MA,199902,3.8
MA,199903,3.6
MA,199904,3.2
MA,199905,3.1
MA,199906,3.5
MA,199907,3.6
MA,199908,3.1
MA,199909,3.2
MA,199910,2.9
MA,199911,2.8
MA,199912,2.8
MA,199913,3.3
MA,200001,3.7
MA,200002,3.5
MA,200003,3.3
MA,200004,2.5
MA,200005,2.7
MA,200006,2.9
MA,200007,3.0
MA,200008,2.6
MA,200009,2.5
MA,200010,2.2
MA,200011,2.3
MA,200012,2.4
MA,200013,2.8
MA,200101,3.6
MA,200102,3.5
MA,200103,3.6
MA,200104,3.2
MA,200105,3.3
MA,200106,3.8
MA,200107,4.0
MA,200108,3.9
MA,200109,4.0
MA,200110,4.0
MA,200111,4.2
MA,200112,4.4
MA,200113,3.8
MA,200201,5.6
MA,200202,5.4
MA,200203,5.4
MA,200204,5.0
MA,200205,5.0
MA,200206,5.4
MA,200207,5.5
MA,200208,5.2
MA,200209,5.2
MA,200210,5.0
MA,200211,5.1
MA,200212,5.3
MA,200213,5.2
MA,200301,6.3
MA,200302,6.1
MA,200303,6.0
MA,200304,5.5
MA,200305,5.7
MA,200306,6.2
MA,200307,6.1
MA,200308,5.7
MA,200309,5.7
MA,200310,5.3
MA,200311,5.3
MA,200312,5.2
MA,200313,5.7
MA,200401,6.2
MA,200402,5.8
MA,200403,5.7
MA,200404,4.9
MA,200405,5.1
MA,200406,5.4
MA,200407,5.3
MA,200408,4.8
MA,200409,4.7
MA,200410,4.5
MA,200411,4.5
MA,200412,4.5
MA,200413,5.1
MA,200501,5.5
MA,200502,5.5
MA,200503,5.1
MA,200504,4.5
MA,200505,4.7
MA,200506,4.9
MA,200507,4.9
MA,200508,4.5
MA,200509,4.7
MA,200510,4.3
MA,200511,4.5
MA,200512,4.5
MA,200513,4.8
MA,200601,5.3
MA,200602,5.3
MA,200603,5.0
MA,200604,4.5
MA,200605,4.6
MA,200606,4.8
MA,200607,5.0
MA,200608,4.6
MA,200609,4.6
MA,200610,4.1
MA,200611,4.3
MA,200612,4.4
MA,200613,4.7
MA,200701,5.4
MA,200702,5.1
MA,200703,4.7
MA,200704,4.2
MA,200705,4.4
MA,200706,4.6
MA,200707,4.8
MA,200708,4.3
MA,200709,4.3
MA,200710,4.0
MA,200711,4.0
MA,200712,4.4
MA,200713,4.5
MA,200801,5.2
MA,200802,5.0
MA,200803,4.9
MA,200804,4.2
MA,200805,4.9
MA,200806,5.3
MA,200807,5.5
MA,200808,5.4
MA,200809,5.5
MA,200810,5.5
MA,200811,5.7
MA,200812,6.4
MA,200813,5.3
MA,200901,7.9
MA,200902,8.1
MA,200903,8.1
MA,200904,7.5
MA,200905,8.0
MA,200906,8.4
MA,200907,8.6
MA,200908,8.3
MA,200909,8.4
MA,200910,8.2
MA,200911,8.0
MA,200912,8.4
MA,200913,8.1
MA,201001,9.4
MA,201002,9.1
MA,201003,8.8
MA,201004,8.0
MA,201005,8.0
MA,201006,8.1
MA,201007,8.2
MA,201008,7.8
MA,201009,7.7
MA,201010,7.3
MA,201011,7.5
MA,201012,7.5
MA,201013,8.1
MA,201101,8.3
MA,201102,8.1
MA,201103,7.6
MA,201104,6.9
MA,201105,7.1
MA,201106,7.5
MA,201107,7.5
MA,201108,7.1
MA,201109,7.0
MA,201110,6.6
MA,201111,6.4
MA,201112,6.6
MA,201113,7.2
MA,201201,7.3
MA,201202,7.2
MA,201203,6.8
MA,201204,6.2
MA,201205,6.5
MA,201206,6.9
MA,201207,7.2
MA,201208,6.8
MA,201209,6.4
MA,201210,6.3
MA,201211,6.1
MA,201212,6.5
MA,201213,6.7
MA,201301,7.5
MA,201302,7.2
MA,201303,6.8
MA,201304,6.3
MA,201305,6.7
MA,201306,7.1
MA,201307,7.1
MA,201308,6.6
MA,201309,6.5
MA,201310,6.3
MA,201311,5.9
MA,201312,6.0
MA,201313,6.7
MA,201401,6.7
MA,201402,6.6
MA,201403,6.3
MA,201404,5.4
MA,201405,5.7
MA,201406,5.9
MA,201407,6.2
MA,201408,5.8
MA,201409,5.4
MA,201410,5.1
MA,201411,4.9
MA,201412,4.9
MA,201413,5.7
MA,201501,5.7
MA,201502,5.5
MA,201503,5.1
MA,201504,4.5
MA,201505,4.9
MA,201506,5.0
MA,201507,5.1
MA,201508,4.6
MA,201509,4.4
MA,201510,4.3
MA,201511,4.1
MA,201512,4.2
MA,201513,4.8
MA,201601,4.8
MA,201602,4.7
MA,201603,4.5
MA,201604,3.8
MA,201605,3.9
MA,201606,4.2
MA,201607,4.2
MA,201608,3.9
MA,201609,3.7
MA,201610,3.5
MA,201611,3.3
MA,201612,3.6
MA,201613,4.0
MA,201701,4.5
MA,201702,4.4
MA,201703,4.0
MA,201704,3.5
MA,201705,3.8
MA,201706,4.0
MA,201707,4.2
MA,201708,3.9
MA,201709,3.6
MA,201710,3.4
MA,201711,3.3
MA,201712,3.5
MA,201713,3.8
MA,201801,4.2
MA,201802,4.2
MA,201803,3.8
MA,201804,3.2
MA,201805,3.3
MA,201806,3.8
MA,201807,3.8
MA,201808,3.4
MA,201809,3.1
MA,201810,3.0
MA,201811,2.7
MA,201812,3.1
MA,201813,3.5
MA,201901,3.9
MA,201902,3.6
MA,201903,3.4
MA,201904,2.7
MA,201905,2.9
MA,201906,3.2
MA,201907,3.3
MA,201908,3.1
MA,201909,2.7
MA,201910,2.6
MA,201911,2.5
MA,201912,2.7
MA,201913,3.0
MA,202001,3.5
MA,202002,3.4
MA,202003,3.8
MA,202004,17.2
MA,202005,14.5
MA,202006,14.7
MA,202007,12.8
MA,202008,10.2
MA,202009,9.5
MA,202010,7.9
MA,202011,7.3
MA,202012,7.2
MA,202013,9.3
MA,202101,7.3
MA,202102,6.9
MA,202103,6.3
MA,202104,5.5
MA,202105,5.3
MA,202106,5.8
MA,202107,5.5
MA,202108,5.0
MA,202109,4.4
MA,202110,4.1
MA,202111,3.6
MA,202112,3.6
MA,202113,5.3
MA,202201,4.4
MA,202202,4.2
MA,202203,3.8
MA,202204,3.2
MA,202205,3.5
MA,202206,3.8
MA,202207,3.9
MA,202208,3.9
MA,202209,3.3
MA,202210,3.3
MA,202211,3.2
MA,202212,3.3
MA,202213,3.6
MA,202301,4.0
MA,202302,4.1
MA,202303,3.7
MA,202304,2.8
MA,202305,3.3
MA,202306,3.6
MA,202307,3.6
MA,202308,3.6
MA,202309,3.2
MA,202310,3.3
MA,202311,3.2
MA,202312,3.6
MA,202313,3.5
MA,202401,4.2
MA,202402,4.3
MA,202403,4.0
MA,202404,3.4
MA,202405,3.8
MA,202406,4.2
MA,202407,4.5
MA,202408,4.3
MA,202409,3.8
MA,202410,3.9
MA,202411,3.9
MA,202412,4.1
MA,202413,4.0
MA,202501,4.7
MA,202502,5.0
MA,202503,5.0
MI,197601,10.9
MI,197602,10.9
MI,197603,10.7
MI,197604,9.7
MI,197605,8.8
MI,197606,9.7
MI,197607,9.8
MI,197608,9.2
MI,197609,8.4
MI,197610,8.1
MI,197611,8.5
MI,197612,8.4
MI,197613,9.4
MI,197701,9.4
MI,197702,9.6
MI,197703,9.5
MI,197704,8.0
MI,197705,7.5
MI,197706,8.7
MI,197707,8.7
MI,197708,8.4
MI,197709,7.6
MI,197710,7.0
MI,197711,7.5
MI,197712,6.9
MI,197713,8.2
MI,197801,8.0
MI,197802,7.6
MI,197803,7.5
MI,197804,6.8
MI,197805,6.5
MI,197806,7.1
MI,197807,7.7
MI,197808,7.1
MI,197809,6.3
MI,197810,5.9
MI,197811,6.6
MI,197812,7.0
MI,197813,7.0
MI,197901,7.9
MI,197902,8.0
MI,197903,8.1
MI,197904,7.6
MI,197905,7.0
MI,197906,7.7
MI,197907,8.0
MI,197908,7.9
MI,197909,7.5
MI,197910,7.7
MI,197911,8.1
MI,197912,8.7
MI,197913,7.8
MI,198001,10.6
MI,198002,10.9
MI,198003,11.3
MI,198004,12.0
MI,198005,13.0
MI,198006,13.5
MI,198007,13.9
MI,198008,13.0
MI,198009,12.2
MI,198010,12.2
MI,198011,12.3
MI,198012,12.0
MI,198013,12.2
MI,198101,13.5
MI,198102,13.3
MI,198103,12.9
MI,198104,11.8
MI,198105,11.7
MI,198106,12.0
MI,198107,12.1
MI,198108,11.6
MI,198109,11.6
MI,198110,12.0
MI,198111,12.8
MI,198112,13.9
MI,198113,12.4
MI,198201,15.2
MI,198202,15.4
MI,198203,15.7
MI,198204,15.1
MI,198205,14.6
MI,198206,15.2
MI,198207,15.6
MI,198208,15.0
MI,198209,15.0
MI,198210,15.4
MI,198211,16.2
MI,198212,16.6
MI,198213,15.4
MI,198301,17.4
MI,198302,17.0
MI,198303,16.7
MI,198304,15.6
MI,198305,15.0
MI,198306,15.2
MI,198307,14.3
MI,198308,13.7
MI,198309,12.9
MI,198310,12.4
MI,198311,12.0
MI,198312,12.0
MI,198313,14.5
MI,198401,12.9
MI,198402,12.6
MI,198403,12.4
MI,198404,11.6
MI,198405,11.2
MI,198406,11.1
MI,198407,11.5
MI,198408,10.8
MI,198409,10.3
MI,198410,10.3
MI,198411,10.3
MI,198412,10.5
MI,198413,11.3
MI,198501,11.7
MI,198502,10.9
MI,198503,10.9
MI,198504,10.4
MI,198505,10.1
MI,198506,10.4
MI,198507,10.6
MI,198508,9.5
MI,198509,9.4
MI,198510,9.2
MI,198511,8.8
MI,198512,8.5
MI,198513,10.0
MI,198601,9.4
MI,198602,9.9
MI,198603,9.8
MI,198604,9.2
MI,198605,9.3
MI,198606,9.4
MI,198607,9.2
MI,198608,8.2
MI,198609,8.3
MI,198610,8.1
MI,198611,8.2
MI,198612,7.9
MI,198613,8.9
MI,198701,9.1
MI,198702,9.1
MI,198703,9.1
MI,198704,8.4
MI,198705,8.4
MI,198706,8.6
MI,198707,8.7
MI,198708,8.1
MI,198709,7.7
MI,198710,7.6
MI,198711,7.8
MI,198712,8.0
MI,198713,8.4
MI,198801,9.3
MI,198802,8.9
MI,198803,8.6
MI,198804,7.6
MI,198805,7.3
MI,198806,7.3
MI,198807,7.6
MI,198808,7.2
MI,198809,6.8
MI,198810,6.6
MI,198811,6.8
MI,198812,6.8
MI,198813,7.6
MI,198901,7.9
MI,198902,7.2
MI,198903,7.1
MI,198904,6.6
MI,198905,6.6
MI,198906,7.3
MI,198907,7.5
MI,198908,6.8
MI,198909,7.2
MI,198910,7.2
MI,198911,7.4
MI,198912,7.4
MI,198913,7.2
MI,199001,8.7
MI,199002,8.3
MI,199003,7.9
MI,199004,7.5
MI,199005,7.3
MI,199006,7.3
MI,199007,7.8
MI,199008,7.4
MI,199009,7.2
MI,199010,7.2
MI,199011,7.6
MI,199012,7.9
MI,199013,7.7
MI,199101,9.4
MI,199102,10.0
MI,199103,10.4
MI,199104,9.4
MI,199105,9.3
MI,199106,9.5
MI,199107,9.4
MI,199108,8.8
MI,199109,8.7
MI,199110,8.5
MI,199111,8.8
MI,199112,9.0
MI,199113,9.3
MI,199201,10.4
MI,199202,10.4
MI,199203,10.1
MI,199204,9.2
MI,199205,9.1
MI,199206,9.7
MI,199207,9.8
MI,199208,8.8
MI,199209,8.5
MI,199210,7.8
MI,199211,7.6
MI,199212,7.6
MI,199213,9.1
MI,199301,8.5
MI,199302,8.2
MI,199303,7.8
MI,199304,7.2
MI,199305,7.2
MI,199306,7.7
MI,199307,7.8
MI,199308,6.8
MI,199309,6.7
MI,199310,6.7
MI,199311,6.6
MI,199312,6.7
MI,199313,7.3
MI,199401,8.3
MI,199402,7.9
MI,199403,7.5
MI,199404,6.3
MI,199405,5.7
MI,199406,6.1
MI,199407,6.6
MI,199408,5.7
MI,199409,5.3
MI,199410,4.9
MI,199411,4.5
MI,199412,4.5
MI,199413,6.1
MI,199501,6.1
MI,199502,5.9
MI,199503,6.1
MI,199504,5.7
MI,199505,5.4
MI,199506,5.8
MI,199507,6.0
MI,199508,5.0
MI,199509,4.7
MI,199510,4.3
MI,199511,4.5
MI,199512,4.6
MI,199513,5.3
MI,199601,5.9
MI,199602,5.5
MI,199603,5.4
MI,199604,4.8
MI,199605,4.9
MI,199606,5.0
MI,199607,5.7
MI,199608,4.4
MI,199609,4.4
MI,199610,4.2
MI,199611,4.3
MI,199612,4.4
MI,199613,4.9
MI,199701,5.6
MI,199702,5.1
MI,199703,5.0
MI,199704,4.2
MI,199705,3.9
MI,199706,4.4
MI,199707,4.6
MI,199708,3.8
MI,199709,3.9
MI,199710,3.6
MI,199711,3.7
MI,199712,3.7
MI,199713,4.3
MI,199801,4.9
MI,199802,4.6
MI,199803,4.6
MI,199804,3.3
MI,199805,3.5
MI,199806,3.9
MI,199807,5.2
MI,199808,3.6
MI,199809,3.6
MI,199810,3.4
MI,199811,3.5
MI,199812,3.8
MI,199813,4.0
MI,199901,4.6
MI,199902,4.7
MI,199903,4.4
MI,199904,3.8
MI,199905,3.6
MI,199906,3.9
MI,199907,4.2
MI,199908,3.1
MI,199909,3.2
MI,199910,3.2
MI,199911,3.3
MI,199912,3.2
MI,199913,3.8
MI,200001,3.9
MI,200002,3.5
MI,200003,3.8
MI,200004,3.1
MI,200005,3.4
MI,200006,3.9
MI,200007,4.6
MI,200008,3.7
MI,200009,3.5
MI,200010,3.2
MI,200011,3.5
MI,200012,3.7
MI,200013,3.6
MI,200101,5.2
MI,200102,5.1
MI,200103,5.3
MI,200104,4.6
MI,200105,4.7
MI,200106,5.0
MI,200107,5.3
MI,200108,5.1
MI,200109,5.0
MI,200110,5.1
MI,200111,5.7
MI,200112,6.0
MI,200113,5.2
MI,200201,7.2
MI,200202,6.5
MI,200203,6.8
MI,200204,6.1
MI,200205,6.1
MI,200206,6.6
MI,200207,6.9
MI,200208,5.8
MI,200209,5.3
MI,200210,5.2
MI,200211,5.7
MI,200212,6.1
MI,200213,6.2
MI,200301,7.4
MI,200302,7.4
MI,200303,7.5
MI,200304,6.8
MI,200305,7.1
MI,200306,8.0
MI,200307,8.1
MI,200308,7.1
MI,200309,6.8
MI,200310,6.5
MI,200311,6.3
MI,200312,6.3
MI,200313,7.1
MI,200401,7.3
MI,200402,7.1
MI,200403,7.6
MI,200404,6.3
MI,200405,6.7
MI,200406,7.2
MI,200407,7.7
MI,200408,6.7
MI,200409,6.6
MI,200410,6.5
MI,200411,6.8
MI,200412,7.0
MI,200413,7.0
MI,200501,7.7
MI,200502,7.8
MI,200503,7.4
MI,200504,6.7
MI,200505,6.7
MI,200506,6.9
MI,200507,7.3
MI,200508,6.2
MI,200509,6.1
MI,200510,5.7
MI,200511,6.3
MI,200512,6.4
MI,200513,6.8
MI,200601,7.1
MI,200602,7.3
MI,200603,7.3
MI,200604,6.7
MI,200605,6.3
MI,200606,6.9
MI,200607,7.8
MI,200608,6.9
MI,200609,6.7
MI,200610,6.2
MI,200611,6.5
MI,200612,6.8
MI,200613,6.9
MI,200701,7.6
MI,200702,7.3
MI,200703,7.2
MI,200704,6.8
MI,200705,6.7
MI,200706,7.3
MI,200707,7.8
MI,200708,6.9
MI,200709,6.9
MI,200710,6.7
MI,200711,6.6
MI,200712,7.1
MI,200713,7.1
MI,200801,7.7
MI,200802,7.5
MI,200803,7.7
MI,200804,6.8
MI,200805,7.9
MI,200806,8.2
MI,200807,8.8
MI,200808,8.4
MI,200809,8.2
MI,200810,8.5
MI,200811,8.8
MI,200812,9.8
MI,200813,8.2
MI,200901,11.8
MI,200902,12.6
MI,200903,13.2
MI,200904,12.8
MI,200905,13.7
MI,200906,14.8
MI,200907,15.0
MI,200908,14.0
MI,200909,13.8
MI,200910,13.5
MI,200911,13.1
MI,200912,13.5
MI,200913,13.5
MI,201001,14.6
MI,201002,14.4
MI,201003,14.3
MI,201004,13.3
MI,201005,12.8
MI,201006,13.0
MI,201007,13.7
MI,201008,12.5
MI,201009,11.8
MI,201010,11.3
MI,201011,10.9
MI,201012,10.6
MI,201013,12.8
MI,201101,11.3
MI,201102,11.1
MI,201103,10.6
MI,201104,9.9
MI,201105,10.1
MI,201106,10.7
MI,201107,11.2
MI,201108,10.3
MI,201109,9.7
MI,201110,9.1
MI,201111,8.6
MI,201112,9.0
MI,201113,10.1
MI,201201,9.8
MI,201202,9.7
MI,201203,9.4
MI,201204,8.6
MI,201205,9.0
MI,201206,9.5
MI,201207,10.2
MI,201208,9.2
MI,201209,8.4
MI,201210,8.3
MI,201211,8.0
MI,201212,8.8
MI,201213,9.1
MI,201301,9.8
MI,201302,9.4
MI,201303,9.0
MI,201304,8.4
MI,201305,8.7
MI,201306,9.4
MI,201307,9.7
MI,201308,8.8
MI,201309,8.4
MI,201310,8.3
MI,201311,7.7
MI,201312,7.7
MI,201313,8.8
MI,201401,8.3
MI,201402,8.5
MI,201403,8.3
MI,201404,7.2
MI,201405,7.4
MI,201406,7.6
MI,201407,8.1
MI,201408,6.9
MI,201409,6.6
MI,201410,6.2
MI,201411,5.7
MI,201412,5.7
MI,201413,7.2
MI,201501,6.6
MI,201502,6.1
MI,201503,5.9
MI,201504,5.3
MI,201505,5.8
MI,201506,5.7
MI,201507,6.0
MI,201508,5.2
MI,201509,4.8
MI,201510,4.7
MI,201511,4.3
MI,201512,4.5
MI,201513,5.4
MI,201601,5.2
MI,201602,5.3
MI,201603,5.3
MI,201604,4.7
MI,201605,4.7
MI,201606,5.2
MI,201607,5.6
MI,201608,5.1
MI,201609,4.8
MI,201610,4.7
MI,201611,4.5
MI,201612,4.5
MI,201613,5.0
MI,201701,5.6
MI,201702,5.3
MI,201703,4.7
MI,201704,3.9
MI,201705,3.9
MI,201706,4.4
MI,201707,5.2
MI,201708,4.9
MI,201709,4.6
MI,201710,4.1
MI,201711,4.0
MI,201712,4.4
MI,201713,4.6
MI,201801,5.0
MI,201802,5.0
MI,201803,4.6
MI,201804,3.9
MI,201805,3.8
MI,201806,4.3
MI,201807,4.6
MI,201808,3.9
MI,201809,3.7
MI,201810,3.7
MI,201811,3.5
MI,201812,4.0
MI,201813,4.2
MI,201901,4.7
MI,201902,4.5
MI,201903,4.7
MI,201904,3.8
MI,201905,4.0
MI,201906,4.3
MI,201907,4.9
MI,201908,4.2
MI,201909,3.7
MI,201910,3.4
MI,201911,3.2
MI,201912,3.5
MI,201913,4.1
MI,202001,4.2
MI,202002,3.7
MI,202003,4.6
MI,202004,22.5
MI,202005,19.6
MI,202006,14.7
MI,202007,12.9
MI,202008,9.7
MI,202009,8.7
MI,202010,6.9
MI,202011,6.5
MI,202012,7.0
MI,202013,10.0
MI,202101,6.8
MI,202102,6.5
MI,202103,6.3
MI,202104,5.9
MI,202105,6.1
MI,202106,6.7
MI,202107,6.6
MI,202108,5.9
MI,202109,5.1
MI,202110,4.5
MI,202111,3.8
MI,202112,4.0
MI,202113,5.7
MI,202201,5.0
MI,202202,4.9
MI,202203,4.4
MI,202204,4.0
MI,202205,4.2
MI,202206,4.4
MI,202207,4.4
MI,202208,4.1
MI,202209,3.7
MI,202210,3.7
MI,202211,3.5
MI,202212,3.7
MI,202213,4.2
MI,202301,4.5
MI,202302,4.4
MI,202303,4.0
MI,202304,3.1
MI,202305,3.8
MI,202306,4.1
MI,202307,4.3
MI,202308,4.1
MI,202309,3.8
MI,202310,3.9
MI,202311,3.4
MI,202312,3.6
MI,202313,3.9
MI,202401,4.2
MI,202402,4.5
MI,202403,4.3
MI,202404,4.0
MI,202405,4.4
MI,202406,5.1
MI,202407,5.7
MI,202408,4.9
MI,202409,4.6
MI,202410,4.8
MI,202411,4.8
MI,202412,5.0
MI,202413,4.7
MI,202501,5.9
MI,202502,6.0
MI,202503,5.7
MN,197601,7.5
MN,197602,7.2
MN,197603,6.8
MN,197604,5.7
MN,197605,4.4
MN,197606,5.9
MN,197607,5.3
MN,197608,5.4
MN,197609,5.6
MN,197610,4.8
MN,197611,5.2
MN,197612,5.9
MN,197613,5.8
MN,197701,7.0
MN,197702,6.9
MN,197703,6.6
MN,197704,5.7
MN,197705,4.5
MN,197706,6.0
MN,197707,4.9
MN,197708,4.9
MN,197709,4.7
MN,197710,4.2
MN,197711,3.9
MN,197712,4.2
MN,197713,5.3
MN,197801,5.5
MN,197802,5.2
MN,197803,4.9
MN,197804,4.1
MN,197805,3.1
MN,197806,4.2
MN,197807,3.7
MN,197808,3.4
MN,197809,3.6
MN,197810,3.0
MN,197811,3.1
MN,197812,4.0
MN,197813,4.0
MN,197901,4.9
MN,197902,4.8
MN,197903,4.7
MN,197904,4.3
MN,197905,3.5
MN,197906,4.5
MN,197907,3.9
MN,197908,4.1
MN,197909,4.3
MN,197910,3.9
MN,197911,4.0
MN,197912,4.8
MN,197913,4.3
MN,198001,6.4
MN,198002,6.2
MN,198003,6.1
MN,198004,5.8
MN,198005,5.3
MN,198006,6.4
MN,198007,5.9
MN,198008,5.8
MN,198009,5.7
MN,198010,5.2
MN,198011,5.1
MN,198012,5.6
MN,198013,5.8
MN,198101,7.0
MN,198102,6.6
MN,198103,6.3
MN,198104,5.6
MN,198105,5.0
MN,198106,5.9
MN,198107,4.9
MN,198108,4.9
MN,198109,5.4
MN,198110,5.4
MN,198111,5.6
MN,198112,6.4
MN,198113,5.8
MN,198201,7.6
MN,198202,7.6
MN,198203,7.7
MN,198204,7.4
MN,198205,6.9
MN,198206,7.9
MN,198207,7.6
MN,198208,7.7
MN,198209,8.1
MN,198210,8.0
MN,198211,8.4
MN,198212,8.9
MN,198213,7.8
MN,198301,10.0
MN,198302,9.8
MN,198303,9.7
MN,198304,8.8
MN,198305,7.9
MN,198306,8.6
MN,198307,7.3
MN,198308,7.1
MN,198309,7.3
MN,198310,6.7
MN,198311,6.6
MN,198312,7.1
MN,198313,8.0
MN,198401,8.1
MN,198402,7.7
MN,198403,7.5
MN,198404,7.0
MN,198405,5.9
MN,198406,6.4
MN,198407,5.8
MN,198408,5.8
MN,198409,5.7
MN,198410,5.3
MN,198411,5.2
MN,198412,6.0
MN,198413,6.4
MN,198501,7.2
MN,198502,6.7
MN,198503,6.7
MN,198504,6.2
MN,198505,5.3
MN,198506,6.1
MN,198507,5.8
MN,198508,5.5
MN,198509,5.8
MN,198510,5.5
MN,198511,5.5
MN,198512,6.0
MN,198513,6.0
MN,198601,6.8
MN,198602,7.0
MN,198603,6.8
MN,198604,6.0
MN,198605,5.1
MN,198606,5.8
MN,198607,5.1
MN,198608,4.7
MN,198609,5.0
MN,198610,4.6
MN,198611,4.7
MN,198612,4.9
MN,198613,5.5
MN,198701,6.4
MN,198702,6.3
MN,198703,6.2
MN,198704,5.3
MN,198705,4.8
MN,198706,5.4
MN,198707,4.9
MN,198708,4.8
MN,198709,4.8
MN,198710,4.3
MN,198711,4.3
MN,198712,4.3
MN,198713,5.1
MN,198801,5.3
MN,198802,5.2
MN,198803,5.1
MN,198804,4.4
MN,198805,3.9
MN,198806,4.5
MN,198807,4.0
MN,198808,4.0
MN,198809,4.0
MN,198810,3.6
MN,198811,3.7
MN,198812,4.1
MN,198813,4.3
MN,198901,5.4
MN,198902,4.9
MN,198903,4.7
MN,198904,4.6
MN,198905,3.9
MN,198906,4.6
MN,198907,4.0
MN,198908,4.0
MN,198909,4.1
MN,198910,3.6
MN,198911,3.9
MN,198912,4.4
MN,198913,4.3
MN,199001,5.5
MN,199002,5.4
MN,199003,5.3
MN,199004,4.9
MN,199005,4.1
MN,199006,4.6
MN,199007,4.4
MN,199008,4.4
MN,199009,4.6
MN,199010,4.2
MN,199011,4.4
MN,199012,4.9
MN,199013,4.7
MN,199101,6.0
MN,199102,6.2
MN,199103,6.1
MN,199104,5.3
MN,199105,4.9
MN,199106,5.3
MN,199107,4.7
MN,199108,4.6
MN,199109,4.7
MN,199110,4.3
MN,199111,4.4
MN,199112,4.9
MN,199113,5.1
MN,199201,6.1
MN,199202,5.9
MN,199203,5.9
MN,199204,5.1
MN,199205,4.7
MN,199206,5.4
MN,199207,4.8
MN,199208,4.7
MN,199209,4.7
MN,199210,4.1
MN,199211,4.5
MN,199212,5.0
MN,199213,5.1
MN,199301,6.2
MN,199302,6.1
MN,199303,5.9
MN,199304,5.3
MN,199305,4.8
MN,199306,5.4
MN,199307,4.6
MN,199308,4.3
MN,199309,4.4
MN,199310,4.1
MN,199311,4.0
MN,199312,4.4
MN,199313,4.9
MN,199401,5.7
MN,199402,5.2
MN,199403,5.2
MN,199404,4.3
MN,199405,3.4
MN,199406,4.0
MN,199407,3.6
MN,199408,3.5
MN,199409,3.6
MN,199410,3.2
MN,199411,3.2
MN,199412,3.6
MN,199413,4.0
MN,199501,4.8
MN,199502,4.4
MN,199503,4.3
MN,199504,4.0
MN,199505,3.3
MN,199506,3.8
MN,199507,3.4
MN,199508,3.0
MN,199509,3.3
MN,199510,2.9
MN,199511,3.1
MN,199512,3.7
MN,199513,3.7
MN,199601,4.8
MN,199602,4.4
MN,199603,4.7
MN,199604,4.2
MN,199605,3.6
MN,199606,4.0
MN,199607,3.8
MN,199608,3.4
MN,199609,3.5
MN,199610,3.0
MN,199611,3.3
MN,199612,3.5
MN,199613,3.8
MN,199701,4.5
MN,199702,4.0
MN,199703,4.1
MN,199704,3.5
MN,199705,2.9
MN,199706,3.4
MN,199707,2.9
MN,199708,2.8
MN,199709,2.9
MN,199710,2.4
MN,199711,2.4
MN,199712,2.8
MN,199713,3.2
MN,199801,3.7
MN,199802,3.4
MN,199803,3.6
MN,199804,2.7
MN,199805,2.2
MN,199806,2.8
MN,199807,2.4
MN,199808,2.2
MN,199809,2.5
MN,199810,2.0
MN,199811,2.2
MN,199812,2.5
MN,199813,2.7
MN,199901,3.4
MN,199902,3.2
MN,199903,3.1
MN,199904,2.7
MN,199905,2.3
MN,199906,3.1
MN,199907,2.9
MN,199908,2.5
MN,199909,2.5
MN,199910,2.0
MN,199911,2.4
MN,199912,2.8
MN,199913,2.7
MN,200001,3.9
MN,200002,3.6
MN,200003,3.8
MN,200004,3.0
MN,200005,2.7
MN,200006,3.0
MN,200007,2.9
MN,200008,2.9
MN,200009,2.9
MN,200010,2.6
MN,200011,2.9
MN,200012,3.2
MN,200013,3.1
MN,200101,4.2
MN,200102,4.0
MN,200103,4.3
MN,200104,3.7
MN,200105,3.2
MN,200106,3.8
MN,200107,3.5
MN,200108,3.5
MN,200109,3.4
MN,200110,3.4
MN,200111,3.8
MN,200112,4.2
MN,200113,3.7
MN,200201,5.4
MN,200202,5.1
MN,200203,5.4
MN,200204,4.7
MN,200205,4.1
MN,200206,4.6
MN,200207,4.3
MN,200208,4.0
MN,200209,3.8
MN,200210,3.5
MN,200211,3.9
MN,200212,4.2
MN,200213,4.4
MN,200301,5.4
MN,200302,5.1
MN,200303,5.2
MN,200304,4.7
MN,200305,4.4
MN,200306,5.1
MN,200307,4.8
MN,200308,4.5
MN,200309,4.6
MN,200310,4.2
MN,200311,4.4
MN,200312,4.7
MN,200313,4.8
MN,200401,5.7
MN,200402,5.4
MN,200403,5.6
MN,200404,4.6
MN,200405,4.2
MN,200406,4.9
MN,200407,4.6
MN,200408,4.4
MN,200409,4.2
MN,200410,3.8
MN,200411,4.0
MN,200412,4.3
MN,200413,4.6
MN,200501,5.0
MN,200502,5.0
MN,200503,4.9
MN,200504,4.2
MN,200505,3.8
MN,200506,4.1
MN,200507,3.7
MN,200508,3.6
MN,200509,3.7
MN,200510,3.4
MN,200511,3.8
MN,200512,4.1
MN,200513,4.1
MN,200601,4.9
MN,200602,4.9
MN,200603,4.7
MN,200604,4.0
MN,200605,3.4
MN,200606,3.9
MN,200607,3.9
MN,200608,3.7
MN,200609,3.7
MN,200610,3.5
MN,200611,3.8
MN,200612,4.3
MN,200613,4.1
MN,200701,5.3
MN,200702,5.1
MN,200703,4.9
MN,200704,4.5
MN,200705,4.2
MN,200706,4.7
MN,200707,4.5
MN,200708,4.4
MN,200709,4.5
MN,200710,4.1
MN,200711,4.1
MN,200712,4.9
MN,200713,4.6
MN,200801,5.5
MN,200802,5.3
MN,200803,5.5
MN,200804,4.8
MN,200805,5.0
MN,200806,5.4
MN,200807,5.5
MN,200808,5.5
MN,200809,5.3
MN,200810,5.1
MN,200811,5.6
MN,200812,6.5
MN,200813,5.4
MN,200901,8.0
MN,200902,8.3
MN,200903,8.5
MN,200904,7.7
MN,200905,7.6
MN,200906,8.2
MN,200907,7.8
MN,200908,7.6
MN,200909,7.4
MN,200910,7.1
MN,200911,7.1
MN,200912,7.6
MN,200913,7.7
MN,201001,8.5
MN,201002,8.4
MN,201003,8.4
MN,201004,7.4
MN,201005,6.9
MN,201006,7.3
MN,201007,7.2
MN,201008,7.2
MN,201009,6.9
MN,201010,6.6
MN,201011,6.8
MN,201012,7.1
MN,201013,7.4
MN,201101,7.7
MN,201102,7.5
MN,201103,7.3
MN,201104,6.7
MN,201105,6.4
MN,201106,7.0
MN,201107,6.9
MN,201108,6.5
MN,201109,5.9
MN,201110,5.5
MN,201111,5.4
MN,201112,5.9
MN,201113,6.6
MN,201201,6.5
MN,201202,6.6
MN,201203,6.4
MN,201204,5.5
MN,201205,5.4
MN,201206,6.0
MN,201207,5.9
MN,201208,5.6
MN,201209,5.1
MN,201210,4.9
MN,201211,4.8
MN,201212,5.4
MN,201213,5.7
MN,201301,6.3
MN,201302,5.9
MN,201303,5.7
MN,201304,5.1
MN,201305,4.8
MN,201306,5.3
MN,201307,5.1
MN,201308,4.8
MN,201309,4.5
MN,201310,4.2
MN,201311,4.1
MN,201312,4.6
MN,201313,5.0
MN,201401,5.4
MN,201402,5.4
MN,201403,5.3
MN,201404,4.3
MN,201405,4.1
MN,201406,4.4
MN,201407,4.2
MN,201408,3.9
MN,201409,3.6
MN,201410,3.2
MN,201411,3.3
MN,201412,3.8
MN,201413,4.2
MN,201501,4.6
MN,201502,4.5
MN,201503,4.4
MN,201504,3.8
MN,201505,3.6
MN,201506,3.9
MN,201507,3.8
MN,201508,3.5
MN,201509,3.2
MN,201510,3.1
MN,201511,3.1
MN,201512,3.8
MN,201513,3.8
MN,201601,4.4
MN,201602,4.4
MN,201603,4.5
MN,201604,3.8
MN,201605,3.4
MN,201606,4.1
MN,201607,3.8
MN,201608,3.8
MN,201609,3.5
MN,201610,3.4
MN,201611,3.3
MN,201612,4.0
MN,201613,3.9
MN,201701,4.6
MN,201702,4.4
MN,201703,4.1
MN,201704,3.6
MN,201705,3.2
MN,201706,3.6
MN,201707,3.4
MN,201708,3.4
MN,201709,2.8
MN,201710,2.5
MN,201711,2.7
MN,201712,3.2
MN,201713,3.4
MN,201801,3.8
MN,201802,3.7
MN,201803,3.6
MN,201804,3.0
MN,201805,2.5
MN,201806,3.1
MN,201807,2.9
MN,201808,2.8
MN,201809,2.4
MN,201810,2.4
MN,201811,2.5
MN,201812,3.3
MN,201813,3.0
MN,201901,4.2
MN,201902,3.9
MN,201903,3.9
MN,201904,3.1
MN,201905,2.9
MN,201906,3.5
MN,201907,3.3
MN,201908,3.2
MN,201909,2.7
MN,201910,2.7
MN,201911,2.9
MN,201912,3.4
MN,201913,3.3
MN,202001,3.9
MN,202002,3.8
MN,202003,4.7
MN,202004,8.6
MN,202005,11.1
MN,202006,9.1
MN,202007,8.0
MN,202008,6.3
MN,202009,5.7
MN,202010,4.8
MN,202011,4.4
MN,202012,4.9
MN,202013,6.3
MN,202101,5.2
MN,202102,4.8
MN,202103,4.6
MN,202104,4.1
MN,202105,3.6
MN,202106,4.2
MN,202107,3.5
MN,202108,3.5
MN,202109,3.0
MN,202110,2.6
MN,202111,2.4
MN,202112,2.7
MN,202113,3.7
MN,202201,3.4
MN,202202,3.1
MN,202203,2.9
MN,202204,2.2
MN,202205,2.0
MN,202206,2.6
MN,202207,2.3
MN,202208,2.4
MN,202209,2.0
MN,202210,2.0
MN,202211,2.2
MN,202212,2.8
MN,202213,2.5
MN,202301,3.3
MN,202302,3.5
MN,202303,3.2
MN,202304,2.8
MN,202305,2.7
MN,202306,3.1
MN,202307,2.9
MN,202308,2.9
MN,202309,2.4
MN,202310,2.3
MN,202311,2.0
MN,202312,2.6
MN,202313,2.8
MN,202401,3.4
MN,202402,3.6
MN,202403,3.4
MN,202404,2.8
MN,202405,2.8
MN,202406,3.6
MN,202407,3.5
MN,202408,3.3
MN,202409,2.5
MN,202410,2.3
MN,202411,2.4
MN,202412,2.6
MN,202413,3.0
MN,202501,3.6
MN,202502,3.9
MN,202503,3.9
MS,197601,7.6
MS,197602,7.0
MS,197603,6.1
MS,197604,5.4
MS,197605,5.6
MS,197606,7.9
MS,197607,7.1
MS,197608,6.6
MS,197609,6.4
MS,197610,5.9
MS,197611,6.3
MS,197612,6.2
MS,197613,6.5
MS,197701,6.9
MS,197702,7.2
MS,197703,6.8
MS,197704,6.4
MS,197705,6.9
MS,197706,9.1
MS,197707,7.8
MS,197708,7.7
MS,197709,7.3
MS,197710,6.8
MS,197711,6.9
MS,197712,6.4
MS,197713,7.2
MS,197801,7.4
MS,197802,6.8
MS,197803,6.7
MS,197804,6.5
MS,197805,6.7
MS,197806,8.3
MS,197807,7.7
MS,197808,7.0
MS,197809,6.5
MS,197810,5.8
MS,197811,5.7
MS,197812,5.9
MS,197813,6.8
MS,197901,6.2
MS,197902,5.7
MS,197903,5.5
MS,197904,5.0
MS,197905,4.9
MS,197906,7.1
MS,197907,5.8
MS,197908,5.8
MS,197909,5.9
MS,197910,5.5
MS,197911,5.5
MS,197912,5.4
MS,197913,5.7
MS,198001,6.7
MS,198002,6.3
MS,198003,6.2
MS,198004,6.2
MS,198005,7.2
MS,198006,8.9
MS,198007,8.1
MS,198008,8.0
MS,198009,7.4
MS,198010,7.6
MS,198011,7.5
MS,198012,7.5
MS,198013,7.3
MS,198101,8.5
MS,198102,8.3
MS,198103,8.1
MS,198104,7.5
MS,198105,8.0
MS,198106,9.6
MS,198107,8.7
MS,198108,8.7
MS,198109,8.6
MS,198110,8.4
MS,198111,8.9
MS,198112,9.0
MS,198113,8.5
MS,198201,10.1
MS,198202,10.3
MS,198203,9.9
MS,198204,10.1
MS,198205,10.6
MS,198206,12.2
MS,198207,11.5
MS,198208,11.6
MS,198209,11.4
MS,198210,11.2
MS,198211,11.2
MS,198212,11.5
MS,198213,11.0
MS,198301,13.0
MS,198302,13.0
MS,198303,12.4
MS,198304,12.1
MS,198305,12.5
MS,198306,13.9
MS,198307,12.2
MS,198308,12.0
MS,198309,11.5
MS,198310,10.8
MS,198311,10.4
MS,198312,10.4
MS,198313,12.0
MS,198401,11.4
MS,198402,11.0
MS,198403,10.6
MS,198404,10.3
MS,198405,10.3
MS,198406,11.6
MS,198407,11.3
MS,198408,11.2
MS,198409,10.6
MS,198410,10.1
MS,198411,9.8
MS,198412,9.8
MS,198413,10.7
MS,198501,10.8
MS,198502,10.5
MS,198503,10.4
MS,198504,10.0
MS,198505,10.0
MS,198506,11.5
MS,198507,11.0
MS,198508,10.4
MS,198509,10.4
MS,198510,10.0
MS,198511,9.8
MS,198512,10.2
MS,198513,10.4
MS,198601,10.8
MS,198602,11.3
MS,198603,11.2
MS,198604,11.1
MS,198605,11.6
MS,198606,12.8
MS,198607,11.9
MS,198608,11.6
MS,198609,11.4
MS,198610,11.1
MS,198611,11.1
MS,198612,10.8
MS,198613,11.4
MS,198701,11.9
MS,198702,11.3
MS,198703,10.8
MS,198704,9.8
MS,198705,10.2
MS,198706,11.0
MS,198707,10.3
MS,198708,9.9
MS,198709,9.4
MS,198710,9.2
MS,198711,8.8
MS,198712,8.4
MS,198713,10.1
MS,198801,9.2
MS,198802,8.8
MS,198803,8.2
MS,198804,7.6
MS,198805,8.4
MS,198806,9.3
MS,198807,8.8
MS,198808,8.6
MS,198809,8.5
MS,198810,8.2
MS,198811,8.4
MS,198812,8.1
MS,198813,8.5
MS,198901,9.2
MS,198902,8.3
MS,198903,7.8
MS,198904,7.8
MS,198905,8.0
MS,198906,9.0
MS,198907,7.9
MS,198908,7.5
MS,198909,7.5
MS,198910,7.1
MS,198911,7.2
MS,198912,6.9
MS,198913,7.9
MS,199001,8.0
MS,199002,7.8
MS,199003,7.0
MS,199004,7.1
MS,199005,7.1
MS,199006,8.1
MS,199007,7.8
MS,199008,7.7
MS,199009,7.4
MS,199010,7.2
MS,199011,7.6
MS,199012,7.8
MS,199013,7.6
MS,199101,8.7
MS,199102,8.9
MS,199103,8.7
MS,199104,8.0
MS,199105,8.9
MS,199106,9.7
MS,199107,8.8
MS,199108,8.4
MS,199109,7.8
MS,199110,7.3
MS,199111,7.3
MS,199112,7.7
MS,199113,8.3
MS,199201,8.7
MS,199202,8.6
MS,199203,8.1
MS,199204,7.5
MS,199205,8.2
MS,199206,9.6
MS,199207,8.6
MS,199208,8.2
MS,199209,7.6
MS,199210,7.1
MS,199211,6.8
MS,199212,6.9
MS,199213,8.0
MS,199301,7.7
MS,199302,7.4
MS,199303,6.9
MS,199304,6.6
MS,199305,6.9
MS,199306,7.9
MS,199307,7.0
MS,199308,6.6
MS,199309,6.3
MS,199310,6.1
MS,199311,5.7
MS,199312,5.8
MS,199313,6.7
MS,199401,7.1
MS,199402,6.8
MS,199403,6.4
MS,199404,6.1
MS,199405,6.3
MS,199406,7.3
MS,199407,6.7
MS,199408,6.4
MS,199409,5.7
MS,199410,5.7
MS,199411,5.7
MS,199412,5.5
MS,199413,6.3
MS,199501,6.7
MS,199502,5.8
MS,199503,5.8
MS,199504,5.8
MS,199505,6.2
MS,199506,7.3
MS,199507,6.8
MS,199508,6.6
MS,199509,6.2
MS,199510,5.7
MS,199511,5.7
MS,199512,5.7
MS,199513,6.2
MS,199601,6.7
MS,199602,6.2
MS,199603,6.0
MS,199604,5.8
MS,199605,6.3
MS,199606,6.8
MS,199607,6.4
MS,199608,5.8
MS,199609,5.5
MS,199610,5.5
MS,199611,5.4
MS,199612,5.4
MS,199613,6.0
MS,199701,6.4
MS,199702,6.0
MS,199703,5.8
MS,199704,5.1
MS,199705,5.6
MS,199706,6.7
MS,199707,6.1
MS,199708,6.0
MS,199709,5.8
MS,199710,5.4
MS,199711,4.9
MS,199712,4.8
MS,199713,5.7
MS,199801,5.9
MS,199802,5.4
MS,199803,5.5
MS,199804,4.6
MS,199805,5.2
MS,199806,6.1
MS,199807,5.8
MS,199808,5.4
MS,199809,5.2
MS,199810,4.9
MS,199811,4.5
MS,199812,4.6
MS,199813,5.2
MS,199901,5.4
MS,199902,4.9
MS,199903,4.9
MS,199904,4.4
MS,199905,4.9
MS,199906,5.9
MS,199907,5.6
MS,199908,5.2
MS,199909,5.2
MS,199910,5.0
MS,199911,4.7
MS,199912,5.0
MS,199913,5.1
MS,200001,5.9
MS,200002,5.6
MS,200003,5.5
MS,200004,4.8
MS,200005,5.6
MS,200006,6.3
MS,200007,5.8
MS,200008,5.4
MS,200009,4.9
MS,200010,4.8
MS,200011,4.8
MS,200012,4.5
MS,200013,5.3
MS,200101,5.3
MS,200102,5.0
MS,200103,5.2
MS,200104,4.6
MS,200105,4.9
MS,200106,5.9
MS,200107,5.6
MS,200108,5.7
MS,200109,5.5
MS,200110,5.7
MS,200111,5.9
MS,200112,6.1
MS,200113,5.5
MS,200201,6.9
MS,200202,6.4
MS,200203,6.4
MS,200204,6.1
MS,200205,6.3
MS,200206,7.3
MS,200207,6.8
MS,200208,6.3
MS,200209,5.9
MS,200210,6.1
MS,200211,6.1
MS,200212,6.2
MS,200213,6.4
MS,200301,6.8
MS,200302,6.2
MS,200303,6.1
MS,200304,5.8
MS,200305,6.2
MS,200306,7.5
MS,200307,6.7
MS,200308,6.1
MS,200309,5.7
MS,200310,5.7
MS,200311,5.3
MS,200312,5.3
MS,200313,6.1
MS,200401,6.2
MS,200402,5.6
MS,200403,5.4
MS,200404,5.2
MS,200405,6.0
MS,200406,7.0
MS,200407,6.7
MS,200408,6.3
MS,200409,6.2
MS,200410,6.4
MS,200411,6.3
MS,200412,6.5
MS,200413,6.2
MS,200501,7.1
MS,200502,6.9
MS,200503,6.7
MS,200504,6.4
MS,200505,7.1
MS,200506,8.1
MS,200507,7.6
MS,200508,7.4
MS,200509,10.3
MS,200510,8.6
MS,200511,8.6
MS,200512,7.1
MS,200513,7.7
MS,200601,7.0
MS,200602,6.7
MS,200603,5.7
MS,200604,5.7
MS,200605,6.1
MS,200606,7.1
MS,200607,7.2
MS,200608,6.4
MS,200609,6.2
MS,200610,5.8
MS,200611,6.0
MS,200612,6.1
MS,200613,6.4
MS,200701,6.6
MS,200702,6.4
MS,200703,6.0
MS,200704,5.8
MS,200705,5.9
MS,200706,7.0
MS,200707,6.9
MS,200708,6.0
MS,200709,6.0
MS,200710,5.6
MS,200711,5.5
MS,200712,6.0
MS,200713,6.1
MS,200801,6.4
MS,200802,5.9
MS,200803,6.0
MS,200804,5.5
MS,200805,6.6
MS,200806,7.5
MS,200807,7.6
MS,200808,7.2
MS,200809,6.9
MS,200810,6.7
MS,200811,6.7
MS,200812,7.3
MS,200813,6.7
MS,200901,8.5
MS,200902,8.5
MS,200903,8.5
MS,200904,8.3
MS,200905,9.1
MS,200906,9.9
MS,200907,9.8
MS,200908,9.6
MS,200909,9.5
MS,200910,9.6
MS,200911,9.5
MS,200912,10.1
MS,200913,9.2
MS,201001,11.1
MS,201002,10.6
MS,201003,10.3
MS,201004,9.6
MS,201005,10.1
MS,201006,10.8
MS,201007,10.8
MS,201008,9.8
MS,201009,9.8
MS,201010,9.4
MS,201011,9.8
MS,201012,9.8
MS,201013,10.1
MS,201101,10.2
MS,201102,10.0
MS,201103,9.6
MS,201104,9.2
MS,201105,9.8
MS,201106,11.0
MS,201107,10.6
MS,201108,10.0
MS,201109,9.8
MS,201110,9.4
MS,201111,8.9
MS,201112,8.9
MS,201113,9.8
MS,201201,9.5
MS,201202,9.1
MS,201203,8.6
MS,201204,8.1
MS,201205,8.7
MS,201206,9.8
MS,201207,9.8
MS,201208,9.0
MS,201209,8.6
MS,201210,8.3
MS,201211,7.8
MS,201212,8.4
MS,201213,8.8
MS,201301,9.5
MS,201302,8.8
MS,201303,8.2
MS,201304,7.8
MS,201305,8.6
MS,201306,9.7
MS,201307,9.1
MS,201308,8.7
MS,201309,8.4
MS,201310,8.1
MS,201311,7.7
MS,201312,7.5
MS,201313,8.5
MS,201401,8.4
MS,201402,8.1
MS,201403,7.9
MS,201404,6.9
MS,201405,7.8
MS,201406,8.6
MS,201407,8.5
MS,201408,7.8
MS,201409,7.3
MS,201410,6.9
MS,201411,6.5
MS,201412,6.6
MS,201413,7.6
MS,201501,7.2
MS,201502,6.5
MS,201503,6.2
MS,201504,5.9
MS,201505,6.8
MS,201506,7.3
MS,201507,7.1
MS,201508,6.4
MS,201509,6.1
MS,201510,6.0
MS,201511,6.0
MS,201512,6.3
MS,201513,6.5
MS,201601,6.4
MS,201602,5.9
MS,201603,5.8
MS,201604,5.4
MS,201605,5.9
MS,201606,7.0
MS,201607,6.7
MS,201608,6.1
MS,201609,5.9
MS,201610,5.6
MS,201611,5.3
MS,201612,5.4
MS,201613,6.0
MS,201701,6.1
MS,201702,5.2
MS,201703,5.2
MS,201704,4.7
MS,201705,5.3
MS,201706,6.2
MS,201707,6.0
MS,201708,5.4
MS,201709,4.8
MS,201710,4.4
MS,201711,4.6
MS,201712,4.5
MS,201713,5.2
MS,201801,4.9
MS,201802,5.0
MS,201803,4.6
MS,201804,4.4
MS,201805,4.7
MS,201806,6.0
MS,201807,5.6
MS,201808,5.1
MS,201809,4.7
MS,201810,4.5
MS,201811,4.5
MS,201812,5.1
MS,201813,4.9
MS,201901,5.7
MS,201902,5.3
MS,201903,5.2
MS,201904,4.8
MS,201905,5.1
MS,201906,6.6
MS,201907,6.6
MS,201908,5.9
MS,201909,5.4
MS,201910,5.0
MS,201911,5.1
MS,201912,5.0
MS,201913,5.5
MS,202001,5.5
MS,202002,5.2
MS,202003,6.7
MS,202004,14.8
MS,202005,11.5
MS,202006,10.2
MS,202007,9.2
MS,202008,7.3
MS,202009,7.1
MS,202010,6.2
MS,202011,6.1
MS,202012,6.2
MS,202013,7.9
MS,202101,6.6
MS,202102,6.4
MS,202103,6.2
MS,202104,5.6
MS,202105,5.8
MS,202106,6.9
MS,202107,6.2
MS,202108,5.5
MS,202109,4.6
MS,202110,4.1
MS,202111,3.6
MS,202112,3.5
MS,202113,5.4
MS,202201,4.6
MS,202202,4.1
MS,202203,3.4
MS,202204,3.3
MS,202205,3.6
MS,202206,4.6
MS,202207,4.4
MS,202208,4.0
MS,202209,3.7
MS,202210,3.3
MS,202211,3.3
MS,202212,3.1
MS,202213,3.8
MS,202301,3.5
MS,202302,3.2
MS,202303,3.0
MS,202304,2.5
MS,202305,3.0
MS,202306,4.0
MS,202307,3.7
MS,202308,3.5
MS,202309,2.9
MS,202310,2.7
MS,202311,2.4
MS,202312,2.5
MS,202313,3.1
MS,202401,3.1
MS,202402,2.7
MS,202403,2.5
MS,202404,2.0
MS,202405,2.9
MS,202406,3.9
MS,202407,3.7
MS,202408,3.5
MS,202409,3.3
MS,202410,3.3
MS,202411,3.4
MS,202412,3.5
MS,202413,3.2
MS,202501,3.7
MS,202502,4.1
MS,202503,4.0
MO,197601,6.9
MO,197602,7.0
MO,197603,6.2
MO,197604,5.6
MO,197605,5.1
MO,197606,6.4
MO,197607,6.3
MO,197608,6.6
MO,197609,6.2
MO,197610,5.7
MO,197611,6.1
MO,197612,6.6
MO,197613,6.2
MO,197701,7.2
MO,197702,7.3
MO,197703,6.4
MO,197704,5.3
MO,197705,5.3
MO,197706,6.7
MO,197707,6.1
MO,197708,6.5
MO,197709,5.4
MO,197710,5.2
MO,197711,5.2
MO,197712,5.4
MO,197713,6.0
MO,197801,6.4
MO,197802,6.6
MO,197803,5.8
MO,197804,4.6
MO,197805,4.1
MO,197806,5.0
MO,197807,5.0
MO,197808,5.0
MO,197809,4.3
MO,197810,3.7
MO,197811,4.1
MO,197812,4.2
MO,197813,4.9
MO,197901,4.7
MO,197902,5.2
MO,197903,4.6
MO,197904,4.0
MO,197905,4.0
MO,197906,4.8
MO,197907,4.5
MO,197908,5.5
MO,197909,4.7
MO,197910,4.5
MO,197911,4.9
MO,197912,5.5
MO,197913,4.8
MO,198001,6.6
MO,198002,7.0
MO,198003,6.6
MO,198004,6.5
MO,198005,7.0
MO,198006,7.9
MO,198007,7.7
MO,198008,8.0
MO,198009,7.1
MO,198010,7.0
MO,198011,7.2
MO,198012,7.4
MO,198013,7.2
MO,198101,8.6
MO,198102,8.7
MO,198103,7.9
MO,198104,7.1
MO,198105,7.2
MO,198106,7.6
MO,198107,6.8
MO,198108,7.4
MO,198109,7.3
MO,198110,7.4
MO,198111,8.0
MO,198112,8.5
MO,198113,7.7
MO,198201,9.4
MO,198202,9.7
MO,198203,9.1
MO,198204,8.5
MO,198205,8.5
MO,198206,9.2
MO,198207,9.0
MO,198208,9.3
MO,198209,9.1
MO,198210,9.0
MO,198211,10.0
MO,198212,10.5
MO,198213,9.3
MO,198301,11.2
MO,198302,11.5
MO,198303,11.0
MO,198304,10.2
MO,198305,10.0
MO,198306,10.3
MO,198307,9.6
MO,198308,9.6
MO,198309,9.0
MO,198310,8.6
MO,198311,8.6
MO,198312,8.7
MO,198313,9.9
MO,198401,9.4
MO,198402,9.2
MO,198403,8.4
MO,198404,7.6
MO,198405,7.0
MO,198406,7.0
MO,198407,6.7
MO,198408,7.1
MO,198409,6.3
MO,198410,6.0
MO,198411,6.3
MO,198412,6.8
MO,198413,7.3
MO,198501,7.8
MO,198502,7.8
MO,198503,7.3
MO,198504,6.7
MO,198505,6.6
MO,198506,6.8
MO,198507,6.5
MO,198508,6.5
MO,198509,6.1
MO,198510,5.8
MO,198511,5.9
MO,198512,6.1
MO,198513,6.6
MO,198601,6.8
MO,198602,7.3
MO,198603,6.8
MO,198604,6.0
MO,198605,6.4
MO,198606,6.8
MO,198607,6.4
MO,198608,6.4
MO,198609,6.2
MO,198610,5.8
MO,198611,6.0
MO,198612,5.9
MO,198613,6.4
MO,198701,7.3
MO,198702,7.4
MO,198703,7.0
MO,198704,6.3
MO,198705,6.3
MO,198706,6.5
MO,198707,6.4
MO,198708,6.3
MO,198709,5.6
MO,198710,5.5
MO,198711,5.6
MO,198712,5.3
MO,198713,6.3
MO,198801,6.1
MO,198802,6.2
MO,198803,5.8
MO,198804,5.3
MO,198805,5.7
MO,198806,5.9
MO,198807,5.8
MO,198808,5.9
MO,198809,5.3
MO,198810,5.1
MO,198811,5.5
MO,198812,5.6
MO,198813,5.7
MO,198901,6.5
MO,198902,6.3
MO,198903,5.7
MO,198904,5.2
MO,198905,5.2
MO,198906,5.8
MO,198907,5.5
MO,198908,5.4
MO,198909,5.2
MO,198910,4.9
MO,198911,5.3
MO,198912,5.4
MO,198913,5.5
MO,199001,6.4
MO,199002,6.4
MO,199003,5.9
MO,199004,5.4
MO,199005,5.2
MO,199006,5.4
MO,199007,5.7
MO,199008,6.1
MO,199009,5.9
MO,199010,5.7
MO,199011,6.2
MO,199012,6.5
MO,199013,5.9
MO,199101,7.4
MO,199102,7.8
MO,199103,7.3
MO,199104,6.5
MO,199105,6.7
MO,199106,6.9
MO,199107,6.4
MO,199108,6.4
MO,199109,5.9
MO,199110,5.7
MO,199111,5.7
MO,199112,6.0
MO,199113,6.6
MO,199201,7.0
MO,199202,7.0
MO,199203,6.6
MO,199204,5.9
MO,199205,6.2
MO,199206,6.6
MO,199207,6.1
MO,199208,6.0
MO,199209,5.6
MO,199210,5.2
MO,199211,5.4
MO,199212,5.7
MO,199213,6.1
MO,199301,6.9
MO,199302,7.1
MO,199303,6.7
MO,199304,6.1
MO,199305,6.2
MO,199306,6.6
MO,199307,6.2
MO,199308,6.1
MO,199309,5.6
MO,199310,5.5
MO,199311,5.4
MO,199312,5.4
MO,199313,6.1
MO,199401,6.5
MO,199402,6.3
MO,199403,6.0
MO,199404,5.1
MO,199405,4.8
MO,199406,5.1
MO,199407,4.9
MO,199408,5.0
MO,199409,4.5
MO,199410,4.3
MO,199411,4.4
MO,199412,4.6
MO,199413,5.1
MO,199501,5.7
MO,199502,5.6
MO,199503,5.4
MO,199504,5.0
MO,199505,4.9
MO,199506,5.1
MO,199507,5.1
MO,199508,4.8
MO,199509,4.4
MO,199510,3.8
MO,199511,3.9
MO,199512,4.1
MO,199513,4.8
MO,199601,5.2
MO,199602,5.2
MO,199603,5.2
MO,199604,4.7
MO,199605,4.8
MO,199606,4.8
MO,199607,5.0
MO,199608,4.6
MO,199609,4.2
MO,199610,4.1
MO,199611,4.5
MO,199612,4.6
MO,199613,4.7
MO,199701,5.5
MO,199702,5.3
MO,199703,4.8
MO,199704,4.2
MO,199705,4.1
MO,199706,4.4
MO,199707,4.3
MO,199708,4.2
MO,199709,4.1
MO,199710,3.8
MO,199711,3.8
MO,199712,4.1
MO,199713,4.4
MO,199801,5.0
MO,199802,5.0
MO,199803,5.0
MO,199804,4.1
MO,199805,4.1
MO,199806,4.4
MO,199807,4.4
MO,199808,4.0
MO,199809,3.4
MO,199810,3.3
MO,199811,3.2
MO,199812,3.1
MO,199813,4.1
MO,199901,3.7
MO,199902,3.8
MO,199903,3.6
MO,199904,3.3
MO,199905,3.2
MO,199906,3.8
MO,199907,3.6
MO,199908,3.2
MO,199909,2.8
MO,199910,2.3
MO,199911,2.7
MO,199912,2.7
MO,199913,3.2
MO,200001,3.4
MO,200002,3.6
MO,200003,3.7
MO,200004,2.8
MO,200005,3.2
MO,200006,3.3
MO,200007,3.4
MO,200008,3.5
MO,200009,3.4
MO,200010,3.3
MO,200011,3.4
MO,200012,3.7
MO,200013,3.4
MO,200101,4.8
MO,200102,4.9
MO,200103,4.7
MO,200104,4.1
MO,200105,4.0
MO,200106,4.6
MO,200107,4.5
MO,200108,4.6
MO,200109,4.2
MO,200110,4.4
MO,200111,4.7
MO,200112,4.8
MO,200113,4.5
MO,200201,5.9
MO,200202,5.8
MO,200203,5.9
MO,200204,5.2
MO,200205,5.0
MO,200206,5.7
MO,200207,5.6
MO,200208,5.2
MO,200209,4.8
MO,200210,4.7
MO,200211,5.0
MO,200212,5.1
MO,200213,5.3
MO,200301,6.1
MO,200302,5.9
MO,200303,5.9
MO,200304,5.4
MO,200305,5.6
MO,200306,6.3
MO,200307,6.0
MO,200308,5.8
MO,200309,5.5
MO,200310,5.1
MO,200311,5.2
MO,200312,5.2
MO,200313,5.7
MO,200401,6.1
MO,200402,6.1
MO,200403,6.1
MO,200404,5.3
MO,200405,5.6
MO,200406,6.2
MO,200407,6.3
MO,200408,6.0
MO,200409,5.6
MO,200410,5.5
MO,200411,5.7
MO,200412,5.7
MO,200413,5.9
MO,200501,6.5
MO,200502,6.6
MO,200503,6.2
MO,200504,5.4
MO,200505,5.4
MO,200506,5.6
MO,200507,5.5
MO,200508,4.9
MO,200509,4.8
MO,200510,4.7
MO,200511,5.1
MO,200512,4.8
MO,200513,5.4
MO,200601,5.3
MO,200602,5.5
MO,200603,5.1
MO,200604,4.5
MO,200605,4.5
MO,200606,4.9
MO,200607,5.1
MO,200608,5.0
MO,200609,4.7
MO,200610,4.5
MO,200611,4.6
MO,200612,4.6
MO,200613,4.9
MO,200701,5.4
MO,200702,5.5
MO,200703,5.0
MO,200704,4.5
MO,200705,4.7
MO,200706,5.2
MO,200707,5.4
MO,200708,5.2
MO,200709,5.1
MO,200710,5.0
MO,200711,4.9
MO,200712,5.3
MO,200713,5.1
MO,200801,6.0
MO,200802,5.8
MO,200803,5.9
MO,200804,4.9
MO,200805,5.7
MO,200806,5.9
MO,200807,6.4
MO,200808,6.5
MO,200809,6.1
MO,200810,6.2
MO,200811,6.7
MO,200812,7.4
MO,200813,6.1
MO,200901,8.8
MO,200902,9.2
MO,200903,9.2
MO,200904,8.3
MO,200905,9.0
MO,200906,9.4
MO,200907,9.5
MO,200908,9.4
MO,200909,9.1
MO,200910,9.0
MO,200911,9.1
MO,200912,9.3
MO,200913,9.1
MO,201001,10.3
MO,201002,10.4
MO,201003,10.1
MO,201004,9.1
MO,201005,9.1
MO,201006,9.2
MO,201007,9.6
MO,201008,9.4
MO,201009,8.9
MO,201010,8.8
MO,201011,9.2
MO,201012,9.1
MO,201013,9.4
MO,201101,9.9
MO,201102,9.7
MO,201103,9.2
MO,201104,8.4
MO,201105,8.6
MO,201106,8.8
MO,201107,8.8
MO,201108,8.7
MO,201109,8.1
MO,201110,7.7
MO,201111,7.4
MO,201112,7.5
MO,201113,8.6
MO,201201,7.9
MO,201202,8.1
MO,201203,7.8
MO,201204,6.7
MO,201205,6.9
MO,201206,7.2
MO,201207,7.6
MO,201208,7.2
MO,201209,6.3
MO,201210,6.5
MO,201211,6.4
MO,201212,6.7
MO,201213,7.1
MO,201301,7.7
MO,201302,7.5
MO,201303,7.1
MO,201304,6.3
MO,201305,6.7
MO,201306,7.1
MO,201307,7.3
MO,201308,6.9
MO,201309,6.1
MO,201310,6.1
MO,201311,6.0
MO,201312,6.2
MO,201313,6.8
MO,201401,7.2
MO,201402,7.5
MO,201403,7.2
MO,201404,5.8
MO,201405,6.2
MO,201406,6.3
MO,201407,6.6
MO,201408,6.2
MO,201409,5.5
MO,201410,5.1
MO,201411,5.3
MO,201412,5.3
MO,201413,6.2
MO,201501,6.2
MO,201502,6.1
MO,201503,5.9
MO,201504,5.2
MO,201505,5.4
MO,201506,5.3
MO,201507,5.5
MO,201508,4.9
MO,201509,4.3
MO,201510,4.2
MO,201511,4.2
MO,201512,4.2
MO,201513,5.1
MO,201601,4.9
MO,201602,5.0
MO,201603,4.9
MO,201604,4.3
MO,201605,4.3
MO,201606,4.8
MO,201607,5.1
MO,201608,5.0
MO,201609,4.3
MO,201610,4.1
MO,201611,3.8
MO,201612,4.1
MO,201613,4.6
MO,201701,4.7
MO,201702,4.7
MO,201703,4.3
MO,201704,3.6
MO,201705,3.8
MO,201706,3.7
MO,201707,4.1
MO,201708,4.0
MO,201709,3.1
MO,201710,2.9
MO,201711,3.2
MO,201712,3.3
MO,201713,3.8
MO,201801,4.1
MO,201802,4.0
MO,201803,3.8
MO,201804,3.1
MO,201805,3.1
MO,201806,3.3
MO,201807,3.5
MO,201808,3.2
MO,201809,2.5
MO,201810,2.5
MO,201811,2.6
MO,201812,3.0
MO,201813,3.2
MO,201901,3.9
MO,201902,3.7
MO,201903,3.7
MO,201904,2.8
MO,201905,3.0
MO,201906,3.2
MO,201907,3.6
MO,201908,3.3
MO,201909,2.6
MO,201910,2.8
MO,201911,3.0
MO,201912,3.2
MO,201913,3.2
MO,202001,3.8
MO,202002,3.5
MO,202003,4.2
MO,202004,10.9
MO,202005,9.9
MO,202006,8.5
MO,202007,8.0
MO,202008,6.3
MO,202009,5.2
MO,202010,4.5
MO,202011,4.5
MO,202012,4.9
MO,202013,6.1
MO,202101,5.5
MO,202102,5.3
MO,202103,5.0
MO,202104,4.5
MO,202105,4.7
MO,202106,4.8
MO,202107,4.4
MO,202108,4.0
MO,202109,3.1
MO,202110,3.1
MO,202111,2.8
MO,202112,2.8
MO,202113,4.2
MO,202201,3.5
MO,202202,3.2
MO,202203,2.9
MO,202204,2.1
MO,202205,2.3
MO,202206,2.4
MO,202207,2.9
MO,202208,2.8
MO,202209,2.0
MO,202210,2.5
MO,202211,2.4
MO,202212,2.4
MO,202213,2.6
MO,202301,3.2
MO,202302,3.2
MO,202303,3.1
MO,202304,2.6
MO,202305,3.1
MO,202306,3.3
MO,202307,3.4
MO,202308,3.4
MO,202309,2.8
MO,202310,3.2
MO,202311,2.9
MO,202312,3.1
MO,202313,3.1
MO,202401,3.9
MO,202402,4.1
MO,202403,3.9
MO,202404,3.3
MO,202405,3.7
MO,202406,3.9
MO,202407,4.3
MO,202408,3.9
MO,202409,3.0
MO,202410,3.3
MO,202411,3.3
MO,202412,3.2
MO,202413,3.7
MO,202501,4.4
MO,202502,4.4
MO,202503,4.4
MT,197601,7.9
MT,197602,7.5
MT,197603,6.8
MT,197604,6.0
MT,197605,4.9
MT,197606,6.1
MT,197607,5.1
MT,197608,5.1
MT,197609,4.7
MT,197610,5.3
MT,197611,5.8
MT,197612,6.4
MT,197613,5.9
MT,197701,7.5
MT,197702,7.7
MT,197703,7.4
MT,197704,5.9
MT,197705,5.3
MT,197706,6.4
MT,197707,5.5
MT,197708,5.2
MT,197709,5.4
MT,197710,5.6
MT,197711,6.2
MT,197712,6.5
MT,197713,6.2
MT,197801,7.5
MT,197802,7.7
MT,197803,7.3
MT,197804,5.8
MT,197805,4.9
MT,197806,5.5
MT,197807,4.8
MT,197808,4.7
MT,197809,4.4
MT,197810,4.4
MT,197811,4.9
MT,197812,5.6
MT,197813,5.6
MT,197901,6.5
MT,197902,6.3
MT,197903,6.4
MT,197904,5.5
MT,197905,4.4
MT,197906,5.2
MT,197907,4.6
MT,197908,4.6
MT,197909,4.3
MT,197910,4.6
MT,197911,5.0
MT,197912,5.4
MT,197913,5.2
MT,198001,6.9
MT,198002,6.7
MT,198003,6.9
MT,198004,6.6
MT,198005,5.6
MT,198006,6.4
MT,198007,6.1
MT,198008,6.0
MT,198009,5.7
MT,198010,6.1
MT,198011,6.1
MT,198012,6.7
MT,198013,6.3
MT,198101,7.9
MT,198102,7.5
MT,198103,7.4
MT,198104,6.4
MT,198105,6.0
MT,198106,6.7
MT,198107,5.8
MT,198108,5.9
MT,198109,6.1
MT,198110,6.5
MT,198111,7.1
MT,198112,8.0
MT,198113,6.8
MT,198201,9.1
MT,198202,9.2
MT,198203,9.5
MT,198204,8.8
MT,198205,8.0
MT,198206,8.6
MT,198207,7.9
MT,198208,7.7
MT,198209,7.8
MT,198210,8.2
MT,198211,8.9
MT,198212,9.6
MT,198213,8.6
MT,198301,10.6
MT,198302,10.4
MT,198303,10.3
MT,198304,9.0
MT,198305,8.6
MT,198306,9.0
MT,198307,8.0
MT,198308,7.9
MT,198309,7.5
MT,198310,7.7
MT,198311,7.9
MT,198312,8.2
MT,198313,8.7
MT,198401,8.9
MT,198402,8.5
MT,198403,8.6
MT,198404,7.8
MT,198405,6.8
MT,198406,7.4
MT,198407,7.0
MT,198408,7.0
MT,198409,6.5
MT,198410,6.8
MT,198411,7.0
MT,198412,7.7
MT,198413,7.5
MT,198501,9.0
MT,198502,8.5
MT,198503,8.5
MT,198504,7.9
MT,198505,7.1
MT,198506,7.6
MT,198507,7.0
MT,198508,6.7
MT,198509,6.8
MT,198510,7.3
MT,198511,7.5
MT,198512,8.3
MT,198513,7.7
MT,198601,8.7
MT,198602,9.1
MT,198603,9.0
MT,198604,8.0
MT,198605,7.6
MT,198606,7.9
MT,198607,7.2
MT,198608,7.0
MT,198609,7.1
MT,198610,7.3
MT,198611,7.9
MT,198612,8.1
MT,198613,7.9
MT,198701,9.1
MT,198702,8.8
MT,198703,8.6
MT,198704,7.5
MT,198705,7.0
MT,198706,7.3
MT,198707,6.7
MT,198708,6.7
MT,198709,6.5
MT,198710,7.0
MT,198711,7.3
MT,198712,7.5
MT,198713,7.5
MT,198801,8.2
MT,198802,8.0
MT,198803,7.9
MT,198804,6.8
MT,198805,6.5
MT,198806,6.5
MT,198807,6.1
MT,198808,6.0
MT,198809,5.5
MT,198810,5.8
MT,198811,6.0
MT,198812,6.3
MT,198813,6.6
MT,198901,7.5
MT,198902,7.0
MT,198903,6.8
MT,198904,6.1
MT,198905,5.5
MT,198906,5.9
MT,198907,5.3
MT,198908,5.2
MT,198909,5.1
MT,198910,5.4
MT,198911,5.8
MT,198912,6.0
MT,198913,6.0
MT,199001,7.0
MT,199002,6.7
MT,199003,6.5
MT,199004,5.9
MT,199005,5.5
MT,199006,5.7
MT,199007,5.3
MT,199008,5.3
MT,199009,5.5
MT,199010,5.8
MT,199011,6.5
MT,199012,7.1
MT,199013,6.1
MT,199101,8.2
MT,199102,8.2
MT,199103,8.5
MT,199104,7.2
MT,199105,6.5
MT,199106,6.7
MT,199107,6.1
MT,199108,6.0
MT,199109,5.8
MT,199110,6.1
MT,199111,6.7
MT,199112,7.3
MT,199113,6.9
MT,199201,8.4
MT,199202,8.2
MT,199203,7.6
MT,199204,6.6
MT,199205,6.3
MT,199206,6.8
MT,199207,6.0
MT,199208,6.0
MT,199209,5.8
MT,199210,5.8
MT,199211,6.3
MT,199212,6.7
MT,199213,6.7
MT,199301,7.8
MT,199302,7.5
MT,199303,7.2
MT,199304,6.2
MT,199305,5.8
MT,199306,6.2
MT,199307,5.6
MT,199308,5.4
MT,199309,5.0
MT,199310,5.3
MT,199311,5.5
MT,199312,5.7
MT,199313,6.1
MT,199401,7.1
MT,199402,6.8
MT,199403,6.6
MT,199404,5.6
MT,199405,4.8
MT,199406,5.2
MT,199407,4.9
MT,199408,4.8
MT,199409,4.6
MT,199410,4.9
MT,199411,5.2
MT,199412,5.7
MT,199413,5.5
MT,199501,6.8
MT,199502,6.4
MT,199503,6.4
MT,199504,5.9
MT,199505,5.3
MT,199506,5.6
MT,199507,5.2
MT,199508,5.2
MT,199509,4.9
MT,199510,5.1
MT,199511,5.6
MT,199512,6.0
MT,199513,5.7
MT,199601,7.2
MT,199602,6.6
MT,199603,6.5
MT,199604,5.9
MT,199605,5.3
MT,199606,5.2
MT,199607,5.1
MT,199608,4.8
MT,199609,4.6
MT,199610,4.6
MT,199611,5.1
MT,199612,5.7
MT,199613,5.5
MT,199701,6.7
MT,199702,6.4
MT,199703,6.6
MT,199704,5.7
MT,199705,5.0
MT,199706,5.4
MT,199707,4.9
MT,199708,4.9
MT,199709,4.6
MT,199710,4.8
MT,199711,5.1
MT,199712,5.7
MT,199713,5.5
MT,199801,6.9
MT,199802,6.5
MT,199803,6.8
MT,199804,5.5
MT,199805,5.2
MT,199806,5.6
MT,199807,5.0
MT,199808,5.0
MT,199809,4.8
MT,199810,5.2
MT,199811,5.4
MT,199812,5.6
MT,199813,5.6
MT,199901,6.6
MT,199902,6.5
MT,199903,6.2
MT,199904,5.5
MT,199905,4.9
MT,199906,5.2
MT,199907,4.8
MT,199908,4.8
MT,199909,4.5
MT,199910,4.6
MT,199911,4.8
MT,199912,5.1
MT,199913,5.3
MT,200001,6.1
MT,200002,5.9
MT,200003,5.8
MT,200004,4.8
MT,200005,4.5
MT,200006,4.7
MT,200007,4.4
MT,200008,4.4
MT,200009,4.0
MT,200010,4.1
MT,200011,4.5
MT,200012,4.7
MT,200013,4.8
MT,200101,5.8
MT,200102,5.4
MT,200103,5.5
MT,200104,4.8
MT,200105,4.1
MT,200106,4.4
MT,200107,3.9
MT,200108,4.2
MT,200109,3.8
MT,200110,4.1
MT,200111,4.5
MT,200112,5.0
MT,200113,4.6
MT,200201,5.8
MT,200202,5.6
MT,200203,5.6
MT,200204,4.9
MT,200205,4.1
MT,200206,4.6
MT,200207,4.1
MT,200208,3.8
MT,200209,3.5
MT,200210,3.9
MT,200211,4.4
MT,200212,4.8
MT,200213,4.6
MT,200301,5.7
MT,200302,5.4
MT,200303,5.4
MT,200304,4.7
MT,200305,4.2
MT,200306,4.9
MT,200307,4.4
MT,200308,4.3
MT,200309,4.1
MT,200310,4.2
MT,200311,4.6
MT,200312,4.9
MT,200313,4.7
MT,200401,5.9
MT,200402,5.4
MT,200403,5.5
MT,200404,4.6
MT,200405,4.1
MT,200406,4.6
MT,200407,4.1
MT,200408,4.0
MT,200409,3.8
MT,200410,3.9
MT,200411,4.1
MT,200412,4.4
MT,200413,4.5
MT,200501,5.5
MT,200502,5.2
MT,200503,4.9
MT,200504,4.2
MT,200505,3.8
MT,200506,4.2
MT,200507,3.7
MT,200508,3.6
MT,200509,3.4
MT,200510,3.4
MT,200511,3.7
MT,200512,3.9
MT,200513,4.1
MT,200601,4.5
MT,200602,4.3
MT,200603,4.1
MT,200604,3.6
MT,200605,3.1
MT,200606,3.4
MT,200607,3.2
MT,200608,2.9
MT,200609,2.7
MT,200610,2.7
MT,200611,2.8
MT,200612,3.2
MT,200613,3.4
MT,200701,3.9
MT,200702,3.6
MT,200703,3.3
MT,200704,3.1
MT,200705,2.8
MT,200706,3.4
MT,200707,3.3
MT,200708,3.2
MT,200709,3.1
MT,200710,3.3
MT,200711,3.5
MT,200712,4.1
MT,200713,3.4
MT,200801,4.8
MT,200802,4.6
MT,200803,4.7
MT,200804,4.1
MT,200805,4.0
MT,200806,4.5
MT,200807,4.3
MT,200808,4.5
MT,200809,4.4
MT,200810,4.8
MT,200811,5.3
MT,200812,6.2
MT,200813,4.7
MT,200901,7.7
MT,200902,7.9
MT,200903,8.1
MT,200904,7.1
MT,200905,6.8
MT,200906,7.1
MT,200907,6.7
MT,200908,6.6
MT,200909,6.4
MT,200910,6.5
MT,200911,6.9
MT,200912,7.6
MT,200913,7.1
MT,201001,8.6
MT,201002,8.5
MT,201003,8.2
MT,201004,7.3
MT,201005,6.7
MT,201006,7.0
MT,201007,6.6
MT,201008,6.5
MT,201009,6.2
MT,201010,6.3
MT,201011,6.8
MT,201012,7.3
MT,201013,7.2
MT,201101,8.2
MT,201102,7.7
MT,201103,7.5
MT,201104,6.7
MT,201105,6.2
MT,201106,6.7
MT,201107,6.3
MT,201108,6.2
MT,201109,5.9
MT,201110,5.9
MT,201111,5.9
MT,201112,6.4
MT,201113,6.6
MT,201201,7.1
MT,201202,6.8
MT,201203,6.6
MT,201204,5.8
MT,201205,5.5
MT,201206,5.9
MT,201207,5.6
MT,201208,5.4
MT,201209,4.9
MT,201210,5.1
MT,201211,5.2
MT,201212,5.7
MT,201213,5.8
MT,201301,6.7
MT,201302,6.2
MT,201303,6.0
MT,201304,5.3
MT,201305,4.9
MT,201306,5.5
MT,201307,5.1
MT,201308,4.9
MT,201309,4.5
MT,201310,4.8
MT,201311,4.9
MT,201312,5.3
MT,201313,5.3
MT,201401,5.9
MT,201402,5.6
MT,201403,5.6
MT,201404,4.4
MT,201405,4.3
MT,201406,4.5
MT,201407,4.5
MT,201408,4.3
MT,201409,3.8
MT,201410,3.9
MT,201411,4.3
MT,201412,4.5
MT,201413,4.6
MT,201501,5.4
MT,201502,5.0
MT,201503,4.8
MT,201504,4.1
MT,201505,3.9
MT,201506,4.2
MT,201507,4.1
MT,201508,3.8
MT,201509,3.5
MT,201510,3.9
MT,201511,4.1
MT,201512,4.6
MT,201513,4.3
MT,201601,5.2
MT,201602,5.1
MT,201603,5.0
MT,201604,4.2
MT,201605,3.9
MT,201606,4.4
MT,201607,4.0
MT,201608,3.9
MT,201609,3.5
MT,201610,3.9
MT,201611,3.8
MT,201612,4.5
MT,201613,4.3
MT,201701,5.2
MT,201702,4.9
MT,201703,4.6
MT,201704,4.0
MT,201705,3.7
MT,201706,4.0
MT,201707,3.8
MT,201708,3.7
MT,201709,3.4
MT,201710,3.5
MT,201711,3.9
MT,201712,4.2
MT,201713,4.1
MT,201801,4.9
MT,201802,4.7
MT,201803,4.4
MT,201804,3.7
MT,201805,3.2
MT,201806,3.8
MT,201807,3.4
MT,201808,3.3
MT,201809,3.0
MT,201810,3.1
MT,201811,3.3
MT,201812,3.9
MT,201813,3.7
MT,201901,4.8
MT,201902,4.2
MT,201903,4.2
MT,201904,3.4
MT,201905,3.1
MT,201906,3.4
MT,201907,3.2
MT,201908,3.2
MT,201909,2.8
MT,201910,3.0
MT,201911,3.2
MT,201912,3.7
MT,201913,3.5
MT,202001,4.4
MT,202002,4.1
MT,202003,4.7
MT,202004,11.8
MT,202005,9.0
MT,202006,7.4
MT,202007,6.6
MT,202008,5.2
MT,202009,4.6
MT,202010,3.9
MT,202011,4.0
MT,202012,4.4
MT,202013,5.8
MT,202101,4.9
MT,202102,4.7
MT,202103,4.3
MT,202104,3.7
MT,202105,3.2
MT,202106,3.8
MT,202107,3.2
MT,202108,3.0
MT,202109,2.3
MT,202110,2.5
MT,202111,2.5
MT,202112,2.7
MT,202113,3.4
MT,202201,3.6
MT,202202,3.3
MT,202203,3.0
MT,202204,2.7
MT,202205,2.5
MT,202206,2.8
MT,202207,2.5
MT,202208,2.5
MT,202209,2.0
MT,202210,2.2
MT,202211,2.2
MT,202212,2.6
MT,202213,2.7
MT,202301,3.2
MT,202302,3.1
MT,202303,3.0
MT,202304,2.4
MT,202305,2.4
MT,202306,2.6
MT,202307,2.4
MT,202308,2.4
MT,202309,2.2
MT,202310,2.6
MT,202311,2.7
MT,202312,3.3
MT,202313,2.7
MT,202401,3.8
MT,202402,3.7
MT,202403,3.4
MT,202404,2.8
MT,202405,2.7
MT,202406,3.1
MT,202407,2.9
MT,202408,2.8
MT,202409,2.4
MT,202410,2.4
MT,202411,2.7
MT,202412,3.0
MT,202413,3.0
MT,202501,3.2
MT,202502,3.4
MT,202503,3.0
NE,197601,4.2
NE,197602,4.1
NE,197603,3.5
NE,197604,2.8
NE,197605,2.6
NE,197606,3.4
NE,197607,2.9
NE,197608,2.8
NE,197609,2.9
NE,197610,2.8
NE,197611,2.9
NE,197612,3.1
NE,197613,3.2
NE,197701,3.8
NE,197702,3.7
NE,197703,3.5
NE,197704,3.0
NE,197705,2.9
NE,197706,3.8
NE,197707,3.3
NE,197708,3.2
NE,197709,3.4
NE,197710,3.4
NE,197711,3.4
NE,197712,3.1
NE,197713,3.4
NE,197801,4.2
NE,197802,4.1
NE,197803,3.9
NE,197804,3.1
NE,197805,2.4
NE,197806,3.1
NE,197807,2.8
NE,197808,2.5
NE,197809,2.4
NE,197810,2.2
NE,197811,2.3
NE,197812,2.6
NE,197813,3.0
NE,197901,3.1
NE,197902,3.1
NE,197903,2.7
NE,197904,2.8
NE,197905,2.7
NE,197906,3.2
NE,197907,3.0
NE,197908,3.0
NE,197909,3.0
NE,197910,2.7
NE,197911,2.6
NE,197912,2.8
NE,197913,2.9
NE,198001,3.8
NE,198002,3.5
NE,198003,3.4
NE,198004,3.5
NE,198005,3.8
NE,198006,4.5
NE,198007,4.3
NE,198008,4.1
NE,198009,3.8
NE,198010,3.8
NE,198011,3.7
NE,198012,3.8
NE,198013,3.8
NE,198101,4.6
NE,198102,4.4
NE,198103,4.3
NE,198104,3.8
NE,198105,3.7
NE,198106,4.3
NE,198107,3.8
NE,198108,3.7
NE,198109,3.9
NE,198110,4.2
NE,198111,4.2
NE,198112,4.5
NE,198113,4.1
NE,198201,5.3
NE,198202,5.6
NE,198203,5.6
NE,198204,5.1
NE,198205,5.4
NE,198206,5.8
NE,198207,5.5
NE,198208,5.1
NE,198209,5.3
NE,198210,5.4
NE,198211,5.6
NE,198212,6.1
NE,198213,5.5
NE,198301,7.1
NE,198302,7.0
NE,198303,6.6
NE,198304,6.0
NE,198305,5.7
NE,198306,5.9
NE,198307,5.1
NE,198308,4.7
NE,198309,4.6
NE,198310,4.6
NE,198311,4.4
NE,198312,4.8
NE,198313,5.5
NE,198401,5.5
NE,198402,5.4
NE,198403,4.9
NE,198404,4.7
NE,198405,4.1
NE,198406,4.2
NE,198407,4.3
NE,198408,3.9
NE,198409,4.1
NE,198410,4.0
NE,198411,4.0
NE,198412,4.2
NE,198413,4.4
NE,198501,5.5
NE,198502,5.5
NE,198503,5.4
NE,198504,5.0
NE,198505,4.8
NE,198506,5.3
NE,198507,5.1
NE,198508,4.7
NE,198509,4.8
NE,198510,4.9
NE,198511,4.9
NE,198512,5.2
NE,198513,5.1
NE,198601,5.7
NE,198602,6.0
NE,198603,5.6
NE,198604,4.9
NE,198605,4.6
NE,198606,5.0
NE,198607,4.8
NE,198608,4.2
NE,198609,4.4
NE,198610,4.4
NE,198611,4.5
NE,198612,4.2
NE,198613,4.9
NE,198701,5.2
NE,198702,5.2
NE,198703,5.0
NE,198704,4.0
NE,198705,4.3
NE,198706,4.6
NE,198707,4.3
NE,198708,4.0
NE,198709,3.9
NE,198710,3.9
NE,198711,3.7
NE,198712,3.6
NE,198713,4.3
NE,198801,4.3
NE,198802,4.2
NE,198803,4.0
NE,198804,3.4
NE,198805,3.4
NE,198806,3.7
NE,198807,3.5
NE,198808,3.2
NE,198809,3.2
NE,198810,3.0
NE,198811,3.0
NE,198812,2.9
NE,198813,3.5
NE,198901,3.6
NE,198902,3.3
NE,198903,3.2
NE,198904,2.8
NE,198905,2.7
NE,198906,3.3
NE,198907,3.0
NE,198908,2.6
NE,198909,2.6
NE,198910,2.5
NE,198911,2.5
NE,198912,2.5
NE,198913,2.9
NE,199001,3.0
NE,199002,2.8
NE,199003,2.6
NE,199004,2.3
NE,199005,2.1
NE,199006,2.3
NE,199007,2.4
NE,199008,2.2
NE,199009,2.1
NE,199010,2.0
NE,199011,1.9
NE,199012,2.1
NE,199013,2.3
NE,199101,3.1
NE,199102,3.0
NE,199103,2.8
NE,199104,2.4
NE,199105,2.6
NE,199106,2.9
NE,199107,2.8
NE,199108,2.4
NE,199109,2.4
NE,199110,2.2
NE,199111,2.5
NE,199112,2.5
NE,199113,2.6
NE,199201,3.3
NE,199202,3.2
NE,199203,3.0
NE,199204,2.7
NE,199205,2.8
NE,199206,3.3
NE,199207,2.9
NE,199208,2.7
NE,199209,2.5
NE,199210,2.5
NE,199211,2.3
NE,199212,2.6
NE,199213,2.8
NE,199301,3.4
NE,199302,3.4
NE,199303,3.3
NE,199304,2.7
NE,199305,2.8
NE,199306,3.2
NE,199307,2.8
NE,199308,2.4
NE,199309,2.3
NE,199310,2.4
NE,199311,2.2
NE,199312,2.4
NE,199313,2.8
NE,199401,3.3
NE,199402,3.2
NE,199403,3.2
NE,199404,2.6
NE,199405,2.4
NE,199406,2.9
NE,199407,2.6
NE,199408,2.3
NE,199409,2.4
NE,199410,2.3
NE,199411,2.2
NE,199412,2.4
NE,199413,2.6
NE,199501,3.1
NE,199502,2.8
NE,199503,2.7
NE,199504,2.7
NE,199505,2.7
NE,199506,2.9
NE,199507,2.8
NE,199508,2.4
NE,199509,2.4
NE,199510,2.4
NE,199511,2.3
NE,199512,2.5
NE,199513,2.6
NE,199601,3.3
NE,199602,3.1
NE,199603,3.0
NE,199604,2.7
NE,199605,2.7
NE,199606,3.0
NE,199607,3.0
NE,199608,2.3
NE,199609,2.3
NE,199610,2.4
NE,199611,2.4
NE,199612,2.3
NE,199613,2.7
NE,199701,3.1
NE,199702,2.9
NE,199703,2.7
NE,199704,2.2
NE,199705,2.3
NE,199706,2.8
NE,199707,2.5
NE,199708,2.2
NE,199709,2.3
NE,199710,2.1
NE,199711,1.8
NE,199712,2.0
NE,199713,2.4
NE,199801,2.8
NE,199802,2.7
NE,199803,2.8
NE,199804,2.2
NE,199805,2.3
NE,199806,2.7
NE,199807,2.8
NE,199808,2.4
NE,199809,2.3
NE,199810,2.5
NE,199811,2.4
NE,199812,2.5
NE,199813,2.5
NE,199901,3.0
NE,199902,3.0
NE,199903,2.8
NE,199904,2.7
NE,199905,2.7
NE,199906,3.2
NE,199907,3.0
NE,199908,2.6
NE,199909,2.6
NE,199910,2.4
NE,199911,2.5
NE,199912,2.6
NE,199913,2.8
NE,200001,3.2
NE,200002,3.1
NE,200003,3.0
NE,200004,2.7
NE,200005,2.8
NE,200006,3.0
NE,200007,2.9
NE,200008,2.6
NE,200009,2.6
NE,200010,2.7
NE,200011,2.6
NE,200012,2.6
NE,200013,2.8
NE,200101,3.3
NE,200102,3.3
NE,200103,3.4
NE,200104,3.0
NE,200105,2.9
NE,200106,3.3
NE,200107,3.2
NE,200108,3.0
NE,200109,2.9
NE,200110,3.0
NE,200111,3.2
NE,200112,3.3
NE,200113,3.2
NE,200201,4.1
NE,200202,4.0
NE,200203,4.1
NE,200204,3.8
NE,200205,3.5
NE,200206,4.0
NE,200207,3.8
NE,200208,3.3
NE,200209,3.3
NE,200210,3.2
NE,200211,3.4
NE,200212,3.5
NE,200213,3.7
NE,200301,4.2
NE,200302,4.1
NE,200303,4.1
NE,200304,3.9
NE,200305,3.9
NE,200306,4.4
NE,200307,4.1
NE,200308,3.7
NE,200309,3.8
NE,200310,3.6
NE,200311,3.5
NE,200312,3.6
NE,200313,3.9
NE,200401,4.4
NE,200402,4.2
NE,200403,4.2
NE,200404,3.7
NE,200405,3.7
NE,200406,4.1
NE,200407,3.9
NE,200408,3.7
NE,200409,3.7
NE,200410,3.6
NE,200411,3.6
NE,200412,3.8
NE,200413,3.9
NE,200501,4.5
NE,200502,4.4
NE,200503,4.3
NE,200504,3.8
NE,200505,3.8
NE,200506,3.9
NE,200507,3.8
NE,200508,3.4
NE,200509,3.5
NE,200510,3.3
NE,200511,3.5
NE,200512,3.4
NE,200513,3.8
NE,200601,3.6
NE,200602,3.5
NE,200603,3.3
NE,200604,3.1
NE,200605,2.8
NE,200606,3.2
NE,200607,3.3
NE,200608,2.9
NE,200609,2.8
NE,200610,2.7
NE,200611,2.7
NE,200612,2.7
NE,200613,3.1
NE,200701,3.4
NE,200702,3.3
NE,200703,2.9
NE,200704,2.7
NE,200705,2.9
NE,200706,3.3
NE,200707,3.2
NE,200708,2.8
NE,200709,2.8
NE,200710,2.8
NE,200711,2.8
NE,200712,2.7
NE,200713,3.0
NE,200801,3.3
NE,200802,3.3
NE,200803,3.2
NE,200804,2.9
NE,200805,3.0
NE,200806,3.4
NE,200807,3.4
NE,200808,3.1
NE,200809,3.2
NE,200810,3.2
NE,200811,3.2
NE,200812,3.6
NE,200813,3.2
NE,200901,4.6
NE,200902,4.6
NE,200903,4.8
NE,200904,4.5
NE,200905,4.6
NE,200906,4.9
NE,200907,4.8
NE,200908,4.6
NE,200909,4.6
NE,200910,4.4
NE,200911,4.3
NE,200912,4.7
NE,200913,4.6
NE,201001,5.4
NE,201002,5.4
NE,201003,5.2
NE,201004,4.6
NE,201005,4.4
NE,201006,4.9
NE,201007,4.6
NE,201008,4.3
NE,201009,4.3
NE,201010,4.2
NE,201011,4.2
NE,201012,4.3
NE,201013,4.7
NE,201101,5.0
NE,201102,4.9
NE,201103,4.7
NE,201104,4.3
NE,201105,4.3
NE,201106,4.7
NE,201107,4.5
NE,201108,4.3
NE,201109,4.1
NE,201110,4.0
NE,201111,3.8
NE,201112,4.1
NE,201113,4.4
NE,201201,4.4
NE,201202,4.5
NE,201203,4.2
NE,201204,3.7
NE,201205,3.7
NE,201206,4.1
NE,201207,4.2
NE,201208,3.8
NE,201209,3.5
NE,201210,3.6
NE,201211,3.4
NE,201212,3.8
NE,201213,3.9
NE,201301,4.4
NE,201302,4.2
NE,201303,3.9
NE,201304,3.6
NE,201305,3.7
NE,201306,4.1
NE,201307,4.0
NE,201308,3.5
NE,201309,3.4
NE,201310,3.3
NE,201311,3.1
NE,201312,3.3
NE,201313,3.7
NE,201401,3.8
NE,201402,3.9
NE,201403,3.9
NE,201404,3.1
NE,201405,3.1
NE,201406,3.4
NE,201407,3.6
NE,201408,3.1
NE,201409,2.9
NE,201410,2.7
NE,201411,2.6
NE,201412,2.8
NE,201413,3.2
NE,201501,3.3
NE,201502,3.1
NE,201503,3.1
NE,201504,2.8
NE,201505,2.9
NE,201506,3.2
NE,201507,3.3
NE,201508,2.9
NE,201509,2.7
NE,201510,2.8
NE,201511,2.7
NE,201512,2.9
NE,201513,3.0
NE,201601,3.3
NE,201602,3.3
NE,201603,3.3
NE,201604,3.0
NE,201605,2.8
NE,201606,3.4
NE,201607,3.4
NE,201608,3.1
NE,201609,3.0
NE,201610,3.1
NE,201611,2.8
NE,201612,3.0
NE,201613,3.1
NE,201701,3.5
NE,201702,3.3
NE,201703,3.0
NE,201704,2.8
NE,201705,2.8
NE,201706,3.1
NE,201707,3.1
NE,201708,2.9
NE,201709,2.7
NE,201710,2.5
NE,201711,2.7
NE,201712,2.9
NE,201713,3.0
NE,201801,3.2
NE,201802,3.3
NE,201803,3.1
NE,201804,2.8
NE,201805,2.7
NE,201806,3.2
NE,201807,3.1
NE,201808,2.8
NE,201809,2.6
NE,201810,2.7
NE,201811,2.5
NE,201812,2.9
NE,201813,2.9
NE,201901,3.5
NE,201902,3.4
NE,201903,3.4
NE,201904,2.9
NE,201905,3.0
NE,201906,3.4
NE,201907,3.3
NE,201908,3.0
NE,201909,2.7
NE,201910,3.0
NE,201911,2.8
NE,201912,2.8
NE,201913,3.1
NE,202001,3.3
NE,202002,3.1
NE,202003,5.1
NE,202004,8.0
NE,202005,6.6
NE,202006,5.6
NE,202007,4.8
NE,202008,3.5
NE,202009,3.2
NE,202010,2.5
NE,202011,2.5
NE,202012,2.8
NE,202013,4.3
NE,202101,3.4
NE,202102,3.5
NE,202103,3.1
NE,202104,2.7
NE,202105,2.7
NE,202106,3.2
NE,202107,2.8
NE,202108,2.5
NE,202109,2.1
NE,202110,2.1
NE,202111,1.8
NE,202112,1.8
NE,202113,2.6
NE,202201,2.4
NE,202202,2.3
NE,202203,2.2
NE,202204,1.9
NE,202205,2.0
NE,202206,2.5
NE,202207,2.4
NE,202208,2.3
NE,202209,2.0
NE,202210,2.1
NE,202211,2.0
NE,202212,2.1
NE,202213,2.2
NE,202301,2.3
NE,202302,2.4
NE,202303,2.2
NE,202304,2.0
NE,202305,2.2
NE,202306,2.6
NE,202307,2.4
NE,202308,2.3
NE,202309,2.3
NE,202310,2.5
NE,202311,2.2
NE,202312,2.3
NE,202313,2.3
NE,202401,2.8
NE,202402,2.9
NE,202403,2.7
NE,202404,2.4
NE,202405,2.6
NE,202406,3.1
NE,202407,3.1
NE,202408,2.8
NE,202409,2.6
NE,202410,2.7
NE,202411,2.7
NE,202412,2.6
NE,202413,2.8
NE,202501,3.2
NE,202502,3.4
NE,202503,2.9
NV,197601,11.4
NV,197602,10.4
NV,197603,9.2
NV,197604,8.8
NV,197605,7.5
NV,197606,9.3
NV,197607,8.5
NV,197608,8.1
NV,197609,8.4
NV,197610,8.2
NV,197611,8.0
NV,197612,8.5
NV,197613,8.8
NV,197701,10.3
NV,197702,9.3
NV,197703,8.2
NV,197704,6.9
NV,197705,6.0
NV,197706,7.7
NV,197707,6.9
NV,197708,6.0
NV,197709,6.1
NV,197710,5.2
NV,197711,4.8
NV,197712,4.8
NV,197713,6.8
NV,197801,6.1
NV,197802,5.3
NV,197803,4.3
NV,197804,3.9
NV,197805,3.4
NV,197806,4.8
NV,197807,4.6
NV,197808,3.9
NV,197809,4.4
NV,197810,4.0
NV,197811,4.0
NV,197812,4.6
NV,197813,4.4
NV,197901,6.2
NV,197902,5.5
NV,197903,5.3
NV,197904,4.7
NV,197905,4.1
NV,197906,5.4
NV,197907,5.2
NV,197908,4.7
NV,197909,4.8
NV,197910,4.5
NV,197911,4.3
NV,197912,4.5
NV,197913,4.9
NV,198001,6.2
NV,198002,5.5
NV,198003,5.5
NV,198004,5.8
NV,198005,5.6
NV,198006,6.9
NV,198007,7.0
NV,198008,6.7
NV,198009,6.7
NV,198010,6.7
NV,198011,6.5
NV,198012,6.8
NV,198013,6.3
NV,198101,8.4
NV,198102,7.6
NV,198103,7.2
NV,198104,6.9
NV,198105,6.6
NV,198106,7.5
NV,198107,7.3
NV,198108,6.8
NV,198109,7.1
NV,198110,7.2
NV,198111,7.4
NV,198112,8.1
NV,198113,7.3
NV,198201,9.4
NV,198202,9.1
NV,198203,9.3
NV,198204,9.5
NV,198205,9.1
NV,198206,10.1
NV,198207,10.3
NV,198208,10.0
NV,198209,10.4
NV,198210,10.4
NV,198211,10.6
NV,198212,11.2
NV,198213,10.0
NV,198301,12.3
NV,198302,11.6
NV,198303,11.0
NV,198304,10.4
NV,198305,9.9
NV,198306,10.5
NV,198307,9.7
NV,198308,9.2
NV,198309,9.0
NV,198310,8.3
NV,198311,8.0
NV,198312,8.0
NV,198313,9.8
NV,198401,8.9
NV,198402,8.1
NV,198403,7.9
NV,198404,7.4
NV,198405,6.9
NV,198406,7.8
NV,198407,7.9
NV,198408,7.6
NV,198409,7.6
NV,198410,7.4
NV,198411,7.2
NV,198412,7.7
NV,198413,7.7
NV,198501,8.8
NV,198502,8.0
NV,198503,7.9
NV,198504,7.8
NV,198505,7.2
NV,198506,8.0
NV,198507,7.9
NV,198508,7.0
NV,198509,7.2
NV,198510,7.1
NV,198511,6.7
NV,198512,6.9
NV,198513,7.5
NV,198601,7.5
NV,198602,7.2
NV,198603,6.7
NV,198604,6.2
NV,198605,5.8
NV,198606,6.5
NV,198607,6.3
NV,198608,5.8
NV,198609,6.0
NV,198610,5.9
NV,198611,5.9
NV,198612,6.0
NV,198613,6.3
NV,198701,7.3
NV,198702,6.8
NV,198703,6.5
NV,198704,6.1
NV,198705,5.9
NV,198706,6.4
NV,198707,6.3
NV,198708,5.9
NV,198709,6.0
NV,198710,5.9
NV,198711,5.8
NV,198712,5.7
NV,198713,6.2
NV,198801,6.7
NV,198802,6.0
NV,198803,5.6
NV,198804,5.3
NV,198805,5.1
NV,198806,5.3
NV,198807,5.2
NV,198808,4.9
NV,198809,4.9
NV,198810,4.5
NV,198811,4.5
NV,198812,4.6
NV,198813,5.2
NV,198901,5.9
NV,198902,5.1
NV,198903,4.7
NV,198904,4.7
NV,198905,4.4
NV,198906,4.9
NV,198907,4.8
NV,198908,4.3
NV,198909,4.6
NV,198910,4.4
NV,198911,4.3
NV,198912,4.3
NV,198913,4.7
NV,199001,5.3
NV,199002,4.8
NV,199003,4.5
NV,199004,4.6
NV,199005,4.3
NV,199006,4.7
NV,199007,4.8
NV,199008,4.6
NV,199009,4.9
NV,199010,4.8
NV,199011,5.0
NV,199012,5.2
NV,199013,4.8
NV,199101,6.3
NV,199102,6.0
NV,199103,6.0
NV,199104,5.6
NV,199105,5.5
NV,199106,6.0
NV,199107,5.9
NV,199108,5.6
NV,199109,5.7
NV,199110,5.6
NV,199111,5.7
NV,199112,6.1
NV,199113,5.8
NV,199201,7.4
NV,199202,7.1
NV,199203,6.7
NV,199204,6.5
NV,199205,6.4
NV,199206,7.1
NV,199207,7.0
NV,199208,6.7
NV,199209,6.7
NV,199210,6.3
NV,199211,6.5
NV,199212,6.7
NV,199213,6.8
NV,199301,7.7
NV,199302,7.3
NV,199303,7.2
NV,199304,7.0
NV,199305,6.8
NV,199306,7.3
NV,199307,7.1
NV,199308,6.7
NV,199309,6.7
NV,199310,6.4
NV,199311,6.2
NV,199312,6.1
NV,199313,6.9
NV,199401,7.3
NV,199402,6.7
NV,199403,6.6
NV,199404,6.4
NV,199405,5.9
NV,199406,6.4
NV,199407,6.4
NV,199408,6.2
NV,199409,6.1
NV,199410,5.8
NV,199411,5.7
NV,199412,5.6
NV,199413,6.3
NV,199501,6.7
NV,199502,6.0
NV,199503,5.8
NV,199504,5.8
NV,199505,5.4
NV,199506,5.7
NV,199507,5.7
NV,199508,5.3
NV,199509,5.3
NV,199510,5.0
NV,199511,5.0
NV,199512,5.1
NV,199513,5.6
NV,199601,6.1
NV,199602,5.4
NV,199603,5.3
NV,199604,5.3
NV,199605,5.0
NV,199606,5.0
NV,199607,5.4
NV,199608,4.9
NV,199609,4.9
NV,199610,4.6
NV,199611,4.6
NV,199612,4.7
NV,199613,5.1
NV,199701,5.3
NV,199702,4.9
NV,199703,4.7
NV,199704,4.4
NV,199705,4.1
NV,199706,4.6
NV,199707,4.5
NV,199708,4.2
NV,199709,4.3
NV,199710,4.0
NV,199711,3.8
NV,199712,4.0
NV,199713,4.4
NV,199801,5.0
NV,199802,4.6
NV,199803,4.6
NV,199804,4.2
NV,199805,4.0
NV,199806,4.4
NV,199807,4.3
NV,199808,4.0
NV,199809,4.0
NV,199810,3.8
NV,199811,3.6
NV,199812,3.6
NV,199813,4.2
NV,199901,4.5
NV,199902,4.2
NV,199903,4.1
NV,199904,4.1
NV,199905,3.8
NV,199906,4.3
NV,199907,4.3
NV,199908,4.0
NV,199909,4.1
NV,199910,3.8
NV,199911,3.7
NV,199912,3.7
NV,199913,4.1
NV,200001,4.4
NV,200002,4.1
NV,200003,4.1
NV,200004,3.9
NV,200005,3.9
NV,200006,4.2
NV,200007,4.3
NV,200008,4.3
NV,200009,4.2
NV,200010,4.1
NV,200011,4.1
NV,200012,4.3
NV,200013,4.2
NV,200101,5.2
NV,200102,4.9
NV,200103,5.0
NV,200104,4.9
NV,200105,4.5
NV,200106,5.1
NV,200107,5.1
NV,200108,5.3
NV,200109,5.2
NV,200110,5.3
NV,200111,5.4
NV,200112,5.6
NV,200113,5.1
NV,200201,6.3
NV,200202,5.9
NV,200203,5.8
NV,200204,5.8
NV,200205,5.5
NV,200206,5.8
NV,200207,5.8
NV,200208,5.5
NV,200209,5.3
NV,200210,5.1
NV,200211,5.3
NV,200212,5.4
NV,200213,5.6
NV,200301,6.0
NV,200302,5.6
NV,200303,5.4
NV,200304,5.3
NV,200305,5.0
NV,200306,5.6
NV,200307,5.4
NV,200308,5.1
NV,200309,5.1
NV,200310,4.8
NV,200311,4.7
NV,200312,4.6
NV,200313,5.2
NV,200401,5.3
NV,200402,4.7
NV,200403,4.8
NV,200404,4.5
NV,200405,4.2
NV,200406,4.7
NV,200407,4.6
NV,200408,4.2
NV,200409,4.1
NV,200410,4.0
NV,200411,4.1
NV,200412,4.2
NV,200413,4.4
NV,200501,4.7
NV,200502,4.5
NV,200503,4.3
NV,200504,4.2
NV,200505,4.0
NV,200506,4.3
NV,200507,4.4
NV,200508,4.1
NV,200509,4.2
NV,200510,3.9
NV,200511,4.0
NV,200512,3.9
NV,200513,4.2
NV,200601,4.3
NV,200602,4.3
NV,200603,4.1
NV,200604,4.1
NV,200605,3.9
NV,200606,4.3
NV,200607,4.5
NV,200608,4.1
NV,200609,4.1
NV,200610,3.9
NV,200611,4.0
NV,200612,4.1
NV,200613,4.1
NV,200701,4.8
NV,200702,4.4
NV,200703,4.4
NV,200704,4.5
NV,200705,4.3
NV,200706,4.8
NV,200707,5.0
NV,200708,4.8
NV,200709,4.9
NV,200710,4.9
NV,200711,5.0
NV,200712,5.4
NV,200713,4.8
NV,200801,6.0
NV,200802,5.6
NV,200803,5.9
NV,200804,5.8
NV,200805,6.2
NV,200806,6.7
NV,200807,7.1
NV,200808,7.3
NV,200809,7.5
NV,200810,7.7
NV,200811,8.0
NV,200812,8.8
NV,200813,6.9
NV,200901,9.7
NV,200902,9.9
NV,200903,10.1
NV,200904,10.0
NV,200905,10.4
NV,200906,11.2
NV,200907,11.5
NV,200908,11.6
NV,200909,11.9
NV,200910,12.1
NV,200911,12.1
NV,200912,12.5
NV,200913,11.1
NV,201001,13.4
NV,201002,13.2
NV,201003,13.2
NV,201004,13.1
NV,201005,12.9
NV,201006,13.3
NV,201007,13.6
NV,201008,13.4
NV,201009,13.3
NV,201010,13.1
NV,201011,13.4
NV,201012,13.4
NV,201013,13.3
NV,201101,13.7
NV,201102,13.3
NV,201103,13.1
NV,201104,12.9
NV,201105,12.7
NV,201106,13.3
NV,201107,13.4
NV,201108,13.2
NV,201109,13.0
NV,201110,12.6
NV,201111,12.2
NV,201112,12.3
NV,201113,13.0
NV,201201,12.5
NV,201202,12.2
NV,201203,11.9
NV,201204,11.5
NV,201205,11.5
NV,201206,12.0
NV,201207,12.0
NV,201208,11.6
NV,201209,10.9
NV,201210,10.8
NV,201211,10.4
NV,201212,10.7
NV,201213,11.5
NV,201301,11.3
NV,201302,10.6
NV,201303,10.2
NV,201304,10.0
NV,201305,9.9
NV,201306,10.4
NV,201307,10.3
NV,201308,9.8
NV,201309,9.6
NV,201310,9.5
NV,201311,9.0
NV,201312,9.0
NV,201313,10.0
NV,201401,9.2
NV,201402,9.0
NV,201403,8.8
NV,201404,7.9
NV,201405,8.2
NV,201406,8.4
NV,201407,8.6
NV,201408,8.2
NV,201409,7.8
NV,201410,7.5
NV,201411,7.5
NV,201412,7.3
NV,201413,8.2
NV,201501,7.9
NV,201502,7.4
NV,201503,7.1
NV,201504,7.0
NV,201505,7.0
NV,201506,7.0
NV,201507,7.2
NV,201508,6.7
NV,201509,6.5
NV,201510,6.4
NV,201511,6.3
NV,201512,6.3
NV,201513,6.9
NV,201601,6.5
NV,201602,6.2
NV,201603,6.2
NV,201604,6.0
NV,201605,5.6
NV,201606,6.1
NV,201607,6.0
NV,201608,5.7
NV,201609,5.6
NV,201610,5.5
NV,201611,5.2
NV,201612,5.3
NV,201613,5.8
NV,201701,5.7
NV,201702,5.4
NV,201703,5.1
NV,201704,5.0
NV,201705,4.8
NV,201706,5.2
NV,201707,5.3
NV,201708,5.0
NV,201709,4.8
NV,201710,4.6
NV,201711,4.6
NV,201712,4.7
NV,201713,5.0
NV,201801,5.1
NV,201802,4.8
NV,201803,4.5
NV,201804,4.4
NV,201805,4.1
NV,201806,4.6
NV,201807,4.6
NV,201808,4.4
NV,201809,4.1
NV,201810,4.1
NV,201811,4.0
NV,201812,4.2
NV,201813,4.4
NV,201901,4.8
NV,201902,4.3
NV,201903,4.2
NV,201904,4.0
NV,201905,4.0
NV,201906,4.3
NV,201907,4.4
NV,201908,4.1
NV,201909,3.9
NV,201910,3.9
NV,201911,3.8
NV,201912,4.0
NV,201913,4.1
NV,202001,4.4
NV,202002,4.2
NV,202003,7.6
NV,202004,30.1
NV,202005,25.0
NV,202006,19.2
NV,202007,17.3
NV,202008,13.8
NV,202009,12.8
NV,202010,10.6
NV,202011,9.8
NV,202012,9.5
NV,202013,13.5
NV,202101,9.2
NV,202102,8.5
NV,202103,7.9
NV,202104,7.6
NV,202105,7.0
NV,202106,7.4
NV,202107,7.0
NV,202108,6.4
NV,202109,5.6
NV,202110,5.3
NV,202111,5.0
NV,202112,4.8
NV,202113,6.8
NV,202201,5.6
NV,202202,5.3
NV,202203,5.0
NV,202204,5.0
NV,202205,5.1
NV,202206,5.5
NV,202207,5.4
NV,202208,5.4
NV,202209,5.1
NV,202210,5.1
NV,202211,5.1
NV,202212,4.9
NV,202213,5.2
NV,202301,5.4
NV,202302,5.3
NV,202303,5.0
NV,202304,4.8
NV,202305,5.1
NV,202306,5.2
NV,202307,5.3
NV,202308,5.3
NV,202309,5.2
NV,202310,5.2
NV,202311,4.9
NV,202312,5.0
NV,202313,5.2
NV,202401,5.4
NV,202402,5.4
NV,202403,5.3
NV,202404,5.2
NV,202405,5.3
NV,202406,5.8
NV,202407,6.1
NV,202408,5.9
NV,202409,5.5
NV,202410,5.6
NV,202411,5.7
NV,202412,5.6
NV,202413,5.6
NV,202501,5.9
NV,202502,5.7
NV,202503,5.4
NH,197601,7.6
NH,197602,7.6
NH,197603,7.4
NH,197604,6.6
NH,197605,6.0
NH,197606,6.3
NH,197607,6.3
NH,197608,6.2
NH,197609,6.0
NH,197610,5.6
NH,197611,5.9
NH,197612,5.8
NH,197613,6.4
NH,197701,7.2
NH,197702,7.4
NH,197703,7.0
NH,197704,6.1
NH,197705,5.4
NH,197706,5.6
NH,197707,5.2
NH,197708,5.3
NH,197709,4.9
NH,197710,4.3
NH,197711,4.4
NH,197712,4.0
NH,197713,5.5
NH,197801,5.3
NH,197802,5.1
NH,197803,4.8
NH,197804,4.0
NH,197805,3.6
NH,197806,3.7
NH,197807,3.9
NH,197808,3.5
NH,197809,3.3
NH,197810,2.8
NH,197811,3.0
NH,197812,2.9
NH,197813,3.8
NH,197901,4.0
NH,197902,4.1
NH,197903,3.9
NH,197904,3.1
NH,197905,2.6
NH,197906,2.8
NH,197907,2.7
NH,197908,3.0
NH,197909,2.9
NH,197910,2.8
NH,197911,3.0
NH,197912,3.0
NH,197913,3.1
NH,198001,4.4
NH,198002,4.5
NH,198003,4.4
NH,198004,4.2
NH,198005,4.4
NH,198006,4.8
NH,198007,4.9
NH,198008,4.8
NH,198009,4.7
NH,198010,4.4
NH,198011,4.3
NH,198012,4.2
NH,198013,4.5
NH,198101,5.6
NH,198102,5.4
NH,198103,5.3
NH,198104,4.7
NH,198105,4.5
NH,198106,4.6
NH,198107,4.6
NH,198108,4.8
NH,198109,4.9
NH,198110,5.0
NH,198111,5.6
NH,198112,5.8
NH,198113,5.1
NH,198201,7.1
NH,198202,7.5
NH,198203,7.3
NH,198204,7.0
NH,198205,6.8
NH,198206,7.0
NH,198207,6.8
NH,198208,6.6
NH,198209,6.5
NH,198210,6.3
NH,198211,6.7
NH,198212,6.6
NH,198213,6.9
NH,198301,7.4
NH,198302,7.3
NH,198303,6.8
NH,198304,5.9
NH,198305,5.3
NH,198306,5.6
NH,198307,5.0
NH,198308,4.7
NH,198309,4.7
NH,198310,4.3
NH,198311,4.4
NH,198312,4.3
NH,198313,5.5
NH,198401,5.2
NH,198402,5.0
NH,198403,4.8
NH,198404,4.2
NH,198405,3.8
NH,198406,3.8
NH,198407,4.0
NH,198408,4.0
NH,198409,3.9
NH,198410,3.8
NH,198411,4.1
NH,198412,4.1
NH,198413,4.2
NH,198501,5.1
NH,198502,4.9
NH,198503,4.8
NH,198504,4.1
NH,198505,3.6
NH,198506,3.7
NH,198507,3.5
NH,198508,3.2
NH,198509,3.0
NH,198510,2.7
NH,198511,2.8
NH,198512,2.8
NH,198513,3.7
NH,198601,3.6
NH,198602,3.8
NH,198603,3.6
NH,198604,3.0
NH,198605,2.7
NH,198606,2.6
NH,198607,2.4
NH,198608,2.4
NH,198609,2.1
NH,198610,1.7
NH,198611,1.9
NH,198612,1.9
NH,198613,2.6
NH,198701,3.0
NH,198702,2.9
NH,198703,2.7
NH,198704,1.8
NH,198705,1.9
NH,198706,2.1
NH,198707,2.2
NH,198708,2.1
NH,198709,2.0
NH,198710,2.0
NH,198711,2.2
NH,198712,2.0
NH,198713,2.2
NH,198801,2.9
NH,198802,2.8
NH,198803,2.6
NH,198804,2.2
NH,198805,2.0
NH,198806,2.2
NH,198807,2.5
NH,198808,2.5
NH,198809,2.3
NH,198810,2.1
NH,198811,2.3
NH,198812,2.1
NH,198813,2.4
NH,198901,3.2
NH,198902,3.0
NH,198903,2.9
NH,198904,2.9
NH,198905,2.9
NH,198906,3.3
NH,198907,3.4
NH,198908,3.6
NH,198909,3.7
NH,198910,3.6
NH,198911,4.0
NH,198912,4.0
NH,198913,3.4
NH,199001,5.0
NH,199002,5.2
NH,199003,5.1
NH,199004,5.0
NH,199005,4.9
NH,199006,5.0
NH,199007,5.2
NH,199008,5.3
NH,199009,5.4
NH,199010,5.3
NH,199011,5.9
NH,199012,5.9
NH,199013,5.2
NH,199101,6.9
NH,199102,7.1
NH,199103,7.1
NH,199104,6.5
NH,199105,6.6
NH,199106,6.7
NH,199107,6.6
NH,199108,6.7
NH,199109,6.7
NH,199110,6.5
NH,199111,6.8
NH,199112,6.9
NH,199113,6.8
NH,199201,7.8
NH,199202,7.9
NH,199203,7.6
NH,199204,7.1
NH,199205,7.0
NH,199206,7.3
NH,199207,7.1
NH,199208,7.2
NH,199209,7.2
NH,199210,6.9
NH,199211,7.2
NH,199212,7.1
NH,199213,7.3
NH,199301,8.0
NH,199302,7.9
NH,199303,7.4
NH,199304,6.6
NH,199305,6.0
NH,199306,6.0
NH,199307,5.8
NH,199308,5.6
NH,199309,5.3
NH,199310,5.2
NH,199311,5.0
NH,199312,4.8
NH,199313,6.1
NH,199401,5.8
NH,199402,5.7
NH,199403,5.3
NH,199404,4.8
NH,199405,4.3
NH,199406,4.4
NH,199407,4.4
NH,199408,4.2
NH,199409,3.9
NH,199410,3.8
NH,199411,3.9
NH,199412,3.8
NH,199413,4.5
NH,199501,4.8
NH,199502,4.5
NH,199503,4.4
NH,199504,4.1
NH,199505,3.6
NH,199506,3.7
NH,199507,3.8
NH,199508,3.7
NH,199509,3.5
NH,199510,3.2
NH,199511,3.3
NH,199512,3.3
NH,199513,3.8
NH,199601,4.4
NH,199602,4.3
NH,199603,4.2
NH,199604,3.8
NH,199605,3.8
NH,199606,3.7
NH,199607,3.8
NH,199608,3.5
NH,199609,3.6
NH,199610,3.4
NH,199611,3.5
NH,199612,3.3
NH,199613,3.8
NH,199701,4.2
NH,199702,4.2
NH,199703,4.1
NH,199704,3.5
NH,199705,3.3
NH,199706,3.4
NH,199707,3.3
NH,199708,3.1
NH,199709,3.0
NH,199710,2.7
NH,199711,2.8
NH,199712,2.7
NH,199713,3.4
NH,199801,3.5
NH,199802,3.5
NH,199803,3.5
NH,199804,2.8
NH,199805,2.7
NH,199806,2.7
NH,199807,2.6
NH,199808,2.5
NH,199809,2.6
NH,199810,2.5
NH,199811,2.7
NH,199812,2.5
NH,199813,2.8
NH,199901,3.4
NH,199902,3.4
NH,199903,3.2
NH,199904,2.8
NH,199905,2.5
NH,199906,2.6
NH,199907,2.6
NH,199908,2.4
NH,199909,2.3
NH,199910,2.4
NH,199911,2.6
NH,199912,2.5
NH,199913,2.7
NH,200001,3.3
NH,200002,3.3
NH,200003,3.1
NH,200004,2.7
NH,200005,2.6
NH,200006,2.7
NH,200007,2.7
NH,200008,2.6
NH,200009,2.2
NH,200010,2.1
NH,200011,2.2
NH,200012,2.4
NH,200013,2.7
NH,200101,3.4
NH,200102,3.4
NH,200103,3.6
NH,200104,3.3
NH,200105,2.9
NH,200106,3.3
NH,200107,3.4
NH,200108,3.7
NH,200109,3.4
NH,200110,3.4
NH,200111,3.7
NH,200112,3.6
NH,200113,3.4
NH,200201,4.6
NH,200202,4.6
NH,200203,4.7
NH,200204,4.5
NH,200205,4.3
NH,200206,4.6
NH,200207,4.5
NH,200208,4.6
NH,200209,4.3
NH,200210,4.3
NH,200211,4.5
NH,200212,4.4
NH,200213,4.5
NH,200301,5.0
NH,200302,4.8
NH,200303,4.7
NH,200304,4.4
NH,200305,4.2
NH,200306,4.6
NH,200307,4.5
NH,200308,4.5
NH,200309,4.3
NH,200310,4.1
NH,200311,4.2
NH,200312,3.9
NH,200313,4.4
NH,200401,4.6
NH,200402,4.5
NH,200403,4.5
NH,200404,4.0
NH,200405,3.8
NH,200406,3.9
NH,200407,3.8
NH,200408,3.6
NH,200409,3.3
NH,200410,3.1
NH,200411,3.3
NH,200412,3.3
NH,200413,3.8
NH,200501,4.1
NH,200502,4.3
NH,200503,4.0
NH,200504,3.6
NH,200505,3.5
NH,200506,3.6
NH,200507,3.6
NH,200508,3.5
NH,200509,3.6
NH,200510,3.3
NH,200511,3.5
NH,200512,3.2
NH,200513,3.6
NH,200601,3.8
NH,200602,4.0
NH,200603,3.8
NH,200604,3.4
NH,200605,3.2
NH,200606,3.4
NH,200607,3.6
NH,200608,3.5
NH,200609,3.3
NH,200610,3.1
NH,200611,3.5
NH,200612,3.4
NH,200613,3.5
NH,200701,4.3
NH,200702,4.2
NH,200703,4.0
NH,200704,3.7
NH,200705,3.4
NH,200706,3.6
NH,200707,3.5
NH,200708,3.3
NH,200709,3.1
NH,200710,2.9
NH,200711,3.1
NH,200712,3.2
NH,200713,3.5
NH,200801,3.9
NH,200802,3.9
NH,200803,3.9
NH,200804,3.4
NH,200805,3.5
NH,200806,3.6
NH,200807,3.7
NH,200808,3.8
NH,200809,3.7
NH,200810,3.6
NH,200811,3.9
NH,200812,4.2
NH,200813,3.8
NH,200901,5.5
NH,200902,5.9
NH,200903,6.0
NH,200904,5.7
NH,200905,5.8
NH,200906,6.1
NH,200907,6.2
NH,200908,6.3
NH,200909,6.4
NH,200910,6.2
NH,200911,6.2
NH,200912,6.4
NH,200913,6.1
NH,201001,7.3
NH,201002,7.1
NH,201003,6.8
NH,201004,6.1
NH,201005,5.8
NH,201006,5.8
NH,201007,5.9
NH,201008,5.8
NH,201009,5.5
NH,201010,5.4
NH,201011,5.7
NH,201012,5.5
NH,201013,6.1
NH,201101,6.2
NH,201102,6.0
NH,201103,5.7
NH,201104,5.3
NH,201105,5.3
NH,201106,5.6
NH,201107,5.6
NH,201108,5.5
NH,201109,5.4
NH,201110,5.1
NH,201111,5.0
NH,201112,5.1
NH,201113,5.5
NH,201201,5.8
NH,201202,5.8
NH,201203,5.6
NH,201204,5.1
NH,201205,5.2
NH,201206,5.6
NH,201207,5.8
NH,201208,5.7
NH,201209,5.3
NH,201210,5.2
NH,201211,5.2
NH,201212,5.4
NH,201213,5.5
NH,201301,6.3
NH,201302,5.9
NH,201303,5.7
NH,201304,5.2
NH,201305,5.1
NH,201306,5.2
NH,201307,5.2
NH,201308,5.1
NH,201309,5.0
NH,201310,5.0
NH,201311,4.8
NH,201312,4.6
NH,201313,5.2
NH,201401,5.1
NH,201402,5.1
NH,201403,5.0
NH,201404,4.3
NH,201405,4.3
NH,201406,4.2
NH,201407,4.4
NH,201408,4.3
NH,201409,3.9
NH,201410,3.6
NH,201411,3.8
NH,201412,3.6
NH,201413,4.3
NH,201501,4.4
NH,201502,4.2
NH,201503,4.0
NH,201504,3.5
NH,201505,3.5
NH,201506,3.4
NH,201507,3.4
NH,201508,3.1
NH,201509,2.9
NH,201510,2.9
NH,201511,2.9
NH,201512,2.7
NH,201513,3.4
NH,201601,3.3
NH,201602,3.2
NH,201603,3.2
NH,201604,2.9
NH,201605,2.7
NH,201606,2.9
NH,201607,2.9
NH,201608,2.9
NH,201609,2.6
NH,201610,2.5
NH,201611,2.6
NH,201612,2.7
NH,201613,2.9
NH,201701,3.4
NH,201702,3.5
NH,201703,3.2
NH,201704,2.8
NH,201705,2.7
NH,201706,2.7
NH,201707,2.7
NH,201708,2.8
NH,201709,2.6
NH,201710,2.4
NH,201711,2.5
NH,201712,2.4
NH,201713,2.8
NH,201801,3.2
NH,201802,3.2
NH,201803,3.1
NH,201804,2.8
NH,201805,2.5
NH,201806,2.7
NH,201807,2.7
NH,201808,2.5
NH,201809,2.2
NH,201810,2.1
NH,201811,2.2
NH,201812,2.3
NH,201813,2.6
NH,201901,3.2
NH,201902,3.0
NH,201903,3.0
NH,201904,2.5
NH,201905,2.4
NH,201906,2.5
NH,201907,2.6
NH,201908,2.6
NH,201909,2.3
NH,201910,2.2
NH,201911,2.2
NH,201912,2.2
NH,201913,2.6
NH,202001,3.0
NH,202002,2.9
NH,202003,3.2
NH,202004,15.8
NH,202005,11.9
NH,202006,9.5
NH,202007,8.4
NH,202008,6.5
NH,202009,6.0
NH,202010,4.8
NH,202011,4.6
NH,202012,4.4
NH,202013,6.7
NH,202101,4.7
NH,202102,4.6
NH,202103,4.4
NH,202104,3.9
NH,202105,3.5
NH,202106,3.8
NH,202107,3.6
NH,202108,3.3
NH,202109,2.9
NH,202110,2.5
NH,202111,2.4
NH,202112,2.1
NH,202113,3.5
NH,202201,3.0
NH,202202,2.7
NH,202203,2.5
NH,202204,2.2
NH,202205,2.1
NH,202206,2.3
NH,202207,2.4
NH,202208,2.7
NH,202209,2.4
NH,202210,2.4
NH,202211,2.4
NH,202212,2.2
NH,202213,2.4
NH,202301,2.8
NH,202302,2.7
NH,202303,2.4
NH,202304,1.9
NH,202305,2.0
NH,202306,2.1
NH,202307,2.2
NH,202308,2.4
NH,202309,2.2
NH,202310,2.0
NH,202311,2.1
NH,202312,2.0
NH,202313,2.3
NH,202401,2.6
NH,202402,2.8
NH,202403,2.7
NH,202404,2.3
NH,202405,2.1
NH,202406,2.5
NH,202407,2.8
NH,202408,2.8
NH,202409,2.4
NH,202410,2.5
NH,202411,2.9
NH,202412,2.8
NH,202413,2.6
NH,202501,3.3
NH,202502,3.6
NH,202503,3.5
NJ,197601,10.9
NJ,197602,10.9
NJ,197603,10.5
NJ,197604,9.9
NJ,197605,9.9
NJ,197606,10.4
NJ,197607,10.8
NJ,197608,10.4
NJ,197609,10.3
NJ,197610,10.1
NJ,197611,10.4
NJ,197612,10.2
NJ,197613,10.4
NJ,197701,11.2
NJ,197702,11.3
NJ,197703,10.7
NJ,197704,9.6
NJ,197705,9.0
NJ,197706,9.7
NJ,197707,9.4
NJ,197708,9.0
NJ,197709,8.8
NJ,197710,8.2
NJ,197711,8.1
NJ,197712,7.3
NJ,197713,9.3
NJ,197801,8.3
NJ,197802,8.1
NJ,197803,7.8
NJ,197804,7.1
NJ,197805,7.0
NJ,197806,7.3
NJ,197807,7.8
NJ,197808,6.9
NJ,197809,7.1
NJ,197810,6.5
NJ,197811,6.6
NJ,197812,6.7
NJ,197813,7.3
NJ,197901,7.5
NJ,197902,7.6
NJ,197903,7.3
NJ,197904,6.4
NJ,197905,6.5
NJ,197906,6.9
NJ,197907,7.2
NJ,197908,7.0
NJ,197909,6.7
NJ,197910,6.5
NJ,197911,6.4
NJ,197912,6.1
NJ,197913,6.8
NJ,198001,7.2
NJ,198002,7.0
NJ,198003,6.8
NJ,198004,6.5
NJ,198005,7.2
NJ,198006,7.3
NJ,198007,7.9
NJ,198008,7.3
NJ,198009,7.0
NJ,198010,7.0
NJ,198011,7.1
NJ,198012,6.9
NJ,198013,7.1
NJ,198101,8.3
NJ,198102,8.1
NJ,198103,8.0
NJ,198104,7.2
NJ,198105,7.5
NJ,198106,7.5
NJ,198107,7.5
NJ,198108,7.0
NJ,198109,6.9
NJ,198110,6.9
NJ,198111,7.4
NJ,198112,7.7
NJ,198113,7.5
NJ,198201,9.0
NJ,198202,9.2
NJ,198203,9.0
NJ,198204,8.5
NJ,198205,8.6
NJ,198206,8.6
NJ,198207,9.0
NJ,198208,8.4
NJ,198209,8.5
NJ,198210,8.5
NJ,198211,8.9
NJ,198212,8.9
NJ,198213,8.8
NJ,198301,9.8
NJ,198302,9.8
NJ,198303,9.4
NJ,198304,8.5
NJ,198305,8.5
NJ,198306,8.7
NJ,198307,8.5
NJ,198308,8.0
NJ,198309,7.5
NJ,198310,6.9
NJ,198311,6.8
NJ,198312,6.8
NJ,198313,8.3
NJ,198401,7.6
NJ,198402,7.4
NJ,198403,7.1
NJ,198404,6.4
NJ,198405,6.2
NJ,198406,6.0
NJ,198407,6.6
NJ,198408,6.2
NJ,198409,5.8
NJ,198410,5.5
NJ,198411,5.4
NJ,198412,5.4
NJ,198413,6.3
NJ,198501,6.5
NJ,198502,6.4
NJ,198503,6.2
NJ,198504,5.6
NJ,198505,5.5
NJ,198506,5.7
NJ,198507,6.0
NJ,198508,5.0
NJ,198509,5.1
NJ,198510,5.2
NJ,198511,5.2
NJ,198512,5.2
NJ,198513,5.6
NJ,198601,6.1
NJ,198602,6.3
NJ,198603,5.7
NJ,198604,5.1
NJ,198605,5.3
NJ,198606,5.3
NJ,198607,5.4
NJ,198608,4.6
NJ,198609,4.5
NJ,198610,4.3
NJ,198611,4.1
NJ,198612,3.8
NJ,198613,5.0
NJ,198701,4.8
NJ,198702,4.8
NJ,198703,4.5
NJ,198704,3.9
NJ,198705,4.1
NJ,198706,4.1
NJ,198707,4.4
NJ,198708,3.8
NJ,198709,3.7
NJ,198710,3.7
NJ,198711,3.5
NJ,198712,3.5
NJ,198713,4.0
NJ,198801,4.4
NJ,198802,4.3
NJ,198803,4.1
NJ,198804,3.3
NJ,198805,3.7
NJ,198806,3.6
NJ,198807,4.1
NJ,198808,3.6
NJ,198809,3.5
NJ,198810,3.4
NJ,198811,3.5
NJ,198812,3.6
NJ,198813,3.8
NJ,198901,4.5
NJ,198902,4.3
NJ,198903,3.7
NJ,198904,3.6
NJ,198905,3.6
NJ,198906,4.0
NJ,198907,4.4
NJ,198908,4.0
NJ,198909,4.1
NJ,198910,4.1
NJ,198911,4.3
NJ,198912,4.0
NJ,198913,4.0
NJ,199001,5.1
NJ,199002,5.2
NJ,199003,4.9
NJ,199004,4.6
NJ,199005,4.7
NJ,199006,4.6
NJ,199007,5.2
NJ,199008,4.9
NJ,199009,5.2
NJ,199010,5.2
NJ,199011,5.5
NJ,199012,5.7
NJ,199013,5.1
NJ,199101,6.9
NJ,199102,7.0
NJ,199103,6.9
NJ,199104,6.3
NJ,199105,6.7
NJ,199106,6.7
NJ,199107,6.8
NJ,199108,6.5
NJ,199109,6.5
NJ,199110,6.7
NJ,199111,7.0
NJ,199112,7.2
NJ,199113,6.8
NJ,199201,8.4
NJ,199202,8.6
NJ,199203,8.3
NJ,199204,7.9
NJ,199205,8.6
NJ,199206,9.0
NJ,199207,9.4
NJ,199208,8.8
NJ,199209,8.7
NJ,199210,8.2
NJ,199211,8.4
NJ,199212,8.2
NJ,199213,8.5
NJ,199301,9.2
NJ,199302,9.1
NJ,199303,8.7
NJ,199304,8.1
NJ,199305,7.9
NJ,199306,7.7
NJ,199307,8.0
NJ,199308,7.3
NJ,199309,7.1
NJ,199310,6.9
NJ,199311,6.6
NJ,199312,6.6
NJ,199313,7.8
NJ,199401,7.8
NJ,199402,7.8
NJ,199403,7.7
NJ,199404,7.0
NJ,199405,6.8
NJ,199406,6.9
NJ,199407,7.2
NJ,199408,6.6
NJ,199409,6.5
NJ,199410,6.2
NJ,199411,6.1
NJ,199412,5.8
NJ,199413,6.8
NJ,199501,7.1
NJ,199502,6.6
NJ,199503,6.5
NJ,199504,6.4
NJ,199505,6.5
NJ,199506,6.5
NJ,199507,6.9
NJ,199508,6.4
NJ,199509,6.2
NJ,199510,5.8
NJ,199511,5.9
NJ,199512,6.0
NJ,199513,6.4
NJ,199601,7.0
NJ,199602,6.9
NJ,199603,6.8
NJ,199604,6.3
NJ,199605,6.3
NJ,199606,6.0
NJ,199607,6.5
NJ,199608,5.7
NJ,199609,5.6
NJ,199610,5.4
NJ,199611,5.6
NJ,199612,5.5
NJ,199613,6.1
NJ,199701,6.5
NJ,199702,6.2
NJ,199703,5.9
NJ,199704,5.2
NJ,199705,5.2
NJ,199706,5.5
NJ,199707,5.7
NJ,199708,5.1
NJ,199709,5.1
NJ,199710,4.6
NJ,199711,4.4
NJ,199712,4.5
NJ,199713,5.3
NJ,199801,5.6
NJ,199802,5.6
NJ,199803,5.5
NJ,199804,4.4
NJ,199805,4.5
NJ,199806,4.6
NJ,199807,4.9
NJ,199808,4.3
NJ,199809,4.1
NJ,199810,3.9
NJ,199811,3.9
NJ,199812,3.8
NJ,199813,4.6
NJ,199901,4.8
NJ,199902,4.9
NJ,199903,4.8
NJ,199904,4.5
NJ,199905,4.5
NJ,199906,4.9
NJ,199907,5.2
NJ,199908,4.4
NJ,199909,4.3
NJ,199910,3.8
NJ,199911,3.7
NJ,199912,3.5
NJ,199913,4.4
NJ,200001,4.3
NJ,200002,4.3
NJ,200003,4.0
NJ,200004,3.3
NJ,200005,3.4
NJ,200006,3.4
NJ,200007,4.0
NJ,200008,3.7
NJ,200009,3.4
NJ,200010,3.3
NJ,200011,3.5
NJ,200012,3.4
NJ,200013,3.7
NJ,200101,4.2
NJ,200102,4.2
NJ,200103,4.1
NJ,200104,3.6
NJ,200105,3.7
NJ,200106,4.1
NJ,200107,4.3
NJ,200108,4.3
NJ,200109,4.3
NJ,200110,4.4
NJ,200111,4.6
NJ,200112,4.9
NJ,200113,4.2
NJ,200201,5.9
NJ,200202,6.0
NJ,200203,6.1
NJ,200204,5.7
NJ,200205,5.6
NJ,200206,5.9
NJ,200207,6.1
NJ,200208,5.6
NJ,200209,5.5
NJ,200210,5.5
NJ,200211,5.7
NJ,200212,5.7
NJ,200213,5.8
NJ,200301,6.5
NJ,200302,6.4
NJ,200303,6.2
NJ,200304,5.7
NJ,200305,5.8
NJ,200306,6.2
NJ,200307,6.3
NJ,200308,5.8
NJ,200309,5.6
NJ,200310,5.3
NJ,200311,5.3
NJ,200312,4.9
NJ,200313,5.8
NJ,200401,6.0
NJ,200402,5.7
NJ,200403,5.6
NJ,200404,5.0
NJ,200405,4.8
NJ,200406,5.1
NJ,200407,5.4
NJ,200408,4.7
NJ,200409,4.5
NJ,200410,4.2
NJ,200411,4.1
NJ,200412,4.0
NJ,200413,4.9
NJ,200501,4.8
NJ,200502,5.1
NJ,200503,4.7
NJ,200504,4.1
NJ,200505,4.0
NJ,200506,4.3
NJ,200507,4.7
NJ,200508,4.3
NJ,200509,4.3
NJ,200510,4.0
NJ,200511,4.5
NJ,200512,4.5
NJ,200513,4.4
NJ,200601,5.2
NJ,200602,5.4
NJ,200603,5.1
NJ,200604,4.8
NJ,200605,4.8
NJ,200606,4.8
NJ,200607,5.3
NJ,200608,4.7
NJ,200609,4.4
NJ,200610,3.8
NJ,200611,4.0
NJ,200612,3.8
NJ,200613,4.7
NJ,200701,4.7
NJ,200702,4.6
NJ,200703,4.3
NJ,200704,3.9
NJ,200705,4.0
NJ,200706,4.2
NJ,200707,4.7
NJ,200708,4.1
NJ,200709,4.0
NJ,200710,3.8
NJ,200711,4.0
NJ,200712,4.2
NJ,200713,4.2
NJ,200801,5.2
NJ,200802,5.1
NJ,200803,5.0
NJ,200804,4.5
NJ,200805,5.0
NJ,200806,5.2
NJ,200807,5.7
NJ,200808,5.7
NJ,200809,5.6
NJ,200810,5.6
NJ,200811,5.8
NJ,200812,6.4
NJ,200813,5.4
NJ,200901,7.7
NJ,200902,8.3
NJ,200903,8.3
NJ,200904,7.9
NJ,200905,8.3
NJ,200906,8.9
NJ,200907,9.4
NJ,200908,9.3
NJ,200909,9.4
NJ,200910,9.5
NJ,200911,9.5
NJ,200912,9.7
NJ,200913,8.9
NJ,201001,10.5
NJ,201002,10.5
NJ,201003,10.3
NJ,201004,9.7
NJ,201005,9.5
NJ,201006,9.6
NJ,201007,9.9
NJ,201008,9.5
NJ,201009,9.2
NJ,201010,9.0
NJ,201011,9.3
NJ,201012,9.2
NJ,201013,9.7
NJ,201101,10.0
NJ,201102,10.0
NJ,201103,9.6
NJ,201104,9.1
NJ,201105,9.3
NJ,201106,9.6
NJ,201107,9.8
NJ,201108,9.4
NJ,201109,9.3
NJ,201110,9.0
NJ,201111,8.9
NJ,201112,8.9
NJ,201113,9.4
NJ,201201,9.7
NJ,201202,9.9
NJ,201203,9.6
NJ,201204,9.1
NJ,201205,9.4
NJ,201206,9.8
NJ,201207,10.2
NJ,201208,9.7
NJ,201209,9.2
NJ,201210,9.1
NJ,201211,8.7
NJ,201212,9.0
NJ,201213,9.4
NJ,201301,9.9
NJ,201302,9.5
NJ,201303,9.0
NJ,201304,8.4
NJ,201305,8.7
NJ,201306,8.9
NJ,201307,8.8
NJ,201308,8.3
NJ,201309,7.9
NJ,201310,7.6
NJ,201311,7.0
NJ,201312,6.8
NJ,201313,8.4
NJ,201401,7.6
NJ,201402,7.6
NJ,201403,7.3
NJ,201404,6.2
NJ,201405,6.6
NJ,201406,6.6
NJ,201407,7.2
NJ,201408,6.9
NJ,201409,6.4
NJ,201410,6.1
NJ,201411,6.1
NJ,201412,5.8
NJ,201413,6.7
NJ,201501,6.9
NJ,201502,6.7
NJ,201503,6.3
NJ,201504,5.8
NJ,201505,6.1
NJ,201506,6.0
NJ,201507,6.3
NJ,201508,5.5
NJ,201509,5.1
NJ,201510,4.8
NJ,201511,4.7
NJ,201512,4.5
NJ,201513,5.7
NJ,201601,5.2
NJ,201602,5.3
NJ,201603,5.3
NJ,201604,4.9
NJ,201605,4.8
NJ,201606,5.1
NJ,201607,5.5
NJ,201608,5.2
NJ,201609,4.9
NJ,201610,4.6
NJ,201611,4.3
NJ,201612,4.3
NJ,201613,4.9
NJ,201701,5.0
NJ,201702,5.0
NJ,201703,4.5
NJ,201704,4.1
NJ,201705,4.4
NJ,201706,4.5
NJ,201707,5.0
NJ,201708,4.8
NJ,201709,4.5
NJ,201710,4.2
NJ,201711,4.2
NJ,201712,4.0
NJ,201713,4.5
NJ,201801,4.8
NJ,201802,4.9
NJ,201803,4.5
NJ,201804,3.9
NJ,201805,3.8
NJ,201806,4.3
NJ,201807,4.5
NJ,201808,4.0
NJ,201809,3.6
NJ,201810,3.3
NJ,201811,3.1
NJ,201812,3.4
NJ,201813,4.0
NJ,201901,4.2
NJ,201902,4.0
NJ,201903,3.5
NJ,201904,2.8
NJ,201905,3.0
NJ,201906,3.2
NJ,201907,3.8
NJ,201908,3.6
NJ,201909,3.3
NJ,201910,3.3
NJ,201911,3.4
NJ,201912,3.6
NJ,201913,3.5
NJ,202001,4.4
NJ,202002,4.3
NJ,202003,5.0
NJ,202004,14.4
NJ,202005,15.6
NJ,202006,14.6
NJ,202007,14.9
NJ,202008,13.0
NJ,202009,7.3
NJ,202010,6.6
NJ,202011,6.9
NJ,202012,6.9
NJ,202013,9.5
NJ,202101,7.8
NJ,202102,7.8
NJ,202103,7.5
NJ,202104,6.9
NJ,202105,6.8
NJ,202106,7.5
NJ,202107,7.4
NJ,202108,6.9
NJ,202109,6.1
NJ,202110,5.5
NJ,202111,5.2
NJ,202112,5.1
NJ,202113,6.7
NJ,202201,5.7
NJ,202202,5.1
NJ,202203,4.5
NJ,202204,3.8
NJ,202205,3.6
NJ,202206,3.7
NJ,202207,3.8
NJ,202208,3.3
NJ,202209,2.9
NJ,202210,3.1
NJ,202211,3.3
NJ,202212,3.4
NJ,202213,3.9
NJ,202301,4.2
NJ,202302,4.4
NJ,202303,4.1
NJ,202304,3.6
NJ,202305,4.2
NJ,202306,4.5
NJ,202307,4.7
NJ,202308,4.7
NJ,202309,4.3
NJ,202310,4.2
NJ,202311,4.0
NJ,202312,4.1
NJ,202313,4.3
NJ,202401,4.7
NJ,202402,4.9
NJ,202403,4.6
NJ,202404,4.0
NJ,202405,4.3
NJ,202406,4.7
NJ,202407,5.3
NJ,202408,5.0
NJ,202409,4.2
NJ,202410,4.2
NJ,202411,4.3
NJ,202412,4.2
NJ,202413,4.5
NJ,202501,4.9
NJ,202502,5.0
NJ,202503,5.0
NM,197601,9.2
NM,197602,8.7
NM,197603,8.4
NM,197604,7.9
NM,197605,7.6
NM,197606,10.2
NM,197607,9.2
NM,197608,8.9
NM,197609,8.9
NM,197610,8.9
NM,197611,8.5
NM,197612,8.2
NM,197613,8.7
NM,197701,9.6
NM,197702,9.1
NM,197703,8.7
NM,197704,7.3
NM,197705,7.0
NM,197706,9.3
NM,197707,8.3
NM,197708,7.4
NM,197709,7.1
NM,197710,6.7
NM,197711,6.4
NM,197712,5.8
NM,197713,7.7
NM,197801,6.5
NM,197802,6.2
NM,197803,5.8
NM,197804,5.4
NM,197805,5.5
NM,197806,7.3
NM,197807,7.1
NM,197808,6.2
NM,197809,6.2
NM,197810,6.0
NM,197811,5.9
NM,197812,5.8
NM,197813,6.2
NM,197901,6.7
NM,197902,6.5
NM,197903,6.5
NM,197904,6.1
NM,197905,5.8
NM,197906,7.7
NM,197907,7.3
NM,197908,7.0
NM,197909,6.8
NM,197910,6.7
NM,197911,6.3
NM,197912,6.0
NM,197913,6.6
NM,198001,7.3
NM,198002,6.7
NM,198003,6.9
NM,198004,7.1
NM,198005,7.2
NM,198006,9.0
NM,198007,8.4
NM,198008,7.9
NM,198009,7.7
NM,198010,7.7
NM,198011,7.6
NM,198012,7.1
NM,198013,7.6
NM,198101,8.5
NM,198102,7.6
NM,198103,7.5
NM,198104,6.5
NM,198105,6.7
NM,198106,8.3
NM,198107,7.6
NM,198108,6.9
NM,198109,6.6
NM,198110,6.7
NM,198111,6.8
NM,198112,7.0
NM,198113,7.2
NM,198201,8.1
NM,198202,7.8
NM,198203,8.2
NM,198204,8.2
NM,198205,8.6
NM,198206,10.1
NM,198207,9.8
NM,198208,9.4
NM,198209,9.4
NM,198210,9.5
NM,198211,9.4
NM,198212,9.6
NM,198213,9.0
NM,198301,11.0
NM,198302,10.7
NM,198303,10.5
NM,198304,10.0
NM,198305,10.2
NM,198306,11.3
NM,198307,10.2
NM,198308,9.5
NM,198309,9.3
NM,198310,8.8
NM,198311,8.3
NM,198312,7.7
NM,198313,9.8
NM,198401,8.5
NM,198402,7.8
NM,198403,7.7
NM,198404,7.1
NM,198405,7.0
NM,198406,8.3
NM,198407,8.3
NM,198408,7.7
NM,198409,7.6
NM,198410,7.4
NM,198411,7.4
NM,198412,7.4
NM,198413,7.7
NM,198501,8.7
NM,198502,8.2
NM,198503,8.4
NM,198504,8.5
NM,198505,8.5
NM,198506,9.8
NM,198507,9.6
NM,198508,8.6
NM,198509,8.5
NM,198510,8.6
NM,198511,8.2
NM,198512,8.3
NM,198513,8.6
NM,198601,8.9
NM,198602,9.1
NM,198603,9.1
NM,198604,8.8
NM,198605,9.0
NM,198606,10.2
NM,198607,9.8
NM,198608,9.2
NM,198609,9.3
NM,198610,9.2
NM,198611,9.2
NM,198612,8.8
NM,198613,9.2
NM,198701,9.8
NM,198702,9.5
NM,198703,9.2
NM,198704,8.8
NM,198705,9.0
NM,198706,9.8
NM,198707,9.3
NM,198708,8.8
NM,198709,8.6
NM,198710,8.5
NM,198711,8.5
NM,198712,7.8
NM,198713,9.0
NM,198801,8.6
NM,198802,8.2
NM,198803,8.3
NM,198804,7.8
NM,198805,8.0
NM,198806,8.4
NM,198807,8.1
NM,198808,7.5
NM,198809,7.0
NM,198810,6.7
NM,198811,6.4
NM,198812,6.2
NM,198813,7.6
NM,198901,7.3
NM,198902,6.4
NM,198903,6.3
NM,198904,6.3
NM,198905,6.5
NM,198906,7.7
NM,198907,7.3
NM,198908,6.8
NM,198909,6.8
NM,198910,6.7
NM,198911,6.7
NM,198912,6.1
NM,198913,6.7
NM,199001,7.1
NM,199002,6.6
NM,199003,6.4
NM,199004,6.4
NM,199005,6.3
NM,199006,7.1
NM,199007,7.0
NM,199008,6.6
NM,199009,6.5
NM,199010,6.3
NM,199011,6.7
NM,199012,6.8
NM,199013,6.7
NM,199101,7.7
NM,199102,7.5
NM,199103,7.6
NM,199104,7.3
NM,199105,7.4
NM,199106,8.2
NM,199107,7.7
NM,199108,7.0
NM,199109,6.8
NM,199110,6.6
NM,199111,6.6
NM,199112,6.7
NM,199113,7.3
NM,199201,7.8
NM,199202,7.8
NM,199203,7.4
NM,199204,7.0
NM,199205,7.2
NM,199206,8.3
NM,199207,7.9
NM,199208,7.2
NM,199209,7.1
NM,199210,6.6
NM,199211,6.9
NM,199212,6.7
NM,199213,7.3
NM,199301,7.8
NM,199302,7.6
NM,199303,7.5
NM,199304,7.2
NM,199305,7.4
NM,199306,8.4
NM,199307,8.0
NM,199308,7.3
NM,199309,6.9
NM,199310,6.8
NM,199311,6.7
NM,199312,6.2
NM,199313,7.3
NM,199401,7.2
NM,199402,6.6
NM,199403,6.5
NM,199404,6.3
NM,199405,6.2
NM,199406,7.1
NM,199407,7.1
NM,199408,6.6
NM,199409,6.4
NM,199410,6.2
NM,199411,6.1
NM,199412,5.9
NM,199413,6.5
NM,199501,6.8
NM,199502,6.2
NM,199503,6.3
NM,199504,6.2
NM,199505,6.0
NM,199506,7.1
NM,199507,7.2
NM,199508,6.8
NM,199509,6.7
NM,199510,6.6
NM,199511,6.8
NM,199512,6.7
NM,199513,6.6
NM,199601,8.0
NM,199602,7.5
NM,199603,7.6
NM,199604,7.6
NM,199605,7.7
NM,199606,8.0
NM,199607,8.4
NM,199608,7.6
NM,199609,7.3
NM,199610,7.0
NM,199611,7.1
NM,199612,6.8
NM,199613,7.6
NM,199701,7.3
NM,199702,7.1
NM,199703,7.0
NM,199704,6.5
NM,199705,6.3
NM,199706,7.2
NM,199707,6.7
NM,199708,6.1
NM,199709,5.9
NM,199710,5.6
NM,199711,5.6
NM,199712,5.7
NM,199713,6.4
NM,199801,6.5
NM,199802,6.4
NM,199803,6.5
NM,199804,5.8
NM,199805,6.1
NM,199806,7.2
NM,199807,6.9
NM,199808,6.4
NM,199809,6.2
NM,199810,6.0
NM,199811,5.7
NM,199812,5.4
NM,199813,6.2
NM,199901,6.1
NM,199902,5.9
NM,199903,5.6
NM,199904,5.5
NM,199905,5.3
NM,199906,6.4
NM,199907,6.2
NM,199908,5.7
NM,199909,5.6
NM,199910,5.2
NM,199911,5.1
NM,199912,4.6
NM,199913,5.6
NM,200001,5.2
NM,200002,5.2
NM,200003,5.1
NM,200004,4.7
NM,200005,5.0
NM,200006,5.7
NM,200007,5.5
NM,200008,5.1
NM,200009,4.8
NM,200010,4.7
NM,200011,4.7
NM,200012,4.4
NM,200013,5.0
NM,200101,5.3
NM,200102,5.0
NM,200103,4.9
NM,200104,4.7
NM,200105,4.5
NM,200106,5.4
NM,200107,5.2
NM,200108,4.9
NM,200109,4.8
NM,200110,4.9
NM,200111,4.9
NM,200112,4.8
NM,200113,5.0
NM,200201,5.7
NM,200202,5.4
NM,200203,5.3
NM,200204,5.2
NM,200205,5.2
NM,200206,6.3
NM,200207,6.3
NM,200208,5.6
NM,200209,5.2
NM,200210,5.1
NM,200211,5.3
NM,200212,5.3
NM,200213,5.5
NM,200301,5.8
NM,200302,5.7
NM,200303,5.7
NM,200304,5.6
NM,200305,5.6
NM,200306,6.8
NM,200307,6.7
NM,200308,6.2
NM,200309,6.0
NM,200310,5.8
NM,200311,5.8
NM,200312,5.3
NM,200313,5.9
NM,200401,6.1
NM,200402,5.8
NM,200403,5.8
NM,200404,5.5
NM,200405,5.4
NM,200406,6.3
NM,200407,6.1
NM,200408,5.4
NM,200409,5.3
NM,200410,5.2
NM,200411,5.2
NM,200412,5.2
NM,200413,5.6
NM,200501,5.7
NM,200502,5.8
NM,200503,5.5
NM,200504,5.2
NM,200505,5.2
NM,200506,6.0
NM,200507,5.8
NM,200508,5.0
NM,200509,4.9
NM,200510,4.6
NM,200511,4.6
NM,200512,4.2
NM,200513,5.2
NM,200601,4.7
NM,200602,4.6
NM,200603,4.1
NM,200604,4.2
NM,200605,4.1
NM,200606,4.9
NM,200607,5.1
NM,200608,4.3
NM,200609,3.9
NM,200610,3.7
NM,200611,3.7
NM,200612,3.3
NM,200613,4.2
NM,200701,3.9
NM,200702,3.7
NM,200703,3.5
NM,200704,3.4
NM,200705,3.3
NM,200706,4.0
NM,200707,4.3
NM,200708,3.6
NM,200709,3.3
NM,200710,3.1
NM,200711,3.2
NM,200712,3.3
NM,200713,3.6
NM,200801,3.8
NM,200802,3.7
NM,200803,3.8
NM,200804,3.5
NM,200805,3.9
NM,200806,4.8
NM,200807,5.1
NM,200808,4.7
NM,200809,4.5
NM,200810,4.6
NM,200811,4.9
NM,200812,5.2
NM,200813,4.4
NM,200901,6.1
NM,200902,6.3
NM,200903,6.3
NM,200904,6.1
NM,200905,6.6
NM,200906,7.7
NM,200907,8.0
NM,200908,7.5
NM,200909,7.5
NM,200910,7.5
NM,200911,7.5
NM,200912,7.5
NM,200913,7.1
NM,201001,8.4
NM,201002,8.2
NM,201003,7.9
NM,201004,7.5
NM,201005,7.5
NM,201006,8.4
NM,201007,8.6
NM,201008,7.9
NM,201009,7.6
NM,201010,7.4
NM,201011,7.5
NM,201012,7.2
NM,201013,7.8
NM,201101,7.7
NM,201102,7.4
NM,201103,6.9
NM,201104,6.7
NM,201105,6.7
NM,201106,7.9
NM,201107,8.0
NM,201108,7.4
NM,201109,7.2
NM,201110,7.0
NM,201111,6.8
NM,201112,6.8
NM,201113,7.2
NM,201201,7.3
NM,201202,7.2
NM,201203,6.7
NM,201204,6.4
NM,201205,6.6
NM,201206,7.7
NM,201207,7.9
NM,201208,7.1
NM,201209,6.7
NM,201210,6.6
NM,201211,6.5
NM,201212,6.6
NM,201213,6.9
NM,201301,7.4
NM,201302,7.0
NM,201303,6.6
NM,201304,6.4
NM,201305,6.6
NM,201306,7.7
NM,201307,7.7
NM,201308,6.9
NM,201309,6.7
NM,201310,6.7
NM,201311,6.5
NM,201312,6.4
NM,201313,6.9
NM,201401,6.9
NM,201402,6.9
NM,201403,6.6
NM,201404,5.9
NM,201405,6.3
NM,201406,7.2
NM,201407,7.5
NM,201408,6.8
NM,201409,6.3
NM,201410,6.1
NM,201411,6.2
NM,201412,5.9
NM,201413,6.6
NM,201501,6.7
NM,201502,6.6
NM,201503,6.2
NM,201504,6.2
NM,201505,6.6
NM,201506,7.4
NM,201507,7.6
NM,201508,6.8
NM,201509,6.5
NM,201510,6.4
NM,201511,6.3
NM,201512,6.1
NM,201513,6.6
NM,201601,6.5
NM,201602,6.4
NM,201603,6.3
NM,201604,6.3
NM,201605,6.3
NM,201606,7.5
NM,201607,7.8
NM,201608,7.1
NM,201609,7.0
NM,201610,6.8
NM,201611,6.6
NM,201612,6.5
NM,201613,6.8
NM,201701,7.1
NM,201702,6.9
NM,201703,6.3
NM,201704,6.1
NM,201705,5.9
NM,201706,6.7
NM,201707,7.0
NM,201708,6.2
NM,201709,5.6
NM,201710,5.3
NM,201711,5.3
NM,201712,5.0
NM,201713,6.1
NM,201801,5.5
NM,201802,5.2
NM,201803,4.7
NM,201804,4.4
NM,201805,4.3
NM,201806,5.6
NM,201807,5.6
NM,201808,5.0
NM,201809,4.7
NM,201810,4.7
NM,201811,4.8
NM,201812,4.9
NM,201813,4.9
NM,201901,5.6
NM,201902,5.1
NM,201903,4.7
NM,201904,4.6
NM,201905,4.7
NM,201906,5.7
NM,201907,6.0
NM,201908,5.0
NM,201909,4.6
NM,201910,4.6
NM,201911,4.7
NM,201912,4.6
NM,201913,5.0
NM,202001,5.3
NM,202002,5.1
NM,202003,6.3
NM,202004,8.4
NM,202005,9.3
NM,202006,9.6
NM,202007,10.1
NM,202008,8.5
NM,202009,8.7
NM,202010,7.8
NM,202011,7.9
NM,202012,8.1
NM,202013,7.9
NM,202101,8.5
NM,202102,8.2
NM,202103,7.7
NM,202104,7.6
NM,202105,7.2
NM,202106,8.4
NM,202107,8.0
NM,202108,6.9
NM,202109,6.0
NM,202110,5.7
NM,202111,5.6
NM,202112,5.1
NM,202113,7.1
NM,202201,5.6
NM,202202,5.0
NM,202203,4.4
NM,202204,4.1
NM,202205,3.9
NM,202206,4.7
NM,202207,4.4
NM,202208,3.7
NM,202209,3.4
NM,202210,3.3
NM,202211,3.3
NM,202212,3.1
NM,202213,4.1
NM,202301,3.8
NM,202302,3.7
NM,202303,3.2
NM,202304,3.1
NM,202305,3.4
NM,202306,4.3
NM,202307,4.5
NM,202308,3.9
NM,202309,3.6
NM,202310,3.6
NM,202311,3.5
NM,202312,3.4
NM,202313,3.7
NM,202401,3.8
NM,202402,3.8
NM,202403,3.5
NM,202404,3.5
NM,202405,3.8
NM,202406,4.9
NM,202407,5.3
NM,202408,4.5
NM,202409,4.1
NM,202410,4.2
NM,202411,4.2
NM,202412,3.9
NM,202413,4.1
NM,202501,4.6
NM,202502,4.3
NM,202503,3.8
NY,197601,11.3
NY,197602,11.2
NY,197603,10.5
NY,197604,9.9
NY,197605,8.9
NY,197606,10.1
NY,197607,10.5
NY,197608,10.1
NY,197609,10.1
NY,197610,9.9
NY,197611,10.2
NY,197612,9.9
NY,197613,10.2
NY,197701,10.7
NY,197702,11.0
NY,197703,10.2
NY,197704,9.1
NY,197705,8.6
NY,197706,9.1
NY,197707,8.8
NY,197708,8.5
NY,197709,8.8
NY,197710,8.5
NY,197711,8.8
NY,197712,7.9
NY,197713,9.2
NY,197801,8.9
NY,197802,8.6
NY,197803,8.3
NY,197804,7.6
NY,197805,7.4
NY,197806,7.4
NY,197807,7.9
NY,197808,7.3
NY,197809,7.6
NY,197810,7.2
NY,197811,7.1
NY,197812,7.0
NY,197813,7.7
NY,197901,7.7
NY,197902,7.6
NY,197903,7.4
NY,197904,6.8
NY,197905,6.4
NY,197906,6.8
NY,197907,7.0
NY,197908,7.2
NY,197909,7.1
NY,197910,7.1
NY,197911,6.9
NY,197912,6.8
NY,197913,7.1
NY,198001,7.9
NY,198002,7.7
NY,198003,7.3
NY,198004,7.2
NY,198005,7.5
NY,198006,7.4
NY,198007,7.9
NY,198008,7.4
NY,198009,7.2
NY,198010,7.2
NY,198011,7.3
NY,198012,7.1
NY,198013,7.4
NY,198101,8.4
NY,198102,8.3
NY,198103,8.0
NY,198104,7.3
NY,198105,7.4
NY,198106,7.5
NY,198107,7.4
NY,198108,7.1
NY,198109,7.1
NY,198110,7.2
NY,198111,7.6
NY,198112,7.9
NY,198113,7.6
NY,198201,8.9
NY,198202,8.9
NY,198203,8.7
NY,198204,8.3
NY,198205,8.2
NY,198206,8.3
NY,198207,8.6
NY,198208,8.3
NY,198209,8.6
NY,198210,8.9
NY,198211,9.4
NY,198212,9.4
NY,198213,8.7
NY,198301,10.3
NY,198302,10.3
NY,198303,10.0
NY,198304,9.3
NY,198305,9.1
NY,198306,9.2
NY,198307,8.8
NY,198308,8.6
NY,198309,8.3
NY,198310,7.9
NY,198311,7.8
NY,198312,7.6
NY,198313,8.9
NY,198401,8.4
NY,198402,8.2
NY,198403,7.7
NY,198404,7.1
NY,198405,6.9
NY,198406,7.0
NY,198407,7.5
NY,198408,7.3
NY,198409,7.0
NY,198410,6.9
NY,198411,6.6
NY,198412,6.6
NY,198413,7.3
NY,198501,7.6
NY,198502,7.4
NY,198503,7.1
NY,198504,6.7
NY,198505,6.6
NY,198506,6.6
NY,198507,6.6
NY,198508,6.1
NY,198509,6.3
NY,198510,6.3
NY,198511,6.2
NY,198512,6.2
NY,198513,6.6
NY,198601,6.8
NY,198602,7.3
NY,198603,7.0
NY,198604,6.6
NY,198605,6.5
NY,198606,6.3
NY,198607,6.3
NY,198608,5.8
NY,198609,5.8
NY,198610,5.6
NY,198611,5.4
NY,198612,5.1
NY,198613,6.2
NY,198701,6.0
NY,198702,5.7
NY,198703,5.4
NY,198704,4.7
NY,198705,4.6
NY,198706,4.5
NY,198707,4.7
NY,198708,4.4
NY,198709,4.4
NY,198710,4.5
NY,198711,4.5
NY,198712,4.2
NY,198713,4.8
NY,198801,4.9
NY,198802,4.6
NY,198803,4.3
NY,198804,3.7
NY,198805,3.9
NY,198806,3.8
NY,198807,4.2
NY,198808,4.1
NY,198809,4.2
NY,198810,4.2
NY,198811,4.3
NY,198812,4.3
NY,198813,4.2
NY,198901,5.3
NY,198902,5.1
NY,198903,4.6
NY,198904,4.7
NY,198905,4.6
NY,198906,4.7
NY,198907,4.8
NY,198908,4.6
NY,198909,4.8
NY,198910,4.8
NY,198911,5.1
NY,198912,5.0
NY,198913,4.9
NY,199001,5.8
NY,199002,5.7
NY,199003,5.3
NY,199004,5.0
NY,199005,4.9
NY,199006,4.7
NY,199007,5.1
NY,199008,5.0
NY,199009,5.3
NY,199010,5.4
NY,199011,5.7
NY,199012,5.8
NY,199013,5.3
NY,199101,7.1
NY,199102,7.4
NY,199103,7.5
NY,199104,7.1
NY,199105,7.4
NY,199106,7.2
NY,199107,7.3
NY,199108,7.2
NY,199109,7.2
NY,199110,7.2
NY,199111,7.4
NY,199112,7.9
NY,199113,7.3
NY,199201,9.1
NY,199202,9.4
NY,199203,8.9
NY,199204,8.3
NY,199205,8.6
NY,199206,8.9
NY,199207,9.0
NY,199208,8.7
NY,199209,8.7
NY,199210,8.3
NY,199211,8.4
NY,199212,8.4
NY,199213,8.7
NY,199301,9.3
NY,199302,9.1
NY,199303,8.3
NY,199304,7.8
NY,199305,7.8
NY,199306,7.9
NY,199307,7.9
NY,199308,7.6
NY,199309,7.5
NY,199310,7.6
NY,199311,7.4
NY,199312,7.4
NY,199313,8.0
NY,199401,8.4
NY,199402,8.3
NY,199403,7.9
NY,199404,7.3
NY,199405,6.7
NY,199406,6.8
NY,199407,7.0
NY,199408,6.6
NY,199409,6.3
NY,199410,6.2
NY,199411,6.0
NY,199412,5.7
NY,199413,6.9
NY,199501,6.9
NY,199502,6.7
NY,199503,6.5
NY,199504,6.4
NY,199505,6.2
NY,199506,6.1
NY,199507,6.5
NY,199508,6.4
NY,199509,6.3
NY,199510,6.0
NY,199511,6.0
NY,199512,6.0
NY,199513,6.3
NY,199601,7.0
NY,199602,6.8
NY,199603,6.8
NY,199604,6.4
NY,199605,6.3
NY,199606,6.0
NY,199607,6.4
NY,199608,5.8
NY,199609,5.7
NY,199610,5.7
NY,199611,6.0
NY,199612,6.1
NY,199613,6.2
NY,199701,7.2
NY,199702,7.2
NY,199703,7.0
NY,199704,6.5
NY,199705,6.3
NY,199706,6.4
NY,199707,6.6
NY,199708,6.3
NY,199709,6.2
NY,199710,5.9
NY,199711,5.7
NY,199712,5.7
NY,199713,6.4
NY,199801,6.7
NY,199802,6.6
NY,199803,6.4
NY,199804,5.4
NY,199805,5.3
NY,199806,5.3
NY,199807,5.6
NY,199808,5.2
NY,199809,5.3
NY,199810,5.2
NY,199811,5.1
NY,199812,5.1
NY,199813,5.6
NY,199901,5.8
NY,199902,6.0
NY,199903,5.5
NY,199904,5.2
NY,199905,4.9
NY,199906,5.2
NY,199907,5.4
NY,199908,5.0
NY,199909,5.1
NY,199910,4.8
NY,199911,4.7
NY,199912,4.5
NY,199913,5.2
NY,200001,5.3
NY,200002,5.2
NY,200003,5.0
NY,200004,4.3
NY,200005,4.3
NY,200006,4.3
NY,200007,4.5
NY,200008,4.5
NY,200009,4.3
NY,200010,4.1
NY,200011,4.2
NY,200012,4.1
NY,200013,4.5
NY,200101,4.8
NY,200102,4.8
NY,200103,4.5
NY,200104,4.2
NY,200105,4.1
NY,200106,4.4
NY,200107,4.7
NY,200108,5.0
NY,200109,5.0
NY,200110,5.3
NY,200111,5.7
NY,200112,6.0
NY,200113,4.9
NY,200201,6.8
NY,200202,6.8
NY,200203,6.6
NY,200204,6.2
NY,200205,5.9
NY,200206,6.0
NY,200207,6.2
NY,200208,5.9
NY,200209,5.7
NY,200210,5.8
NY,200211,6.2
NY,200212,6.2
NY,200213,6.2
NY,200301,7.0
NY,200302,6.9
NY,200303,6.5
NY,200304,6.2
NY,200305,6.1
NY,200306,6.5
NY,200307,6.5
NY,200308,6.3
NY,200309,6.3
NY,200310,6.1
NY,200311,6.3
NY,200312,6.1
NY,200313,6.4
NY,200401,7.0
NY,200402,6.8
NY,200403,6.7
NY,200404,5.9
NY,200405,5.6
NY,200406,5.9
NY,200407,5.9
NY,200408,5.5
NY,200409,5.3
NY,200410,5.1
NY,200411,5.1
NY,200412,5.3
NY,200413,5.8
NY,200501,5.6
NY,200502,5.7
NY,200503,5.0
NY,200504,4.8
NY,200505,4.7
NY,200506,4.8
NY,200507,5.1
NY,200508,4.7
NY,200509,4.9
NY,200510,4.6
NY,200511,4.9
NY,200512,4.7
NY,200513,5.0
NY,200601,5.0
NY,200602,5.3
NY,200603,4.9
NY,200604,4.5
NY,200605,4.3
NY,200606,4.4
NY,200607,4.9
NY,200608,4.4
NY,200609,4.1
NY,200610,3.8
NY,200611,4.0
NY,200612,3.9
NY,200613,4.5
NY,200701,4.8
NY,200702,4.7
NY,200703,4.2
NY,200704,4.0
NY,200705,4.0
NY,200706,4.3
NY,200707,4.8
NY,200708,4.5
NY,200709,4.3
NY,200710,4.3
NY,200711,4.3
NY,200712,4.7
NY,200713,4.4
NY,200801,5.3
NY,200802,5.2
NY,200803,5.0
NY,200804,4.5
NY,200805,4.8
NY,200806,5.1
NY,200807,5.4
NY,200808,5.6
NY,200809,5.5
NY,200810,5.5
NY,200811,5.9
NY,200812,6.5
NY,200813,5.4
NY,200901,7.7
NY,200902,8.3
NY,200903,8.2
NY,200904,7.9
NY,200905,8.1
NY,200906,8.6
NY,200907,8.7
NY,200908,8.7
NY,200909,8.6
NY,200910,8.7
NY,200911,8.6
NY,200912,8.9
NY,200913,8.4
NY,201001,9.6
NY,201002,9.6
NY,201003,9.2
NY,201004,8.6
NY,201005,8.4
NY,201006,8.6
NY,201007,8.8
NY,201008,8.7
NY,201009,8.4
NY,201010,8.3
NY,201011,8.4
NY,201012,8.3
NY,201013,8.7
NY,201101,9.0
NY,201102,8.8
NY,201103,8.3
NY,201104,7.9
NY,201105,7.9
NY,201106,8.3
NY,201107,8.5
NY,201108,8.5
NY,201109,8.3
NY,201110,8.3
NY,201111,8.2
NY,201112,8.4
NY,201113,8.4
NY,201201,9.2
NY,201202,9.3
NY,201203,8.9
NY,201204,8.3
NY,201205,8.5
NY,201206,8.8
NY,201207,9.2
NY,201208,8.8
NY,201209,8.2
NY,201210,8.2
NY,201211,8.0
NY,201212,8.3
NY,201213,8.6
NY,201301,9.2
NY,201302,8.8
NY,201303,8.1
NY,201304,7.5
NY,201305,7.7
NY,201306,8.0
NY,201307,8.1
NY,201308,7.9
NY,201309,7.5
NY,201310,7.5
NY,201311,7.0
NY,201312,6.8
NY,201313,7.8
NY,201401,7.3
NY,201402,7.5
NY,201403,7.0
NY,201404,6.0
NY,201405,6.2
NY,201406,6.2
NY,201407,6.5
NY,201408,6.3
NY,201409,5.7
NY,201410,5.6
NY,201411,5.6
NY,201412,5.5
NY,201413,6.3
NY,201501,6.2
NY,201502,6.1
NY,201503,5.6
NY,201504,5.2
NY,201505,5.2
NY,201506,5.2
NY,201507,5.4
NY,201508,5.1
NY,201509,4.7
NY,201510,4.6
NY,201511,4.7
NY,201512,4.7
NY,201513,5.2
NY,201601,5.2
NY,201602,5.2
NY,201603,5.0
NY,201604,4.6
NY,201605,4.4
NY,201606,4.8
NY,201607,5.2
NY,201608,5.1
NY,201609,4.9
NY,201610,4.9
NY,201611,4.6
NY,201612,4.6
NY,201613,4.9
NY,201701,5.1
NY,201702,5.2
NY,201703,4.6
NY,201704,4.4
NY,201705,4.4
NY,201706,4.6
NY,201707,4.9
NY,201708,4.9
NY,201709,4.5
NY,201710,4.4
NY,201711,4.3
NY,201712,4.4
NY,201713,4.6
NY,201801,4.9
NY,201802,4.9
NY,201803,4.5
NY,201804,4.0
NY,201805,3.6
NY,201806,4.1
NY,201807,4.2
NY,201808,4.1
NY,201809,3.6
NY,201810,3.6
NY,201811,3.6
NY,201812,3.9
NY,201813,4.1
NY,201901,4.5
NY,201902,4.4
NY,201903,4.1
NY,201904,3.5
NY,201905,3.6
NY,201906,3.7
NY,201907,4.1
NY,201908,4.1
NY,201909,3.6
NY,201910,3.7
NY,201911,3.6
NY,201912,3.7
NY,201913,3.9
NY,202001,4.3
NY,202002,4.3
NY,202003,5.2
NY,202004,15.2
NY,202005,16.7
NY,202006,13.4
NY,202007,13.0
NY,202008,10.8
NY,202009,10.0
NY,202010,8.8
NY,202011,8.3
NY,202012,8.4
NY,202013,9.8
NY,202101,9.1
NY,202102,9.0
NY,202103,8.4
NY,202104,7.8
NY,202105,7.1
NY,202106,7.6
NY,202107,7.4
NY,202108,7.0
NY,202109,6.0
NY,202110,5.6
NY,202111,5.2
NY,202112,5.0
NY,202113,7.1
NY,202201,5.6
NY,202202,5.4
NY,202203,4.8
NY,202204,4.2
NY,202205,4.0
NY,202206,4.2
NY,202207,4.4
NY,202208,4.3
NY,202209,3.6
NY,202210,3.7
NY,202211,3.8
NY,202212,3.8
NY,202213,4.3
NY,202301,4.4
NY,202302,4.5
NY,202303,4.1
NY,202304,3.5
NY,202305,3.8
NY,202306,4.0
NY,202307,4.1
NY,202308,4.4
NY,202309,3.9
NY,202310,4.1
NY,202311,3.9
NY,202312,4.0
NY,202313,4.1
NY,202401,4.4
NY,202402,4.6
NY,202403,4.3
NY,202404,3.9
NY,202405,4.0
NY,202406,4.3
NY,202407,4.8
NY,202408,4.8
NY,202409,4.0
NY,202410,4.2
NY,202411,4.2
NY,202412,4.2
NY,202413,4.3
NY,202501,4.6
NY,202502,4.3
NY,202503,4.1
NC,197601,7.6
NC,197602,7.5
NC,197603,6.7
NC,197604,5.9
NC,197605,5.6
NC,197606,6.4
NC,197607,6.2
NC,197608,5.6
NC,197609,5.5
NC,197610,5.8
NC,197611,6.3
NC,197612,6.0
NC,197613,6.2
NC,197701,7.0
NC,197702,7.0
NC,197703,6.5
NC,197704,5.6
NC,197705,5.5
NC,197706,6.6
NC,197707,6.1
NC,197708,5.7
NC,197709,5.3
NC,197710,5.2
NC,197711,5.6
NC,197712,4.7
NC,197713,5.9
NC,197801,5.9
NC,197802,5.3
NC,197803,4.7
NC,197804,4.1
NC,197805,4.4
NC,197806,4.9
NC,197807,4.9
NC,197808,4.2
NC,197809,3.9
NC,197810,4.0
NC,197811,4.4
NC,197812,4.2
NC,197813,4.6
NC,197901,4.9
NC,197902,5.2
NC,197903,5.0
NC,197904,4.5
NC,197905,4.6
NC,197906,5.1
NC,197907,5.0
NC,197908,4.8
NC,197909,4.6
NC,197910,4.8
NC,197911,4.9
NC,197912,4.7
NC,197913,4.8
NC,198001,5.7
NC,198002,5.9
NC,198003,5.7
NC,198004,5.6
NC,198005,6.4
NC,198006,7.3
NC,198007,7.8
NC,198008,6.9
NC,198009,6.2
NC,198010,6.3
NC,198011,6.4
NC,198012,5.9
NC,198013,6.4
NC,198101,7.0
NC,198102,7.0
NC,198103,6.4
NC,198104,5.7
NC,198105,5.9
NC,198106,6.3
NC,198107,5.6
NC,198108,5.4
NC,198109,5.1
NC,198110,7.0
NC,198111,7.8
NC,198112,8.2
NC,198113,6.5
NC,198201,9.4
NC,198202,9.5
NC,198203,9.3
NC,198204,8.6
NC,198205,8.9
NC,198206,9.5
NC,198207,9.7
NC,198208,9.0
NC,198209,8.7
NC,198210,9.4
NC,198211,10.0
NC,198212,9.6
NC,198213,9.3
NC,198301,10.6
NC,198302,10.8
NC,198303,10.1
NC,198304,9.4
NC,198305,9.3
NC,198306,9.6
NC,198307,8.7
NC,198308,8.4
NC,198309,8.0
NC,198310,8.1
NC,198311,8.0
NC,198312,7.4
NC,198313,9.0
NC,198401,7.9
NC,198402,7.4
NC,198403,6.9
NC,198404,6.5
NC,198405,6.3
NC,198406,6.7
NC,198407,6.5
NC,198408,6.3
NC,198409,6.1
NC,198410,6.4
NC,198411,6.3
NC,198412,6.1
NC,198413,6.6
NC,198501,7.0
NC,198502,6.7
NC,198503,6.1
NC,198504,5.6
NC,198505,5.8
NC,198506,6.1
NC,198507,5.9
NC,198508,5.3
NC,198509,4.8
NC,198510,4.9
NC,198511,5.0
NC,198512,4.7
NC,198513,5.7
NC,198601,5.3
NC,198602,5.9
NC,198603,5.5
NC,198604,5.2
NC,198605,5.4
NC,198606,5.7
NC,198607,5.6
NC,198608,5.1
NC,198609,5.0
NC,198610,5.1
NC,198611,5.3
NC,198612,4.8
NC,198613,5.3
NC,198701,5.6
NC,198702,5.5
NC,198703,5.1
NC,198704,4.5
NC,198705,4.6
NC,198706,4.8
NC,198707,4.5
NC,198708,4.2
NC,198709,3.9
NC,198710,4.0
NC,198711,4.1
NC,198712,3.8
NC,198713,4.5
NC,198801,4.8
NC,198802,4.4
NC,198803,3.8
NC,198804,3.3
NC,198805,3.6
NC,198806,3.7
NC,198807,3.7
NC,198808,3.5
NC,198809,3.2
NC,198810,3.4
NC,198811,3.6
NC,198812,3.3
NC,198813,3.7
NC,198901,4.2
NC,198902,3.9
NC,198903,3.5
NC,198904,3.5
NC,198905,3.6
NC,198906,3.9
NC,198907,3.7
NC,198908,3.5
NC,198909,3.3
NC,198910,3.2
NC,198911,3.4
NC,198912,3.2
NC,198913,3.6
NC,199001,4.1
NC,199002,4.0
NC,199003,3.6
NC,199004,3.5
NC,199005,3.8
NC,199006,4.0
NC,199007,4.2
NC,199008,4.0
NC,199009,3.9
NC,199010,4.5
NC,199011,4.9
NC,199012,4.9
NC,199013,4.1
NC,199101,6.2
NC,199102,6.4
NC,199103,6.2
NC,199104,5.7
NC,199105,6.0
NC,199106,6.2
NC,199107,6.2
NC,199108,5.7
NC,199109,5.3
NC,199110,5.4
NC,199111,5.9
NC,199112,5.9
NC,199113,5.9
NC,199201,7.0
NC,199202,7.1
NC,199203,6.6
NC,199204,5.9
NC,199205,6.3
NC,199206,6.7
NC,199207,6.5
NC,199208,6.2
NC,199209,5.8
NC,199210,5.6
NC,199211,5.9
NC,199212,5.5
NC,199213,6.3
NC,199301,6.3
NC,199302,6.1
NC,199303,5.6
NC,199304,5.3
NC,199305,5.3
NC,199306,5.5
NC,199307,5.2
NC,199308,4.8
NC,199309,4.3
NC,199310,4.5
NC,199311,4.4
NC,199312,4.1
NC,199313,5.1
NC,199401,5.2
NC,199402,5.1
NC,199403,4.7
NC,199404,4.2
NC,199405,4.4
NC,199406,4.7
NC,199407,4.7
NC,199408,4.5
NC,199409,4.0
NC,199410,4.1
NC,199411,4.0
NC,199412,3.7
NC,199413,4.4
NC,199501,4.6
NC,199502,4.5
NC,199503,4.2
NC,199504,4.1
NC,199505,4.3
NC,199506,4.7
NC,199507,4.9
NC,199508,4.5
NC,199509,4.1
NC,199510,4.1
NC,199511,4.3
NC,199512,4.2
NC,199513,4.4
NC,199601,5.4
NC,199602,4.9
NC,199603,4.6
NC,199604,4.4
NC,199605,4.5
NC,199606,4.5
NC,199607,4.6
NC,199608,4.1
NC,199609,3.8
NC,199610,3.8
NC,199611,4.0
NC,199612,3.7
NC,199613,4.4
NC,199701,4.5
NC,199702,4.5
NC,199703,4.1
NC,199704,3.5
NC,199705,3.8
NC,199706,4.1
NC,199707,4.1
NC,199708,3.8
NC,199709,3.4
NC,199710,3.4
NC,199711,3.5
NC,199712,3.4
NC,199713,3.8
NC,199801,4.2
NC,199802,4.2
NC,199803,4.0
NC,199804,3.3
NC,199805,3.4
NC,199806,3.7
NC,199807,3.7
NC,199808,3.6
NC,199809,3.1
NC,199810,3.2
NC,199811,3.2
NC,199812,2.9
NC,199813,3.5
NC,199901,3.6
NC,199902,3.6
NC,199903,3.2
NC,199904,2.9
NC,199905,3.1
NC,199906,3.4
NC,199907,3.6
NC,199908,3.3
NC,199909,3.1
NC,199910,3.2
NC,199911,3.3
NC,199912,3.1
NC,199913,3.3
NC,200001,3.8
NC,200002,3.9
NC,200003,3.6
NC,200004,3.2
NC,200005,3.5
NC,200006,3.8
NC,200007,3.9
NC,200008,4.1
NC,200009,3.6
NC,200010,3.8
NC,200011,4.0
NC,200012,3.8
NC,200013,3.8
NC,200101,4.8
NC,200102,5.0
NC,200103,5.0
NC,200104,4.7
NC,200105,5.0
NC,200106,5.4
NC,200107,5.6
NC,200108,5.8
NC,200109,5.4
NC,200110,5.9
NC,200111,6.5
NC,200112,6.6
NC,200113,5.5
NC,200201,7.4
NC,200202,7.1
NC,200203,6.9
NC,200204,6.6
NC,200205,6.4
NC,200206,6.7
NC,200207,6.6
NC,200208,6.3
NC,200209,5.8
NC,200210,5.9
NC,200211,6.4
NC,200212,6.3
NC,200213,6.5
NC,200301,6.8
NC,200302,6.7
NC,200303,6.3
NC,200304,6.2
NC,200305,6.2
NC,200306,6.8
NC,200307,6.7
NC,200308,6.4
NC,200309,5.8
NC,200310,5.8
NC,200311,5.9
NC,200312,5.5
NC,200313,6.3
NC,200401,6.2
NC,200402,6.0
NC,200403,5.9
NC,200404,5.3
NC,200405,5.4
NC,200406,5.8
NC,200407,5.5
NC,200408,5.3
NC,200409,4.8
NC,200410,5.0
NC,200411,5.3
NC,200412,5.2
NC,200413,5.5
NC,200501,5.6
NC,200502,5.8
NC,200503,5.3
NC,200504,5.0
NC,200505,5.2
NC,200506,5.5
NC,200507,5.6
NC,200508,5.2
NC,200509,4.8
NC,200510,4.8
NC,200511,5.0
NC,200512,4.6
NC,200513,5.2
NC,200601,4.9
NC,200602,5.0
NC,200603,4.6
NC,200604,4.4
NC,200605,4.6
NC,200606,4.9
NC,200607,5.2
NC,200608,4.9
NC,200609,4.5
NC,200610,4.4
NC,200611,4.7
NC,200612,4.5
NC,200613,4.7
NC,200701,5.0
NC,200702,4.9
NC,200703,4.5
NC,200704,4.4
NC,200705,4.6
NC,200706,4.9
NC,200707,5.0
NC,200708,4.8
NC,200709,4.5
NC,200710,4.6
NC,200711,4.7
NC,200712,4.8
NC,200713,4.7
NC,200801,5.3
NC,200802,5.2
NC,200803,5.1
NC,200804,4.7
NC,200805,5.3
NC,200806,5.6
NC,200807,5.9
NC,200808,5.8
NC,200809,5.3
NC,200810,5.5
NC,200811,7.9
NC,200812,9.0
NC,200813,5.9
NC,200901,10.6
NC,200902,11.2
NC,200903,11.2
NC,200904,10.8
NC,200905,11.0
NC,200906,11.2
NC,200907,11.1
NC,200908,10.8
NC,200909,10.3
NC,200910,10.4
NC,200911,10.5
NC,200912,10.8
NC,200913,10.8
NC,201001,11.8
NC,201002,11.9
NC,201003,11.5
NC,201004,10.8
NC,201005,10.7
NC,201006,10.8
NC,201007,10.8
NC,201008,10.5
NC,201009,10.0
NC,201010,10.1
NC,201011,10.6
NC,201012,10.5
NC,201013,10.8
NC,201101,11.2
NC,201102,10.8
NC,201103,10.4
NC,201104,9.9
NC,201105,10.2
NC,201106,10.7
NC,201107,10.7
NC,201108,10.6
NC,201109,10.2
NC,201110,10.1
NC,201111,9.9
NC,201112,9.9
NC,201113,10.4
NC,201201,10.2
NC,201202,10.0
NC,201203,9.6
NC,201204,9.1
NC,201205,9.4
NC,201206,9.9
NC,201207,10.1
NC,201208,9.9
NC,201209,9.1
NC,201210,9.3
NC,201211,9.2
NC,201212,9.5
NC,201213,9.6
NC,201301,10.3
NC,201302,9.5
NC,201303,8.7
NC,201304,8.0
NC,201305,8.1
NC,201306,8.3
NC,201307,7.9
NC,201308,7.4
NC,201309,6.3
NC,201310,6.4
NC,201311,6.4
NC,201312,6.1
NC,201313,7.8
NC,201401,6.6
NC,201402,6.7
NC,201403,6.5
NC,201404,5.7
NC,201405,6.1
NC,201406,6.2
NC,201407,6.6
NC,201408,6.5
NC,201409,5.7
NC,201410,5.7
NC,201411,5.7
NC,201412,5.4
NC,201413,6.1
NC,201501,6.1
NC,201502,5.9
NC,201503,5.7
NC,201504,5.4
NC,201505,5.9
NC,201506,6.0
NC,201507,6.1
NC,201508,5.8
NC,201509,5.3
NC,201510,5.3
NC,201511,5.4
NC,201512,5.2
NC,201513,5.7
NC,201601,5.6
NC,201602,5.4
NC,201603,5.2
NC,201604,4.8
NC,201605,4.8
NC,201606,5.2
NC,201607,5.3
NC,201608,5.2
NC,201609,4.9
NC,201610,5.0
NC,201611,4.9
NC,201612,4.7
NC,201613,5.1
NC,201701,5.3
NC,201702,5.0
NC,201703,4.7
NC,201704,4.2
NC,201705,4.4
NC,201706,4.6
NC,201707,4.8
NC,201708,4.8
NC,201709,4.1
NC,201710,4.1
NC,201711,4.3
NC,201712,4.1
NC,201713,4.5
NC,201801,4.5
NC,201802,4.4
NC,201803,4.2
NC,201804,3.7
NC,201805,3.7
NC,201806,4.2
NC,201807,4.2
NC,201808,4.1
NC,201809,3.6
NC,201810,3.8
NC,201811,3.8
NC,201812,3.9
NC,201813,4.0
NC,201901,4.5
NC,201902,4.1
NC,201903,4.0
NC,201904,3.5
NC,201905,3.8
NC,201906,4.1
NC,201907,4.1
NC,201908,4.1
NC,201909,3.4
NC,201910,3.6
NC,201911,3.6
NC,201912,3.4
NC,201913,3.9
NC,202001,4.0
NC,202002,3.8
NC,202003,4.6
NC,202004,13.8
NC,202005,11.9
NC,202006,10.0
NC,202007,9.3
NC,202008,7.0
NC,202009,6.4
NC,202010,5.5
NC,202011,5.6
NC,202012,5.7
NC,202013,7.2
NC,202101,6.2
NC,202102,6.0
NC,202103,5.5
NC,202104,5.1
NC,202105,5.0
NC,202106,5.5
NC,202107,5.1
NC,202108,4.9
NC,202109,4.1
NC,202110,4.1
NC,202111,3.9
NC,202112,3.3
NC,202113,4.9
NC,202201,4.1
NC,202202,3.9
NC,202203,3.6
NC,202204,3.3
NC,202205,3.5
NC,202206,3.9
NC,202207,3.9
NC,202208,4.1
NC,202209,3.4
NC,202210,3.6
NC,202211,3.6
NC,202212,3.3
NC,202213,3.7
NC,202301,3.8
NC,202302,3.8
NC,202303,3.5
NC,202304,3.0
NC,202305,3.4
NC,202306,3.6
NC,202307,3.6
NC,202308,3.8
NC,202309,3.3
NC,202310,3.4
NC,202311,3.4
NC,202312,3.3
NC,202313,3.5
NC,202401,3.7
NC,202402,3.8
NC,202403,3.6
NC,202404,3.2
NC,202405,3.4
NC,202406,3.9
NC,202407,4.1
NC,202408,3.9
NC,202409,3.2
NC,202410,3.6
NC,202411,3.7
NC,202412,3.4
NC,202413,3.6
NC,202501,4.0
NC,202502,3.7
NC,202503,3.7
ND,197601,4.7
ND,197602,4.7
ND,197603,4.6
ND,197604,3.6
ND,197605,3.1
ND,197606,4.1
ND,197607,3.4
ND,197608,3.4
ND,197609,3.1
ND,197610,2.9
ND,197611,3.7
ND,197612,4.3
ND,197613,3.8
ND,197701,5.4
ND,197702,5.5
ND,197703,5.7
ND,197704,4.6
ND,197705,3.8
ND,197706,4.9
ND,197707,4.0
ND,197708,4.2
ND,197709,3.6
ND,197710,3.5
ND,197711,3.8
ND,197712,4.3
ND,197713,4.4
ND,197801,5.6
ND,197802,5.4
ND,197803,5.2
ND,197804,4.4
ND,197805,3.4
ND,197806,4.3
ND,197807,3.8
ND,197808,3.6
ND,197809,3.4
ND,197810,3.0
ND,197811,3.8
ND,197812,4.6
ND,197813,4.2
ND,197901,5.0
ND,197902,5.3
ND,197903,5.2
ND,197904,4.8
ND,197905,4.0
ND,197906,4.3
ND,197907,3.5
ND,197908,3.6
ND,197909,3.3
ND,197910,2.9
ND,197911,3.7
ND,197912,4.2
ND,197913,4.1
ND,198001,5.4
ND,198002,5.3
ND,198003,5.2
ND,198004,4.9
ND,198005,4.5
ND,198006,5.4
ND,198007,5.0
ND,198008,4.9
ND,198009,4.4
ND,198010,4.0
ND,198011,4.5
ND,198012,5.0
ND,198013,4.9
ND,198101,6.3
ND,198102,6.2
ND,198103,6.1
ND,198104,5.2
ND,198105,4.5
ND,198106,5.1
ND,198107,4.2
ND,198108,4.1
ND,198109,4.0
ND,198110,3.7
ND,198111,4.2
ND,198112,5.1
ND,198113,4.9
ND,198201,6.2
ND,198202,6.1
ND,198203,6.2
ND,198204,5.7
ND,198205,5.1
ND,198206,5.6
ND,198207,5.0
ND,198208,5.0
ND,198209,4.8
ND,198210,4.9
ND,198211,5.6
ND,198212,6.3
ND,198213,5.5
ND,198301,7.4
ND,198302,7.5
ND,198303,7.5
ND,198304,6.6
ND,198305,5.6
ND,198306,6.1
ND,198307,5.0
ND,198308,5.0
ND,198309,4.6
ND,198310,4.2
ND,198311,4.7
ND,198312,5.4
ND,198313,5.8
ND,198401,6.4
ND,198402,6.4
ND,198403,6.3
ND,198404,5.7
ND,198405,5.0
ND,198406,5.3
ND,198407,4.8
ND,198408,4.8
ND,198409,4.4
ND,198410,4.3
ND,198411,4.8
ND,198412,5.5
ND,198413,5.3
ND,198501,6.6
ND,198502,6.4
ND,198503,6.7
ND,198504,5.9
ND,198505,5.0
ND,198506,5.7
ND,198507,5.0
ND,198508,4.8
ND,198509,4.7
ND,198510,4.7
ND,198511,5.1
ND,198512,5.6
ND,198513,5.5
ND,198601,6.5
ND,198602,6.9
ND,198603,6.9
ND,198604,6.1
ND,198605,5.5
ND,198606,5.9
ND,198607,5.2
ND,198608,4.8
ND,198609,4.7
ND,198610,4.3
ND,198611,5.0
ND,198612,5.2
ND,198613,5.6
ND,198701,6.3
ND,198702,6.2
ND,198703,6.1
ND,198704,5.2
ND,198705,4.5
ND,198706,5.1
ND,198707,4.5
ND,198708,4.5
ND,198709,4.2
ND,198710,4.1
ND,198711,4.6
ND,198712,4.8
ND,198713,5.0
ND,198801,5.6
ND,198802,5.6
ND,198803,5.5
ND,198804,4.7
ND,198805,4.5
ND,198806,4.8
ND,198807,4.3
ND,198808,4.4
ND,198809,4.0
ND,198810,3.7
ND,198811,4.2
ND,198812,4.6
ND,198813,4.7
ND,198901,5.7
ND,198902,5.2
ND,198903,4.9
ND,198904,4.6
ND,198905,3.9
ND,198906,4.6
ND,198907,4.0
ND,198908,3.9
ND,198909,3.8
ND,198910,3.4
ND,198911,3.9
ND,198912,4.3
ND,198913,4.3
ND,199001,5.1
ND,199002,5.0
ND,199003,4.9
ND,199004,4.3
ND,199005,3.7
ND,199006,4.2
ND,199007,3.8
ND,199008,3.8
ND,199009,3.7
ND,199010,3.3
ND,199011,3.8
ND,199012,4.1
ND,199013,4.1
ND,199101,5.0
ND,199102,5.2
ND,199103,5.3
ND,199104,4.5
ND,199105,4.3
ND,199106,4.8
ND,199107,4.0
ND,199108,4.0
ND,199109,3.6
ND,199110,3.3
ND,199111,3.9
ND,199112,4.2
ND,199113,4.3
ND,199201,5.4
ND,199202,5.4
ND,199203,5.5
ND,199204,4.6
ND,199205,4.3
ND,199206,5.0
ND,199207,4.2
ND,199208,4.2
ND,199209,3.9
ND,199210,3.5
ND,199211,4.1
ND,199212,4.4
ND,199213,4.5
ND,199301,5.4
ND,199302,5.3
ND,199303,5.2
ND,199304,4.4
ND,199305,4.0
ND,199306,4.7
ND,199307,3.9
ND,199308,3.8
ND,199309,3.4
ND,199310,3.3
ND,199311,3.6
ND,199312,4.0
ND,199313,4.2
ND,199401,5.1
ND,199402,4.8
ND,199403,4.9
ND,199404,3.9
ND,199405,3.2
ND,199406,3.9
ND,199407,3.4
ND,199408,3.3
ND,199409,2.9
ND,199410,2.7
ND,199411,3.0
ND,199412,3.5
ND,199413,3.7
ND,199501,4.6
ND,199502,4.2
ND,199503,4.0
ND,199504,3.6
ND,199505,3.1
ND,199506,3.6
ND,199507,3.1
ND,199508,2.9
ND,199509,2.7
ND,199510,2.4
ND,199511,2.7
ND,199512,3.1
ND,199513,3.3
ND,199601,4.2
ND,199602,3.9
ND,199603,4.0
ND,199604,3.6
ND,199605,2.9
ND,199606,3.4
ND,199607,3.0
ND,199608,2.7
ND,199609,2.4
ND,199610,2.1
ND,199611,2.7
ND,199612,3.1
ND,199613,3.2
ND,199701,4.0
ND,199702,3.6
ND,199703,3.7
ND,199704,3.3
ND,199705,3.1
ND,199706,3.4
ND,199707,2.7
ND,199708,2.4
ND,199709,2.2
ND,199710,1.9
ND,199711,2.2
ND,199712,2.6
ND,199713,2.9
ND,199801,3.5
ND,199802,3.5
ND,199803,3.8
ND,199804,2.9
ND,199805,2.5
ND,199806,3.3
ND,199807,2.8
ND,199808,2.8
ND,199809,2.5
ND,199810,2.3
ND,199811,2.7
ND,199812,3.2
ND,199813,3.0
ND,199901,3.9
ND,199902,4.0
ND,199903,4.0
ND,199904,3.4
ND,199905,2.8
ND,199906,3.5
ND,199907,3.2
ND,199908,2.7
ND,199909,2.4
ND,199910,2.1
ND,199911,2.6
ND,199912,2.9
ND,199913,3.1
ND,200001,4.0
ND,200002,3.7
ND,200003,3.9
ND,200004,3.0
ND,200005,2.6
ND,200006,3.1
ND,200007,2.6
ND,200008,2.7
ND,200009,2.2
ND,200010,2.0
ND,200011,2.5
ND,200012,2.8
ND,200013,2.9
ND,200101,3.6
ND,200102,3.5
ND,200103,3.6
ND,200104,3.0
ND,200105,2.3
ND,200106,3.0
ND,200107,2.5
ND,200108,2.5
ND,200109,2.0
ND,200110,2.1
ND,200111,2.6
ND,200112,3.2
ND,200113,2.8
ND,200201,4.2
ND,200202,4.0
ND,200203,4.2
ND,200204,3.7
ND,200205,3.0
ND,200206,3.7
ND,200207,3.2
ND,200208,3.0
ND,200209,2.7
ND,200210,2.5
ND,200211,3.1
ND,200212,3.3
ND,200213,3.4
ND,200301,4.4
ND,200302,4.2
ND,200303,4.2
ND,200304,3.6
ND,200305,3.1
ND,200306,3.8
ND,200307,3.2
ND,200308,3.2
ND,200309,2.8
ND,200310,2.6
ND,200311,3.1
ND,200312,3.3
ND,200313,3.5
ND,200401,4.2
ND,200402,4.0
ND,200403,4.2
ND,200404,3.3
ND,200405,3.0
ND,200406,3.7
ND,200407,3.2
ND,200408,3.1
ND,200409,2.8
ND,200410,2.6
ND,200411,3.0
ND,200412,3.6
ND,200413,3.4
ND,200501,4.2
ND,200502,4.2
ND,200503,4.2
ND,200504,3.5
ND,200505,3.1
ND,200506,3.6
ND,200507,3.0
ND,200508,2.8
ND,200509,2.7
ND,200510,2.5
ND,200511,3.0
ND,200512,3.2
ND,200513,3.3
ND,200601,3.9
ND,200602,4.0
ND,200603,3.8
ND,200604,3.2
ND,200605,2.7
ND,200606,3.3
ND,200607,3.0
ND,200608,2.8
ND,200609,2.5
ND,200610,2.4
ND,200611,2.9
ND,200612,3.1
ND,200613,3.1
ND,200701,3.8
ND,200702,3.8
ND,200703,3.6
ND,200704,3.2
ND,200705,2.7
ND,200706,3.3
ND,200707,2.8
ND,200708,2.7
ND,200709,2.6
ND,200710,2.3
ND,200711,2.5
ND,200712,3.2
ND,200713,3.0
ND,200801,3.7
ND,200802,3.5
ND,200803,3.5
ND,200804,2.9
ND,200805,2.7
ND,200806,3.3
ND,200807,3.1
ND,200808,2.9
ND,200809,2.6
ND,200810,2.4
ND,200811,2.8
ND,200812,3.3
ND,200813,3.0
ND,200901,4.8
ND,200902,4.9
ND,200903,4.7
ND,200904,4.0
ND,200905,3.7
ND,200906,4.2
ND,200907,3.6
ND,200908,3.6
ND,200909,3.2
ND,200910,3.0
ND,200911,3.4
ND,200912,3.9
ND,200913,3.9
ND,201001,4.7
ND,201002,4.7
ND,201003,4.7
ND,201004,3.7
ND,201005,3.2
ND,201006,3.8
ND,201007,3.4
ND,201008,3.3
ND,201009,2.9
ND,201010,2.7
ND,201011,3.2
ND,201012,3.6
ND,201013,3.7
ND,201101,4.2
ND,201102,4.1
ND,201103,4.0
ND,201104,3.4
ND,201105,3.0
ND,201106,3.7
ND,201107,3.2
ND,201108,3.2
ND,201109,2.8
ND,201110,2.5
ND,201111,2.7
ND,201112,3.1
ND,201113,3.3
ND,201201,3.7
ND,201202,3.7
ND,201203,3.6
ND,201204,2.9
ND,201205,2.6
ND,201206,3.1
ND,201207,2.9
ND,201208,2.7
ND,201209,2.3
ND,201210,2.2
ND,201211,2.5
ND,201212,3.0
ND,201213,2.9
ND,201301,3.9
ND,201302,3.6
ND,201303,3.5
ND,201304,3.1
ND,201305,2.6
ND,201306,3.1
ND,201307,2.8
ND,201308,2.6
ND,201309,2.2
ND,201310,2.1
ND,201311,2.3
ND,201312,2.8
ND,201313,2.9
ND,201401,3.4
ND,201402,3.5
ND,201403,3.4
ND,201404,2.7
ND,201405,2.4
ND,201406,2.8
ND,201407,2.6
ND,201408,2.4
ND,201409,2.1
ND,201410,1.9
ND,201411,2.2
ND,201412,2.6
ND,201413,2.7
ND,201501,3.3
ND,201502,3.3
ND,201503,3.4
ND,201504,2.9
ND,201505,2.7
ND,201506,3.0
ND,201507,2.7
ND,201508,2.5
ND,201509,2.2
ND,201510,2.0
ND,201511,2.4
ND,201512,2.9
ND,201513,2.8
ND,201601,3.7
ND,201602,3.8
ND,201603,4.0
ND,201604,3.3
ND,201605,2.8
ND,201606,3.4
ND,201607,2.9
ND,201608,2.8
ND,201609,2.4
ND,201610,2.1
ND,201611,2.4
ND,201612,3.0
ND,201613,3.0
ND,201701,3.6
ND,201702,3.5
ND,201703,3.3
ND,201704,2.7
ND,201705,2.2
ND,201706,2.7
ND,201707,2.3
ND,201708,2.4
ND,201709,2.0
ND,201710,1.7
ND,201711,2.2
ND,201712,2.7
ND,201713,2.6
ND,201801,3.3
ND,201802,3.3
ND,201803,3.2
ND,201804,2.8
ND,201805,2.0
ND,201806,2.6
ND,201807,2.2
ND,201808,2.1
ND,201809,1.7
ND,201810,1.5
ND,201811,1.8
ND,201812,2.3
ND,201813,2.4
ND,201901,3.1
ND,201902,2.9
ND,201903,2.9
ND,201904,2.3
ND,201905,1.9
ND,201906,2.4
ND,201907,2.1
ND,201908,1.9
ND,201909,1.5
ND,201910,1.4
ND,201911,1.7
ND,201912,2.0
ND,201913,2.2
ND,202001,2.7
ND,202002,2.5
ND,202003,3.0
ND,202004,8.4
ND,202005,7.7
ND,202006,7.0
ND,202007,6.3
ND,202008,5.3
ND,202009,4.5
ND,202010,3.9
ND,202011,4.1
ND,202012,4.4
ND,202013,5.0
ND,202101,4.6
ND,202102,4.6
ND,202103,4.3
ND,202104,3.7
ND,202105,3.0
ND,202106,3.7
ND,202107,2.9
ND,202108,2.6
ND,202109,2.1
ND,202110,1.8
ND,202111,1.9
ND,202112,2.1
ND,202113,3.1
ND,202201,2.8
ND,202202,2.7
ND,202203,2.7
ND,202204,2.1
ND,202205,1.8
ND,202206,2.4
ND,202207,1.9
ND,202208,2.0
ND,202209,1.5
ND,202210,1.5
ND,202211,1.7
ND,202212,2.0
ND,202213,2.1
ND,202301,2.5
ND,202302,2.6
ND,202303,2.5
ND,202304,2.1
ND,202305,1.8
ND,202306,2.3
ND,202307,1.8
ND,202308,1.8
ND,202309,1.6
ND,202310,1.6
ND,202311,1.7
ND,202312,2.0
ND,202313,2.0
ND,202401,2.7
ND,202402,2.9
ND,202403,2.8
ND,202404,2.4
ND,202405,2.1
ND,202406,2.8
ND,202407,2.7
ND,202408,2.4
ND,202409,1.9
ND,202410,1.9
ND,202411,2.2
ND,202412,2.5
ND,202413,2.4
ND,202501,3.1
ND,202502,3.2
ND,202503,3.1
OH,197601,9.4
OH,197602,9.1
OH,197603,8.7
OH,197604,7.8
OH,197605,7.0
OH,197606,7.8
OH,197607,7.3
OH,197608,7.2
OH,197609,7.1
OH,197610,7.1
OH,197611,7.3
OH,197612,7.2
OH,197613,7.7
OH,197701,8.1
OH,197702,8.8
OH,197703,7.7
OH,197704,6.2
OH,197705,5.7
OH,197706,6.8
OH,197707,6.1
OH,197708,5.7
OH,197709,5.9
OH,197710,5.6
OH,197711,5.7
OH,197712,5.4
OH,197713,6.5
OH,197801,6.4
OH,197802,6.4
OH,197803,6.3
OH,197804,5.3
OH,197805,5.0
OH,197806,5.5
OH,197807,5.5
OH,197808,5.1
OH,197809,5.4
OH,197810,4.9
OH,197811,5.0
OH,197812,5.3
OH,197813,5.5
OH,197901,6.4
OH,197902,6.4
OH,197903,6.1
OH,197904,5.6
OH,197905,5.2
OH,197906,5.9
OH,197907,6.0
OH,197908,6.1
OH,197909,5.7
OH,197910,5.7
OH,197911,5.6
OH,197912,5.8
OH,197913,5.9
OH,198001,7.3
OH,198002,7.3
OH,198003,7.1
OH,198004,7.7
OH,198005,8.5
OH,198006,9.6
OH,198007,9.9
OH,198008,9.3
OH,198009,8.9
OH,198010,8.6
OH,198011,8.5
OH,198012,8.5
OH,198013,8.4
OH,198101,10.2
OH,198102,10.0
OH,198103,9.4
OH,198104,8.3
OH,198105,8.6
OH,198106,9.2
OH,198107,8.9
OH,198108,8.9
OH,198109,9.2
OH,198110,9.6
OH,198111,10.4
OH,198112,11.2
OH,198113,9.5
OH,198201,12.3
OH,198202,12.7
OH,198203,12.6
OH,198204,12.3
OH,198205,11.9
OH,198206,12.5
OH,198207,12.5
OH,198208,12.3
OH,198209,12.7
OH,198210,13.0
OH,198211,13.8
OH,198212,14.2
OH,198213,12.7
OH,198301,15.0
OH,198302,14.6
OH,198303,14.0
OH,198304,13.0
OH,198305,12.7
OH,198306,12.9
OH,198307,11.6
OH,198308,11.3
OH,198309,11.0
OH,198310,10.6
OH,198311,10.3
OH,198312,10.3
OH,198313,12.3
OH,198401,11.0
OH,198402,10.5
OH,198403,10.4
OH,198404,9.7
OH,198405,9.3
OH,198406,9.2
OH,198407,9.0
OH,198408,8.8
OH,198409,8.8
OH,198410,8.8
OH,198411,8.6
OH,198412,8.9
OH,198413,9.4
OH,198501,9.9
OH,198502,9.7
OH,198503,9.4
OH,198504,8.8
OH,198505,8.4
OH,198506,9.0
OH,198507,9.0
OH,198508,8.5
OH,198509,8.8
OH,198510,8.7
OH,198511,8.5
OH,198512,8.5
OH,198513,8.9
OH,198601,9.0
OH,198602,9.5
OH,198603,8.9
OH,198604,8.3
OH,198605,8.2
OH,198606,8.6
OH,198607,8.0
OH,198608,7.7
OH,198609,8.1
OH,198610,7.9
OH,198611,7.7
OH,198612,7.7
OH,198613,8.3
OH,198701,8.9
OH,198702,8.8
OH,198703,8.2
OH,198704,7.3
OH,198705,7.2
OH,198706,7.2
OH,198707,6.8
OH,198708,6.4
OH,198709,6.2
OH,198710,6.1
OH,198711,6.1
OH,198712,6.1
OH,198713,7.1
OH,198801,7.3
OH,198802,7.3
OH,198803,7.0
OH,198804,6.0
OH,198805,6.0
OH,198806,6.0
OH,198807,5.6
OH,198808,5.7
OH,198809,5.7
OH,198810,5.4
OH,198811,5.4
OH,198812,5.4
OH,198813,6.0
OH,198901,6.4
OH,198902,5.9
OH,198903,5.4
OH,198904,5.2
OH,198905,5.2
OH,198906,5.7
OH,198907,5.3
OH,198908,5.0
OH,198909,5.3
OH,198910,5.5
OH,198911,5.8
OH,198912,5.9
OH,198913,5.6
OH,199001,7.2
OH,199002,6.5
OH,199003,6.0
OH,199004,5.7
OH,199005,5.4
OH,199006,5.4
OH,199007,5.4
OH,199008,5.2
OH,199009,5.2
OH,199010,5.2
OH,199011,5.6
OH,199012,6.0
OH,199013,5.7
OH,199101,7.3
OH,199102,7.9
OH,199103,7.6
OH,199104,6.7
OH,199105,6.3
OH,199106,6.7
OH,199107,6.3
OH,199108,5.9
OH,199109,5.9
OH,199110,5.7
OH,199111,5.9
OH,199112,6.6
OH,199113,6.6
OH,199201,8.1
OH,199202,8.4
OH,199203,7.9
OH,199204,7.2
OH,199205,7.3
OH,199206,7.9
OH,199207,7.4
OH,199208,7.1
OH,199209,7.0
OH,199210,6.7
OH,199211,6.8
OH,199212,7.0
OH,199213,7.4
OH,199301,8.1
OH,199302,7.9
OH,199303,7.3
OH,199304,6.7
OH,199305,6.5
OH,199306,6.8
OH,199307,6.5
OH,199308,5.9
OH,199309,6.1
OH,199310,6.1
OH,199311,6.0
OH,199312,6.1
OH,199313,6.7
OH,199401,7.3
OH,199402,7.0
OH,199403,6.8
OH,199404,6.1
OH,199405,5.7
OH,199406,5.8
OH,199407,5.7
OH,199408,5.2
OH,199409,5.0
OH,199410,4.6
OH,199411,4.3
OH,199412,4.3
OH,199413,5.6
OH,199501,5.4
OH,199502,5.1
OH,199503,4.8
OH,199504,4.7
OH,199505,4.6
OH,199506,4.9
OH,199507,5.0
OH,199508,4.8
OH,199509,4.8
OH,199510,4.6
OH,199511,4.8
OH,199512,4.9
OH,199513,4.9
OH,199601,6.2
OH,199602,5.7
OH,199603,5.5
OH,199604,4.8
OH,199605,4.9
OH,199606,5.0
OH,199607,5.0
OH,199608,4.4
OH,199609,4.6
OH,199610,4.4
OH,199611,4.8
OH,199612,4.8
OH,199613,5.0
OH,199701,5.9
OH,199702,5.8
OH,199703,5.2
OH,199704,4.6
OH,199705,4.2
OH,199706,4.6
OH,199707,4.3
OH,199708,4.1
OH,199709,4.4
OH,199710,4.1
OH,199711,4.1
OH,199712,4.3
OH,199713,4.6
OH,199801,5.1
OH,199802,4.9
OH,199803,4.8
OH,199804,3.7
OH,199805,3.9
OH,199806,4.5
OH,199807,4.7
OH,199808,4.1
OH,199809,4.2
OH,199810,4.1
OH,199811,4.0
OH,199812,4.0
OH,199813,4.3
OH,199901,5.0
OH,199902,4.9
OH,199903,4.4
OH,199904,4.2
OH,199905,4.0
OH,199906,4.6
OH,199907,4.5
OH,199908,4.1
OH,199909,4.2
OH,199910,3.9
OH,199911,3.9
OH,199912,3.9
OH,199913,4.3
OH,200001,4.8
OH,200002,4.9
OH,200003,4.5
OH,200004,3.8
OH,200005,3.9
OH,200006,4.4
OH,200007,4.2
OH,200008,4.0
OH,200009,3.8
OH,200010,3.4
OH,200011,3.5
OH,200012,3.6
OH,200013,4.1
OH,200101,4.7
OH,200102,4.4
OH,200103,4.2
OH,200104,3.9
OH,200105,3.8
OH,200106,4.5
OH,200107,4.4
OH,200108,4.3
OH,200109,4.3
OH,200110,4.5
OH,200111,4.9
OH,200112,5.1
OH,200113,4.4
OH,200201,6.5
OH,200202,6.4
OH,200203,6.3
OH,200204,6.0
OH,200205,5.7
OH,200206,6.1
OH,200207,5.9
OH,200208,5.4
OH,200209,5.3
OH,200210,5.2
OH,200211,5.4
OH,200212,5.6
OH,200213,5.8
OH,200301,6.8
OH,200302,6.9
OH,200303,6.7
OH,200304,6.3
OH,200305,6.1
OH,200306,6.9
OH,200307,6.5
OH,200308,5.9
OH,200309,5.8
OH,200310,5.5
OH,200311,5.7
OH,200312,5.8
OH,200313,6.2
OH,200401,7.1
OH,200402,6.8
OH,200403,6.7
OH,200404,6.1
OH,200405,5.9
OH,200406,6.5
OH,200407,6.3
OH,200408,5.9
OH,200409,5.8
OH,200410,5.9
OH,200411,6.0
OH,200412,5.9
OH,200413,6.2
OH,200501,6.9
OH,200502,7.1
OH,200503,6.6
OH,200504,5.9
OH,200505,5.7
OH,200506,6.1
OH,200507,5.7
OH,200508,5.4
OH,200509,5.5
OH,200510,5.3
OH,200511,5.4
OH,200512,5.5
OH,200513,5.9
OH,200601,6.1
OH,200602,6.1
OH,200603,5.6
OH,200604,5.4
OH,200605,5.1
OH,200606,5.5
OH,200607,5.8
OH,200608,5.3
OH,200609,5.1
OH,200610,4.8
OH,200611,5.2
OH,200612,5.3
OH,200613,5.4
OH,200701,6.3
OH,200702,6.0
OH,200703,5.7
OH,200704,5.6
OH,200705,5.3
OH,200706,5.8
OH,200707,5.7
OH,200708,5.4
OH,200709,5.4
OH,200710,5.2
OH,200711,5.2
OH,200712,5.7
OH,200713,5.6
OH,200801,6.4
OH,200802,6.1
OH,200803,6.3
OH,200804,5.6
OH,200805,6.1
OH,200806,6.6
OH,200807,6.9
OH,200808,6.7
OH,200809,6.6
OH,200810,6.6
OH,200811,7.0
OH,200812,7.9
OH,200813,6.6
OH,200901,9.7
OH,200902,10.2
OH,200903,10.4
OH,200904,10.1
OH,200905,10.3
OH,200906,10.9
OH,200907,10.6
OH,200908,10.1
OH,200909,10.0
OH,200910,10.0
OH,200911,10.1
OH,200912,10.5
OH,200913,10.2
OH,201001,11.7
OH,201002,11.6
OH,201003,11.1
OH,201004,10.2
OH,201005,9.8
OH,201006,10.0
OH,201007,9.8
OH,201008,9.5
OH,201009,9.3
OH,201010,9.0
OH,201011,9.2
OH,201012,9.1
OH,201013,10.0
OH,201101,10.1
OH,201102,9.7
OH,201103,9.2
OH,201104,8.5
OH,201105,8.6
OH,201106,9.2
OH,201107,9.0
OH,201108,8.6
OH,201109,8.5
OH,201110,8.1
OH,201111,7.6
OH,201112,7.8
OH,201113,8.8
OH,201201,8.6
OH,201202,8.4
OH,201203,7.9
OH,201204,7.1
OH,201205,7.0
OH,201206,7.5
OH,201207,7.5
OH,201208,7.1
OH,201209,6.8
OH,201210,6.7
OH,201211,6.8
OH,201212,7.2
OH,201213,7.4
OH,201301,8.7
OH,201302,8.2
OH,201303,7.7
OH,201304,7.0
OH,201305,7.1
OH,201306,7.8
OH,201307,7.6
OH,201308,7.1
OH,201309,7.1
OH,201310,7.0
OH,201311,6.7
OH,201312,6.5
OH,201313,7.4
OH,201401,7.4
OH,201402,7.2
OH,201403,6.6
OH,201404,5.5
OH,201405,5.6
OH,201406,6.0
OH,201407,6.0
OH,201408,5.5
OH,201409,5.2
OH,201410,4.9
OH,201411,4.9
OH,201412,5.0
OH,201413,5.8
OH,201501,6.1
OH,201502,5.7
OH,201503,5.4
OH,201504,4.7
OH,201505,4.9
OH,201506,5.1
OH,201507,5.0
OH,201508,4.4
OH,201509,4.5
OH,201510,4.4
OH,201511,4.6
OH,201512,4.8
OH,201513,5.0
OH,201601,5.7
OH,201602,5.6
OH,201603,5.3
OH,201604,4.8
OH,201605,4.6
OH,201606,5.1
OH,201607,5.0
OH,201608,4.9
OH,201609,5.1
OH,201610,4.8
OH,201611,4.6
OH,201612,5.0
OH,201613,5.0
OH,201701,6.0
OH,201702,5.9
OH,201703,5.3
OH,201704,4.6
OH,201705,4.7
OH,201706,5.2
OH,201707,5.2
OH,201708,4.9
OH,201709,4.6
OH,201710,4.3
OH,201711,4.2
OH,201712,4.4
OH,201713,4.9
OH,201801,5.2
OH,201802,5.1
OH,201803,4.7
OH,201804,4.3
OH,201805,4.1
OH,201806,5.0
OH,201807,4.6
OH,201808,4.3
OH,201809,4.0
OH,201810,4.0
OH,201811,3.9
OH,201812,4.4
OH,201813,4.5
OH,201901,5.1
OH,201902,4.6
OH,201903,4.3
OH,201904,3.6
OH,201905,3.7
OH,201906,4.3
OH,201907,4.5
OH,201908,4.1
OH,201909,3.9
OH,201910,3.7
OH,201911,3.7
OH,201912,3.9
OH,201913,4.1
OH,202001,4.9
OH,202002,4.6
OH,202003,5.4
OH,202004,15.9
OH,202005,13.6
OH,202006,11.4
OH,202007,10.1
OH,202008,7.9
OH,202009,7.5
OH,202010,6.1
OH,202011,5.5
OH,202012,5.9
OH,202013,8.2
OH,202101,6.9
OH,202102,6.7
OH,202103,6.3
OH,202104,5.9
OH,202105,5.4
OH,202106,6.1
OH,202107,5.5
OH,202108,4.9
OH,202109,4.4
OH,202110,3.9
OH,202111,3.6
OH,202112,3.5
OH,202113,5.3
OH,202201,4.7
OH,202202,4.6
OH,202203,4.2
OH,202204,3.7
OH,202205,3.6
OH,202206,4.4
OH,202207,4.3
OH,202208,4.2
OH,202209,3.8
OH,202210,3.7
OH,202211,3.4
OH,202212,3.5
OH,202213,4.0
OH,202301,4.2
OH,202302,4.2
OH,202303,3.9
OH,202304,3.1
OH,202305,3.3
OH,202306,3.8
OH,202307,3.7
OH,202308,3.7
OH,202309,3.6
OH,202310,3.5
OH,202311,3.3
OH,202312,3.5
OH,202313,3.7
OH,202401,4.4
OH,202402,4.5
OH,202403,4.4
OH,202404,3.9
OH,202405,4.1
OH,202406,4.7
OH,202407,4.7
OH,202408,4.3
OH,202409,4.1
OH,202410,3.9
OH,202411,4.2
OH,202412,4.2
OH,202413,4.3
OH,202501,5.3
OH,202502,5.4
OH,202503,5.1
OK,197601,7.0
OK,197602,6.8
OK,197603,6.1
OK,197604,5.3
OK,197605,5.2
OK,197606,5.8
OK,197607,5.4
OK,197608,5.4
OK,197609,5.0
OK,197610,4.9
OK,197611,5.1
OK,197612,5.1
OK,197613,5.6
OK,197701,6.1
OK,197702,6.1
OK,197703,5.5
OK,197704,4.6
OK,197705,5.0
OK,197706,5.5
OK,197707,4.4
OK,197708,4.3
OK,197709,4.2
OK,197710,4.0
OK,197711,3.9
OK,197712,3.6
OK,197713,4.8
OK,197801,4.4
OK,197802,5.2
OK,197803,4.0
OK,197804,3.0
OK,197805,3.1
OK,197806,3.3
OK,197807,2.9
OK,197808,2.6
OK,197809,2.7
OK,197810,2.8
OK,197811,3.1
OK,197812,3.1
OK,197813,3.3
OK,197901,3.7
OK,197902,4.0
OK,197903,3.2
OK,197904,2.6
OK,197905,2.9
OK,197906,3.4
OK,197907,2.9
OK,197908,3.0
OK,197909,2.8
OK,197910,2.9
OK,197911,2.9
OK,197912,2.9
OK,197913,3.1
OK,198001,3.6
OK,198002,3.6
OK,198003,3.1
OK,198004,3.0
OK,198005,3.7
OK,198006,5.2
OK,198007,5.0
OK,198008,4.9
OK,198009,4.7
OK,198010,4.8
OK,198011,4.2
OK,198012,3.8
OK,198013,4.2
OK,198101,4.4
OK,198102,4.0
OK,198103,3.3
OK,198104,2.9
OK,198105,3.4
OK,198106,3.6
OK,198107,3.1
OK,198108,3.1
OK,198109,3.3
OK,198110,3.7
OK,198111,3.9
OK,198112,4.3
OK,198113,3.6
OK,198201,5.1
OK,198202,5.2
OK,198203,4.7
OK,198204,4.6
OK,198205,5.1
OK,198206,5.8
OK,198207,6.2
OK,198208,6.1
OK,198209,6.7
OK,198210,7.4
OK,198211,7.9
OK,198212,8.4
OK,198213,6.1
OK,198301,9.0
OK,198302,9.5
OK,198303,9.0
OK,198304,8.2
OK,198305,8.7
OK,198306,8.9
OK,198307,7.9
OK,198308,7.7
OK,198309,7.5
OK,198310,7.3
OK,198311,6.9
OK,198312,6.9
OK,198313,8.1
OK,198401,7.6
OK,198402,7.2
OK,198403,6.8
OK,198404,6.6
OK,198405,6.7
OK,198406,6.7
OK,198407,6.6
OK,198408,6.8
OK,198409,6.6
OK,198410,6.6
OK,198411,6.5
OK,198412,6.5
OK,198413,6.8
OK,198501,7.8
OK,198502,7.9
OK,198503,7.3
OK,198504,6.8
OK,198505,7.1
OK,198506,7.4
OK,198507,7.0
OK,198508,6.6
OK,198509,6.7
OK,198510,6.9
OK,198511,6.8
OK,198512,7.0
OK,198513,7.1
OK,198601,7.5
OK,198602,8.3
OK,198603,8.2
OK,198604,8.1
OK,198605,8.9
OK,198606,9.0
OK,198607,8.4
OK,198608,8.8
OK,198609,8.4
OK,198610,8.3
OK,198611,8.1
OK,198612,7.8
OK,198613,8.3
OK,198701,8.4
OK,198702,8.4
OK,198703,8.0
OK,198704,7.1
OK,198705,7.4
OK,198706,7.3
OK,198707,6.8
OK,198708,6.3
OK,198709,6.5
OK,198710,6.8
OK,198711,6.5
OK,198712,6.3
OK,198713,7.2
OK,198801,7.4
OK,198802,7.0
OK,198803,6.5
OK,198804,5.9
OK,198805,6.5
OK,198806,6.3
OK,198807,6.2
OK,198808,6.3
OK,198809,6.1
OK,198810,6.1
OK,198811,6.0
OK,198812,6.0
OK,198813,6.4
OK,198901,6.8
OK,198902,6.6
OK,198903,5.8
OK,198904,5.6
OK,198905,5.8
OK,198906,6.0
OK,198907,5.6
OK,198908,5.4
OK,198909,5.5
OK,198910,5.2
OK,198911,5.3
OK,198912,5.4
OK,198913,5.7
OK,199001,6.6
OK,199002,5.8
OK,199003,5.1
OK,199004,4.9
OK,199005,5.1
OK,199006,5.1
OK,199007,5.0
OK,199008,5.3
OK,199009,5.0
OK,199010,5.4
OK,199011,5.8
OK,199012,6.0
OK,199013,5.4
OK,199101,7.2
OK,199102,6.6
OK,199103,6.0
OK,199104,5.7
OK,199105,6.2
OK,199106,6.2
OK,199107,5.8
OK,199108,5.7
OK,199109,5.6
OK,199110,5.6
OK,199111,5.7
OK,199112,5.8
OK,199113,6.0
OK,199201,6.7
OK,199202,7.1
OK,199203,6.5
OK,199204,5.5
OK,199205,5.9
OK,199206,6.4
OK,199207,5.8
OK,199208,5.5
OK,199209,5.7
OK,199210,5.1
OK,199211,5.2
OK,199212,5.6
OK,199213,5.9
OK,199301,6.1
OK,199302,6.0
OK,199303,5.6
OK,199304,5.4
OK,199305,5.8
OK,199306,6.1
OK,199307,5.7
OK,199308,5.5
OK,199309,5.3
OK,199310,5.6
OK,199311,5.4
OK,199312,5.2
OK,199313,5.6
OK,199401,6.3
OK,199402,6.3
OK,199403,5.8
OK,199404,5.3
OK,199405,5.4
OK,199406,5.6
OK,199407,5.3
OK,199408,5.2
OK,199409,4.8
OK,199410,4.8
OK,199411,4.6
OK,199412,4.5
OK,199413,5.3
OK,199501,5.2
OK,199502,4.9
OK,199503,4.5
OK,199504,4.2
OK,199505,4.5
OK,199506,4.7
OK,199507,4.5
OK,199508,4.4
OK,199509,4.3
OK,199510,4.3
OK,199511,4.1
OK,199512,3.9
OK,199513,4.4
OK,199601,5.0
OK,199602,4.8
OK,199603,4.0
OK,199604,3.7
OK,199605,4.1
OK,199606,4.0
OK,199607,4.0
OK,199608,3.7
OK,199609,3.6
OK,199610,3.7
OK,199611,3.9
OK,199612,3.7
OK,199613,4.0
OK,199701,4.8
OK,199702,4.4
OK,199703,4.0
OK,199704,3.5
OK,199705,4.0
OK,199706,4.3
OK,199707,4.0
OK,199708,3.9
OK,199709,3.9
OK,199710,3.7
OK,199711,3.5
OK,199712,3.6
OK,199713,4.0
OK,199801,4.2
OK,199802,4.2
OK,199803,4.1
OK,199804,3.6
OK,199805,4.0
OK,199806,4.5
OK,199807,4.5
OK,199808,4.2
OK,199809,4.1
OK,199810,4.1
OK,199811,3.8
OK,199812,3.7
OK,199813,4.1
OK,199901,4.3
OK,199902,4.3
OK,199903,3.7
OK,199904,3.4
OK,199905,3.4
OK,199906,3.7
OK,199907,3.4
OK,199908,3.2
OK,199909,3.2
OK,199910,3.2
OK,199911,3.0
OK,199912,3.0
OK,199913,3.5
OK,200001,3.4
OK,200002,3.5
OK,200003,3.1
OK,200004,2.6
OK,200005,3.0
OK,200006,3.3
OK,200007,3.0
OK,200008,3.0
OK,200009,2.8
OK,200010,2.8
OK,200011,2.8
OK,200012,2.6
OK,200013,3.0
OK,200101,3.2
OK,200102,3.5
OK,200103,3.4
OK,200104,2.8
OK,200105,3.1
OK,200106,3.8
OK,200107,3.6
OK,200108,3.8
OK,200109,3.7
OK,200110,4.1
OK,200111,4.3
OK,200112,4.4
OK,200113,3.6
OK,200201,5.0
OK,200202,4.9
OK,200203,4.7
OK,200204,4.4
OK,200205,4.6
OK,200206,4.7
OK,200207,4.5
OK,200208,4.4
OK,200209,4.3
OK,200210,4.4
OK,200211,4.6
OK,200212,4.9
OK,200213,4.6
OK,200301,5.5
OK,200302,5.6
OK,200303,5.2
OK,200304,5.0
OK,200305,5.7
OK,200306,6.2
OK,200307,5.7
OK,200308,5.4
OK,200309,5.2
OK,200310,5.1
OK,200311,5.1
OK,200312,4.9
OK,200313,5.4
OK,200401,5.6
OK,200402,5.3
OK,200403,5.0
OK,200404,4.5
OK,200405,4.7
OK,200406,5.2
OK,200407,4.6
OK,200408,4.3
OK,200409,4.3
OK,200410,4.4
OK,200411,4.4
OK,200412,4.3
OK,200413,4.7
OK,200501,4.9
OK,200502,4.9
OK,200503,4.5
OK,200504,4.0
OK,200505,4.3
OK,200506,4.7
OK,200507,4.3
OK,200508,4.2
OK,200509,4.2
OK,200510,4.2
OK,200511,4.1
OK,200512,3.9
OK,200513,4.3
OK,200601,4.2
OK,200602,4.2
OK,200603,3.9
OK,200604,3.6
OK,200605,3.9
OK,200606,4.1
OK,200607,3.9
OK,200608,3.9
OK,200609,3.8
OK,200610,3.7
OK,200611,3.9
OK,200612,3.8
OK,200613,3.9
OK,200701,4.5
OK,200702,4.4
OK,200703,4.0
OK,200704,3.8
OK,200705,4.1
OK,200706,4.3
OK,200707,4.2
OK,200708,3.8
OK,200709,3.8
OK,200710,3.7
OK,200711,3.6
OK,200712,3.5
OK,200713,4.0
OK,200801,3.7
OK,200802,3.4
OK,200803,3.2
OK,200804,2.8
OK,200805,3.4
OK,200806,3.8
OK,200807,3.6
OK,200808,3.6
OK,200809,3.5
OK,200810,3.8
OK,200811,3.9
OK,200812,4.3
OK,200813,3.6
OK,200901,5.5
OK,200902,6.0
OK,200903,6.3
OK,200904,6.1
OK,200905,6.9
OK,200906,7.1
OK,200907,6.8
OK,200908,6.8
OK,200909,6.8
OK,200910,6.8
OK,200911,6.5
OK,200912,6.5
OK,200913,6.5
OK,201001,7.5
OK,201002,7.5
OK,201003,6.7
OK,201004,6.2
OK,201005,6.5
OK,201006,6.6
OK,201007,6.4
OK,201008,6.3
OK,201009,6.1
OK,201010,6.0
OK,201011,6.1
OK,201012,5.8
OK,201013,6.5
OK,201101,6.3
OK,201102,6.1
OK,201103,5.5
OK,201104,5.0
OK,201105,5.4
OK,201106,5.9
OK,201107,5.7
OK,201108,5.5
OK,201109,5.5
OK,201110,5.5
OK,201111,5.2
OK,201112,5.2
OK,201113,5.6
OK,201201,5.6
OK,201202,5.5
OK,201203,4.9
OK,201204,4.5
OK,201205,5.0
OK,201206,5.4
OK,201207,5.3
OK,201208,5.1
OK,201209,4.9
OK,201210,5.0
OK,201211,4.8
OK,201212,5.0
OK,201213,5.1
OK,201301,5.7
OK,201302,5.4
OK,201303,5.0
OK,201304,4.6
OK,201305,5.2
OK,201306,5.5
OK,201307,5.2
OK,201308,5.1
OK,201309,5.1
OK,201310,5.2
OK,201311,4.8
OK,201312,4.6
OK,201313,5.1
OK,201401,5.1
OK,201402,5.1
OK,201403,4.7
OK,201404,3.9
OK,201405,4.4
OK,201406,4.6
OK,201407,4.5
OK,201408,4.3
OK,201409,4.1
OK,201410,3.9
OK,201411,3.9
OK,201412,3.7
OK,201413,4.3
OK,201501,4.3
OK,201502,4.3
OK,201503,4.0
OK,201504,3.9
OK,201505,4.5
OK,201506,4.7
OK,201507,4.5
OK,201508,4.3
OK,201509,4.2
OK,201510,4.3
OK,201511,4.3
OK,201512,4.2
OK,201513,4.3
OK,201601,4.6
OK,201602,4.8
OK,201603,4.6
OK,201604,4.3
OK,201605,4.6
OK,201606,5.1
OK,201607,4.9
OK,201608,4.9
OK,201609,4.7
OK,201610,4.5
OK,201611,4.3
OK,201612,4.3
OK,201613,4.6
OK,201701,4.7
OK,201702,4.6
OK,201703,4.1
OK,201704,3.7
OK,201705,4.1
OK,201706,4.3
OK,201707,4.1
OK,201708,4.1
OK,201709,3.8
OK,201710,3.7
OK,201711,3.6
OK,201712,3.6
OK,201713,4.0
OK,201801,4.0
OK,201802,3.9
OK,201803,3.5
OK,201804,3.1
OK,201805,3.2
OK,201806,3.5
OK,201807,3.2
OK,201808,3.1
OK,201809,2.8
OK,201810,3.0
OK,201811,2.9
OK,201812,3.0
OK,201813,3.3
OK,201901,3.8
OK,201902,3.4
OK,201903,3.1
OK,201904,2.6
OK,201905,3.0
OK,201906,3.4
OK,201907,3.3
OK,201908,3.2
OK,201909,2.9
OK,201910,3.1
OK,201911,3.0
OK,201912,2.8
OK,201913,3.1
OK,202001,3.3
OK,202002,3.2
OK,202003,3.6
OK,202004,12.1
OK,202005,10.0
OK,202006,8.5
OK,202007,7.6
OK,202008,6.1
OK,202009,5.8
OK,202010,5.2
OK,202011,5.1
OK,202012,5.1
OK,202013,6.3
OK,202101,5.3
OK,202102,5.2
OK,202103,4.4
OK,202104,4.6
OK,202105,4.4
OK,202106,4.9
OK,202107,4.2
OK,202108,3.7
OK,202109,3.1
OK,202110,3.0
OK,202111,2.7
OK,202112,2.5
OK,202113,4.0
OK,202201,3.3
OK,202202,3.2
OK,202203,2.9
OK,202204,2.6
OK,202205,3.0
OK,202206,3.4
OK,202207,3.2
OK,202208,3.3
OK,202209,3.0
OK,202210,3.1
OK,202211,2.9
OK,202212,2.7
OK,202213,3.0
OK,202301,3.2
OK,202302,3.3
OK,202303,2.9
OK,202304,2.5
OK,202305,3.1
OK,202306,3.3
OK,202307,3.2
OK,202308,3.4
OK,202309,3.4
OK,202310,3.4
OK,202311,3.2
OK,202312,3.2
OK,202313,3.2
OK,202401,3.6
OK,202402,3.7
OK,202403,3.2
OK,202404,2.8
OK,202405,3.3
OK,202406,3.6
OK,202407,3.6
OK,202408,3.4
OK,202409,3.1
OK,202410,3.2
OK,202411,3.2
OK,202412,3.0
OK,202413,3.3
OK,202501,3.5
OK,202502,3.6
OK,202503,3.1
OR,197601,11.5
OR,197602,11.2
OR,197603,10.4
OR,197604,9.4
OR,197605,8.1
OR,197606,9.1
OR,197607,8.8
OR,197608,8.8
OR,197609,8.5
OR,197610,8.3
OR,197611,8.9
OR,197612,9.0
OR,197613,9.3
OR,197701,10.3
OR,197702,10.5
OR,197703,9.8
OR,197704,8.2
OR,197705,7.2
OR,197706,7.5
OR,197707,6.7
OR,197708,6.5
OR,197709,6.0
OR,197710,5.5
OR,197711,5.7
OR,197712,5.5
OR,197713,7.4
OR,197801,6.6
OR,197802,6.7
OR,197803,6.7
OR,197804,5.8
OR,197805,5.4
OR,197806,5.9
OR,197807,6.1
OR,197808,5.6
OR,197809,5.9
OR,197810,5.8
OR,197811,6.3
OR,197812,6.8
OR,197813,6.1
OR,197901,8.0
OR,197902,8.3
OR,197903,8.0
OR,197904,7.0
OR,197905,6.2
OR,197906,6.7
OR,197907,6.5
OR,197908,6.6
OR,197909,6.0
OR,197910,5.9
OR,197911,6.1
OR,197912,6.1
OR,197913,6.8
OR,198001,7.6
OR,198002,7.6
OR,198003,7.8
OR,198004,8.2
OR,198005,8.7
OR,198006,9.4
OR,198007,9.3
OR,198008,8.7
OR,198009,8.1
OR,198010,8.0
OR,198011,8.4
OR,198012,8.4
OR,198013,8.4
OR,198101,10.4
OR,198102,10.6
OR,198103,10.3
OR,198104,9.5
OR,198105,9.1
OR,198106,9.5
OR,198107,9.1
OR,198108,9.1
OR,198109,9.0
OR,198110,9.4
OR,198111,10.2
OR,198112,10.7
OR,198113,9.7
OR,198201,12.1
OR,198202,12.3
OR,198203,12.2
OR,198204,11.4
OR,198205,10.7
OR,198206,11.1
OR,198207,10.8
OR,198208,10.6
OR,198209,10.6
OR,198210,10.9
OR,198211,11.7
OR,198212,11.9
OR,198213,11.3
OR,198301,13.1
OR,198302,12.9
OR,198303,12.2
OR,198304,11.3
OR,198305,10.4
OR,198306,10.8
OR,198307,10.3
OR,198308,10.3
OR,198309,9.7
OR,198310,9.7
OR,198311,9.6
OR,198312,9.8
OR,198313,10.8
OR,198401,10.9
OR,198402,10.6
OR,198403,10.3
OR,198404,9.9
OR,198405,9.1
OR,198406,9.0
OR,198407,8.6
OR,198408,8.4
OR,198409,8.4
OR,198410,8.6
OR,198411,8.6
OR,198412,9.1
OR,198413,9.3
OR,198501,10.4
OR,198502,10.4
OR,198503,10.0
OR,198504,9.3
OR,198505,8.3
OR,198506,8.6
OR,198507,8.2
OR,198508,7.7
OR,198509,7.5
OR,198510,7.5
OR,198511,7.7
OR,198512,8.0
OR,198513,8.6
OR,198601,9.3
OR,198602,10.0
OR,198603,9.6
OR,198604,9.0
OR,198605,8.2
OR,198606,8.3
OR,198607,7.8
OR,198608,7.3
OR,198609,6.9
OR,198610,6.5
OR,198611,6.6
OR,198612,6.2
OR,198613,8.0
OR,198701,7.5
OR,198702,7.4
OR,198703,7.2
OR,198704,6.3
OR,198705,5.7
OR,198706,5.8
OR,198707,5.7
OR,198708,5.5
OR,198709,5.5
OR,198710,5.7
OR,198711,5.8
OR,198712,5.7
OR,198713,6.1
OR,198801,7.0
OR,198802,7.0
OR,198803,6.6
OR,198804,5.9
OR,198805,5.8
OR,198806,5.8
OR,198807,5.6
OR,198808,5.4
OR,198809,4.8
OR,198810,4.8
OR,198811,5.1
OR,198812,5.1
OR,198813,5.7
OR,198901,6.6
OR,198902,6.4
OR,198903,6.1
OR,198904,5.7
OR,198905,5.0
OR,198906,5.3
OR,198907,5.2
OR,198908,4.8
OR,198909,4.7
OR,198910,4.7
OR,198911,5.1
OR,198912,4.9
OR,198913,5.4
OR,199001,6.0
OR,199002,6.1
OR,199003,5.7
OR,199004,5.2
OR,199005,4.9
OR,199006,5.3
OR,199007,5.5
OR,199008,5.2
OR,199009,5.1
OR,199010,5.0
OR,199011,5.4
OR,199012,5.5
OR,199013,5.4
OR,199101,6.6
OR,199102,6.8
OR,199103,6.5
OR,199104,5.8
OR,199105,5.6
OR,199106,6.1
OR,199107,5.9
OR,199108,5.9
OR,199109,5.7
OR,199110,6.0
OR,199111,6.4
OR,199112,6.7
OR,199113,6.2
OR,199201,8.3
OR,199202,8.5
OR,199203,8.2
OR,199204,7.2
OR,199205,6.7
OR,199206,7.3
OR,199207,7.1
OR,199208,6.9
OR,199209,6.6
OR,199210,6.5
OR,199211,6.9
OR,199212,7.0
OR,199213,7.3
OR,199301,8.2
OR,199302,8.3
OR,199303,7.9
OR,199304,7.3
OR,199305,6.8
OR,199306,7.2
OR,199307,7.3
OR,199308,6.8
OR,199309,6.3
OR,199310,6.1
OR,199311,5.9
OR,199312,5.9
OR,199313,7.0
OR,199401,7.2
OR,199402,7.1
OR,199403,6.6
OR,199404,5.7
OR,199405,4.9
OR,199406,5.3
OR,199407,5.1
OR,199408,4.8
OR,199409,4.3
OR,199410,4.2
OR,199411,4.2
OR,199412,4.3
OR,199413,5.3
OR,199501,5.5
OR,199502,5.3
OR,199503,5.0
OR,199504,4.8
OR,199505,4.5
OR,199506,4.8
OR,199507,4.7
OR,199508,4.6
OR,199509,4.2
OR,199510,4.2
OR,199511,4.6
OR,199512,4.8
OR,199513,4.8
OR,199601,6.2
OR,199602,6.1
OR,199603,6.1
OR,199604,5.6
OR,199605,5.2
OR,199606,5.4
OR,199607,5.7
OR,199608,5.3
OR,199609,4.9
OR,199610,5.1
OR,199611,5.6
OR,199612,5.7
OR,199613,5.6
OR,199701,6.7
OR,199702,6.7
OR,199703,6.6
OR,199704,5.7
OR,199705,4.9
OR,199706,5.5
OR,199707,5.5
OR,199708,5.4
OR,199709,5.0
OR,199710,4.7
OR,199711,4.9
OR,199712,5.1
OR,199713,5.5
OR,199801,6.1
OR,199802,6.0
OR,199803,6.2
OR,199804,5.3
OR,199805,5.1
OR,199806,5.7
OR,199807,5.8
OR,199808,5.7
OR,199809,5.4
OR,199810,5.4
OR,199811,5.4
OR,199812,5.4
OR,199813,5.6
OR,199901,6.5
OR,199902,6.5
OR,199903,6.1
OR,199904,5.5
OR,199905,4.9
OR,199906,5.7
OR,199907,5.7
OR,199908,5.5
OR,199909,5.1
OR,199910,4.8
OR,199911,4.7
OR,199912,4.7
OR,199913,5.5
OR,200001,5.7
OR,200002,5.8
OR,200003,5.7
OR,200004,5.0
OR,200005,5.0
OR,200006,5.3
OR,200007,5.4
OR,200008,5.4
OR,200009,4.7
OR,200010,4.8
OR,200011,4.8
OR,200012,4.7
OR,200013,5.2
OR,200101,6.0
OR,200102,6.2
OR,200103,6.3
OR,200104,5.9
OR,200105,5.5
OR,200106,6.0
OR,200107,6.3
OR,200108,6.5
OR,200109,6.2
OR,200110,6.7
OR,200111,7.2
OR,200112,7.6
OR,200113,6.4
OR,200201,8.8
OR,200202,8.5
OR,200203,8.3
OR,200204,7.6
OR,200205,6.9
OR,200206,7.3
OR,200207,7.3
OR,200208,7.1
OR,200209,6.5
OR,200210,6.7
OR,200211,7.1
OR,200212,7.4
OR,200213,7.5
OR,200301,8.4
OR,200302,8.4
OR,200303,8.5
OR,200304,8.2
OR,200305,8.0
OR,200306,8.7
OR,200307,8.3
OR,200308,8.0
OR,200309,7.5
OR,200310,7.2
OR,200311,7.4
OR,200312,7.3
OR,200313,8.0
OR,200401,8.6
OR,200402,8.3
OR,200403,8.5
OR,200404,7.5
OR,200405,7.1
OR,200406,7.4
OR,200407,7.4
OR,200408,7.2
OR,200409,6.6
OR,200410,6.5
OR,200411,6.6
OR,200412,6.5
OR,200413,7.4
OR,200501,7.1
OR,200502,7.3
OR,200503,6.9
OR,200504,6.4
OR,200505,5.9
OR,200506,6.2
OR,200507,6.3
OR,200508,5.9
OR,200509,5.5
OR,200510,5.3
OR,200511,5.5
OR,200512,5.5
OR,200513,6.2
OR,200601,6.2
OR,200602,6.3
OR,200603,6.0
OR,200604,5.5
OR,200605,5.0
OR,200606,5.3
OR,200607,5.6
OR,200608,5.3
OR,200609,4.8
OR,200610,4.6
OR,200611,5.0
OR,200612,5.1
OR,200613,5.4
OR,200701,6.0
OR,200702,5.8
OR,200703,5.6
OR,200704,5.1
OR,200705,4.6
OR,200706,5.0
OR,200707,5.4
OR,200708,5.1
OR,200709,4.8
OR,200710,4.8
OR,200711,4.9
OR,200712,5.2
OR,200713,5.2
OR,200801,5.9
OR,200802,5.7
OR,200803,5.7
OR,200804,5.0
OR,200805,5.1
OR,200806,5.6
OR,200807,6.3
OR,200808,6.5
OR,200809,6.3
OR,200810,6.9
OR,200811,7.6
OR,200812,8.6
OR,200813,6.3
OR,200901,10.5
OR,200902,11.2
OR,200903,11.7
OR,200904,11.0
OR,200905,10.7
OR,200906,10.9
OR,200907,10.8
OR,200908,10.6
OR,200909,10.0
OR,200910,10.0
OR,200911,9.9
OR,200912,10.5
OR,200913,10.6
OR,201001,11.6
OR,201002,11.4
OR,201003,11.6
OR,201004,10.7
OR,201005,10.2
OR,201006,10.4
OR,201007,10.7
OR,201008,10.4
OR,201009,10.0
OR,201010,9.8
OR,201011,10.2
OR,201012,10.1
OR,201013,10.6
OR,201101,10.8
OR,201102,10.4
OR,201103,10.0
OR,201104,9.2
OR,201105,9.0
OR,201106,9.6
OR,201107,9.7
OR,201108,9.4
OR,201109,9.0
OR,201110,8.8
OR,201111,8.5
OR,201112,8.9
OR,201113,9.5
OR,201201,9.7
OR,201202,9.5
OR,201203,9.3
OR,201204,8.5
OR,201205,8.4
OR,201206,8.8
OR,201207,9.1
OR,201208,8.7
OR,201209,7.9
OR,201210,8.0
OR,201211,8.0
OR,201212,8.4
OR,201213,8.7
OR,201301,9.5
OR,201302,8.9
OR,201303,8.5
OR,201304,7.7
OR,201305,7.5
OR,201306,8.0
OR,201307,8.0
OR,201308,7.5
OR,201309,6.9
OR,201310,7.0
OR,201311,6.7
OR,201312,6.9
OR,201313,7.8
OR,201401,7.8
OR,201402,7.7
OR,201403,7.7
OR,201404,6.6
OR,201405,6.4
OR,201406,6.6
OR,201407,7.0
OR,201408,6.8
OR,201409,6.0
OR,201410,5.9
OR,201411,5.9
OR,201412,5.7
OR,201413,6.7
OR,201501,6.5
OR,201502,6.0
OR,201503,6.0
OR,201504,5.4
OR,201505,5.4
OR,201506,5.6
OR,201507,5.9
OR,201508,5.4
OR,201509,5.0
OR,201510,4.8
OR,201511,4.8
OR,201512,4.9
OR,201513,5.5
OR,201601,5.4
OR,201602,5.3
OR,201603,5.3
OR,201604,4.8
OR,201605,4.5
OR,201606,5.2
OR,201607,5.3
OR,201608,4.9
OR,201609,4.4
OR,201610,4.2
OR,201611,3.9
OR,201612,4.0
OR,201613,4.8
OR,201701,4.7
OR,201702,4.3
OR,201703,4.3
OR,201704,3.7
OR,201705,3.6
OR,201706,4.1
OR,201707,4.4
OR,201708,4.4
OR,201709,3.9
OR,201710,3.7
OR,201711,3.6
OR,201712,3.9
OR,201713,4.1
OR,201801,4.7
OR,201802,4.5
OR,201803,4.4
OR,201804,3.8
OR,201805,3.4
OR,201806,4.0
OR,201807,4.2
OR,201808,4.0
OR,201809,3.7
OR,201810,3.8
OR,201811,3.7
OR,201812,4.1
OR,201813,4.0
OR,201901,4.9
OR,201902,4.4
OR,201903,4.5
OR,201904,3.7
OR,201905,3.3
OR,201906,3.8
OR,201907,4.1
OR,201908,3.9
OR,201909,3.2
OR,201910,2.9
OR,201911,2.8
OR,201912,3.0
OR,201913,3.7
OR,202001,4.1
OR,202002,3.8
OR,202003,4.6
OR,202004,13.3
OR,202005,11.7
OR,202006,10.1
OR,202007,9.7
OR,202008,7.7
OR,202009,7.3
OR,202010,6.2
OR,202011,5.9
OR,202012,6.4
OR,202013,7.6
OR,202101,7.1
OR,202102,6.7
OR,202103,6.6
OR,202104,5.8
OR,202105,5.3
OR,202106,5.5
OR,202107,5.2
OR,202108,4.8
OR,202109,4.2
OR,202110,3.7
OR,202111,3.6
OR,202112,3.7
OR,202113,5.2
OR,202201,4.6
OR,202202,4.2
OR,202203,4.1
OR,202204,3.5
OR,202205,3.3
OR,202206,3.9
OR,202207,4.1
OR,202208,4.2
OR,202209,3.8
OR,202210,3.8
OR,202211,3.9
OR,202212,3.9
OR,202213,4.0
OR,202301,4.5
OR,202302,4.1
OR,202303,3.8
OR,202304,3.1
OR,202305,3.3
OR,202306,3.7
OR,202307,3.9
OR,202308,3.9
OR,202309,3.6
OR,202310,3.6
OR,202311,3.6
OR,202312,4.0
OR,202313,3.8
OR,202401,4.7
OR,202402,4.6
OR,202403,4.4
OR,202404,3.7
OR,202405,3.6
OR,202406,4.0
OR,202407,4.6
OR,202408,4.4
OR,202409,3.9
OR,202410,3.9
OR,202411,4.0
OR,202412,4.3
OR,202413,4.2
OR,202501,5.3
OR,202502,5.2
OR,202503,5.2
PA,197601,8.8
PA,197602,9.1
PA,197603,8.6
PA,197604,7.9
PA,197605,7.4
PA,197606,8.4
PA,197607,7.9
PA,197608,7.4
PA,197609,7.4
PA,197610,7.6
PA,197611,7.7
PA,197612,7.8
PA,197613,8.0
PA,197701,8.9
PA,197702,9.2
PA,197703,8.7
PA,197704,7.5
PA,197705,6.8
PA,197706,8.1
PA,197707,7.5
PA,197708,7.5
PA,197709,7.3
PA,197710,7.2
PA,197711,7.1
PA,197712,7.0
PA,197713,7.7
PA,197801,8.1
PA,197802,8.2
PA,197803,8.0
PA,197804,6.7
PA,197805,6.1
PA,197806,7.0
PA,197807,7.2
PA,197808,6.6
PA,197809,6.7
PA,197810,6.6
PA,197811,6.5
PA,197812,6.5
PA,197813,7.0
PA,197901,7.5
PA,197902,7.9
PA,197903,7.4
PA,197904,6.6
PA,197905,6.1
PA,197906,7.2
PA,197907,7.0
PA,197908,6.9
PA,197909,6.8
PA,197910,7.0
PA,197911,6.8
PA,197912,6.7
PA,197913,7.0
PA,198001,8.2
PA,198002,8.0
PA,198003,7.9
PA,198004,7.7
PA,198005,8.1
PA,198006,9.1
PA,198007,9.2
PA,198008,8.6
PA,198009,8.1
PA,198010,8.1
PA,198011,7.8
PA,198012,7.4
PA,198013,8.2
PA,198101,8.8
PA,198102,8.8
PA,198103,8.5
PA,198104,7.7
PA,198105,7.9
PA,198106,8.6
PA,198107,7.9
PA,198108,7.7
PA,198109,8.1
PA,198110,8.5
PA,198111,8.7
PA,198112,9.0
PA,198113,8.3
PA,198201,10.5
PA,198202,10.7
PA,198203,10.5
PA,198204,10.1
PA,198205,10.0
PA,198206,10.8
PA,198207,10.9
PA,198208,10.6
PA,198209,10.9
PA,198210,11.4
PA,198211,11.8
PA,198212,12.0
PA,198213,10.9
PA,198301,13.1
PA,198302,13.1
PA,198303,12.6
PA,198304,11.7
PA,198305,11.3
PA,198306,11.7
PA,198307,10.6
PA,198308,10.2
PA,198309,9.9
PA,198310,9.6
PA,198311,9.2
PA,198312,9.2
PA,198313,11.0
PA,198401,10.1
PA,198402,9.9
PA,198403,9.5
PA,198404,9.0
PA,198405,8.6
PA,198406,8.9
PA,198407,8.9
PA,198408,8.5
PA,198409,8.4
PA,198410,8.3
PA,198411,8.2
PA,198412,7.9
PA,198413,8.9
PA,198501,8.9
PA,198502,9.1
PA,198503,8.6
PA,198504,8.0
PA,198505,8.0
PA,198506,8.4
PA,198507,8.1
PA,198508,7.4
PA,198509,7.4
PA,198510,7.5
PA,198511,7.4
PA,198512,7.1
PA,198513,8.0
PA,198601,7.9
PA,198602,8.4
PA,198603,8.0
PA,198604,7.1
PA,198605,7.2
PA,198606,7.3
PA,198607,6.9
PA,198608,6.3
PA,198609,6.5
PA,198610,6.3
PA,198611,6.3
PA,198612,5.6
PA,198613,7.0
PA,198701,6.8
PA,198702,6.8
PA,198703,6.4
PA,198704,5.6
PA,198705,5.7
PA,198706,5.9
PA,198707,5.7
PA,198708,5.3
PA,198709,5.4
PA,198710,5.4
PA,198711,5.3
PA,198712,4.9
PA,198713,5.8
PA,198801,6.2
PA,198802,6.2
PA,198803,5.7
PA,198804,4.9
PA,198805,5.2
PA,198806,5.2
PA,198807,5.2
PA,198808,4.8
PA,198809,4.8
PA,198810,4.8
PA,198811,4.7
PA,198812,4.3
PA,198813,5.2
PA,198901,5.6
PA,198902,5.4
PA,198903,4.9
PA,198904,4.7
PA,198905,4.8
PA,198906,5.0
PA,198907,5.0
PA,198908,4.5
PA,198909,4.7
PA,198910,4.7
PA,198911,4.9
PA,198912,4.9
PA,198913,4.9
PA,199001,5.9
PA,199002,5.9
PA,199003,5.4
PA,199004,5.2
PA,199005,5.2
PA,199006,5.2
PA,199007,5.5
PA,199008,5.1
PA,199009,5.4
PA,199010,5.5
PA,199011,5.9
PA,199012,5.8
PA,199013,5.5
PA,199101,7.2
PA,199102,7.6
PA,199103,7.5
PA,199104,6.8
PA,199105,7.1
PA,199106,7.0
PA,199107,6.9
PA,199108,6.4
PA,199109,6.4
PA,199110,6.5
PA,199111,6.8
PA,199112,6.8
PA,199113,6.9
PA,199201,8.2
PA,199202,8.4
PA,199203,7.8
PA,199204,7.1
PA,199205,7.5
PA,199206,7.7
PA,199207,7.6
PA,199208,7.1
PA,199209,7.1
PA,199210,6.7
PA,199211,6.9
PA,199212,6.7
PA,199213,7.4
PA,199301,7.8
PA,199302,7.7
PA,199303,7.4
PA,199304,6.8
PA,199305,6.9
PA,199306,7.0
PA,199307,7.0
PA,199308,6.5
PA,199309,6.4
PA,199310,6.4
PA,199311,6.3
PA,199312,5.9
PA,199313,6.8
PA,199401,7.4
PA,199402,7.3
PA,199403,7.2
PA,199404,6.5
PA,199405,6.3
PA,199406,6.3
PA,199407,6.5
PA,199408,6.1
PA,199409,5.8
PA,199410,5.6
PA,199411,5.5
PA,199412,5.2
PA,199413,6.3
PA,199501,6.5
PA,199502,6.3
PA,199503,6.1
PA,199504,5.9
PA,199505,6.0
PA,199506,6.0
PA,199507,6.2
PA,199508,5.8
PA,199509,5.7
PA,199510,5.3
PA,199511,5.7
PA,199512,5.3
PA,199513,5.9
PA,199601,7.0
PA,199602,6.4
PA,199603,6.2
PA,199604,5.6
PA,199605,5.7
PA,199606,5.4
PA,199607,5.7
PA,199608,5.0
PA,199609,4.9
PA,199610,4.8
PA,199611,5.0
PA,199612,4.8
PA,199613,5.5
PA,199701,6.0
PA,199702,5.9
PA,199703,5.7
PA,199704,5.0
PA,199705,5.1
PA,199706,5.3
PA,199707,5.4
PA,199708,5.0
PA,199709,4.9
PA,199710,4.5
PA,199711,4.5
PA,199712,4.3
PA,199713,5.1
PA,199801,5.4
PA,199802,5.4
PA,199803,5.4
PA,199804,4.2
PA,199805,4.5
PA,199806,4.8
PA,199807,4.9
PA,199808,4.6
PA,199809,4.5
PA,199810,4.3
PA,199811,4.3
PA,199812,4.0
PA,199813,4.7
PA,199901,5.1
PA,199902,5.1
PA,199903,4.8
PA,199904,4.2
PA,199905,4.3
PA,199906,4.7
PA,199907,4.8
PA,199908,4.5
PA,199909,4.4
PA,199910,4.0
PA,199911,4.1
PA,199912,3.8
PA,199913,4.5
PA,200001,4.7
PA,200002,4.8
PA,200003,4.4
PA,200004,3.7
PA,200005,4.2
PA,200006,4.3
PA,200007,4.4
PA,200008,4.4
PA,200009,4.0
PA,200010,3.8
PA,200011,4.1
PA,200012,3.8
PA,200013,4.2
PA,200101,5.0
PA,200102,5.0
PA,200103,4.8
PA,200104,4.2
PA,200105,4.5
PA,200106,4.8
PA,200107,4.9
PA,200108,5.0
PA,200109,4.6
PA,200110,4.9
PA,200111,5.2
PA,200112,5.0
PA,200113,4.8
PA,200201,6.4
PA,200202,6.1
PA,200203,5.9
PA,200204,5.3
PA,200205,5.4
PA,200206,5.6
PA,200207,5.6
PA,200208,5.3
PA,200209,4.9
PA,200210,5.0
PA,200211,5.4
PA,200212,5.5
PA,200213,5.6
PA,200301,6.4
PA,200302,6.4
PA,200303,6.1
PA,200304,5.5
PA,200305,5.6
PA,200306,6.0
PA,200307,5.9
PA,200308,5.6
PA,200309,5.3
PA,200310,5.1
PA,200311,5.2
PA,200312,5.0
PA,200313,5.7
PA,200401,6.2
PA,200402,6.0
PA,200403,5.9
PA,200404,5.0
PA,200405,5.2
PA,200406,5.6
PA,200407,5.6
PA,200408,5.3
PA,200409,4.8
PA,200410,4.9
PA,200411,5.0
PA,200412,4.9
PA,200413,5.4
PA,200501,5.7
PA,200502,5.9
PA,200503,5.7
PA,200504,4.7
PA,200505,4.8
PA,200506,5.1
PA,200507,5.1
PA,200508,4.9
PA,200509,4.5
PA,200510,4.4
PA,200511,4.7
PA,200512,4.5
PA,200513,5.0
PA,200601,5.3
PA,200602,5.3
PA,200603,4.9
PA,200604,4.5
PA,200605,4.6
PA,200606,4.9
PA,200607,5.1
PA,200608,4.9
PA,200609,4.3
PA,200610,4.0
PA,200611,4.3
PA,200612,4.2
PA,200613,4.7
PA,200701,5.2
PA,200702,5.0
PA,200703,4.6
PA,200704,4.2
PA,200705,4.4
PA,200706,4.7
PA,200707,4.8
PA,200708,4.7
PA,200709,4.3
PA,200710,4.2
PA,200711,4.3
PA,200712,4.6
PA,200713,4.6
PA,200801,5.5
PA,200802,5.4
PA,200803,5.2
PA,200804,4.6
PA,200805,5.0
PA,200806,5.3
PA,200807,5.6
PA,200808,5.7
PA,200809,5.0
PA,200810,5.2
PA,200811,5.6
PA,200812,6.3
PA,200813,5.4
PA,200901,7.8
PA,200902,8.4
PA,200903,8.3
PA,200904,7.6
PA,200905,8.1
PA,200906,8.4
PA,200907,8.5
PA,200908,8.4
PA,200909,7.8
PA,200910,7.6
PA,200911,7.5
PA,200912,7.8
PA,200913,8.0
PA,201001,9.1
PA,201002,9.3
PA,201003,8.8
PA,201004,7.9
PA,201005,8.1
PA,201006,8.1
PA,201007,8.4
PA,201008,8.3
PA,201009,7.4
PA,201010,7.4
PA,201011,7.6
PA,201012,7.5
PA,201013,8.2
PA,201101,8.4
PA,201102,8.2
PA,201103,7.8
PA,201104,7.1
PA,201105,7.4
PA,201106,8.0
PA,201107,8.1
PA,201108,8.2
PA,201109,7.4
PA,201110,7.2
PA,201111,7.2
PA,201112,7.3
PA,201113,7.7
PA,201201,8.1
PA,201202,8.0
PA,201203,7.6
PA,201204,6.9
PA,201205,7.4
PA,201206,8.0
PA,201207,8.2
PA,201208,8.1
PA,201209,7.1
PA,201210,7.1
PA,201211,7.0
PA,201212,7.3
PA,201213,7.6
PA,201301,8.4
PA,201302,7.9
PA,201303,7.4
PA,201304,6.7
PA,201305,6.9
PA,201306,7.4
PA,201307,7.4
PA,201308,7.3
PA,201309,6.5
PA,201310,6.5
PA,201311,6.3
PA,201312,6.1
PA,201313,7.1
PA,201401,6.9
PA,201402,7.0
PA,201403,6.6
PA,201404,5.6
PA,201405,6.0
PA,201406,6.1
PA,201407,6.5
PA,201408,6.2
PA,201409,5.2
PA,201410,5.2
PA,201411,5.1
PA,201412,5.2
PA,201413,6.0
PA,201501,6.2
PA,201502,6.0
PA,201503,5.7
PA,201504,5.0
PA,201505,5.5
PA,201506,5.6
PA,201507,5.9
PA,201508,5.7
PA,201509,5.0
PA,201510,4.9
PA,201511,4.9
PA,201512,4.9
PA,201513,5.4
PA,201601,5.7
PA,201602,5.8
PA,201603,5.6
PA,201604,5.0
PA,201605,5.1
PA,201606,5.5
PA,201607,5.8
PA,201608,5.8
PA,201609,5.1
PA,201610,5.0
PA,201611,4.7
PA,201612,4.8
PA,201613,5.3
PA,201701,5.7
PA,201702,5.6
PA,201703,5.2
PA,201704,4.6
PA,201705,4.7
PA,201706,5.0
PA,201707,5.4
PA,201708,5.5
PA,201709,4.5
PA,201710,4.4
PA,201711,4.5
PA,201712,4.5
PA,201713,5.0
PA,201801,5.2
PA,201802,5.2
PA,201803,4.7
PA,201804,4.1
PA,201805,4.0
PA,201806,4.6
PA,201807,4.8
PA,201808,4.8
PA,201809,3.9
PA,201810,3.9
PA,201811,3.7
PA,201812,4.0
PA,201813,4.4
PA,201901,4.8
PA,201902,4.7
PA,201903,4.5
PA,201904,3.7
PA,201905,4.0
PA,201906,4.4
PA,201907,4.8
PA,201908,4.9
PA,201909,3.9
PA,201910,4.0
PA,201911,3.9
PA,201912,4.1
PA,201913,4.3
PA,202001,4.7
PA,202002,4.6
PA,202003,5.3
PA,202004,15.1
PA,202005,13.0
PA,202006,11.9
PA,202007,11.2
PA,202008,9.4
PA,202009,8.5
PA,202010,7.4
PA,202011,7.3
PA,202012,7.8
PA,202013,8.8
PA,202101,7.5
PA,202102,7.3
PA,202103,6.6
PA,202104,6.2
PA,202105,6.1
PA,202106,6.6
PA,202107,6.4
PA,202108,6.3
PA,202109,4.9
PA,202110,4.8
PA,202111,4.1
PA,202112,3.7
PA,202113,5.9
PA,202201,4.8
PA,202202,4.6
PA,202203,4.2
PA,202204,3.8
PA,202205,4.0
PA,202206,4.5
PA,202207,4.6
PA,202208,5.0
PA,202209,3.6
PA,202210,3.7
PA,202211,3.6
PA,202212,3.4
PA,202213,4.1
PA,202301,4.1
PA,202302,4.3
PA,202303,3.7
PA,202304,3.1
PA,202305,3.4
PA,202306,3.8
PA,202307,3.9
PA,202308,4.4
PA,202309,3.3
PA,202310,3.4
PA,202311,3.2
PA,202312,3.3
PA,202313,3.7
PA,202401,3.8
PA,202402,4.0
PA,202403,3.6
PA,202404,3.1
PA,202405,3.3
PA,202406,3.9
PA,202407,4.2
PA,202408,4.5
PA,202409,3.2
PA,202410,3.4
PA,202411,3.3
PA,202412,3.3
PA,202413,3.6
PA,202501,4.3
PA,202502,4.2
PA,202503,3.9
RI,197601,9.3
RI,197602,9.2
RI,197603,8.5
RI,197604,7.4
RI,197605,6.6
RI,197606,7.5
RI,197607,7.4
RI,197608,7.6
RI,197609,8.0
RI,197610,8.3
RI,197611,8.2
RI,197612,8.3
RI,197613,8.0
RI,197701,10.1
RI,197702,10.4
RI,197703,9.5
RI,197704,8.1
RI,197705,7.3
RI,197706,7.7
RI,197707,7.8
RI,197708,7.4
RI,197709,7.7
RI,197710,7.3
RI,197711,7.0
RI,197712,6.6
RI,197713,8.1
RI,197801,8.2
RI,197802,8.2
RI,197803,7.4
RI,197804,5.8
RI,197805,5.5
RI,197806,5.9
RI,197807,5.9
RI,197808,5.8
RI,197809,6.1
RI,197810,5.8
RI,197811,5.7
RI,197812,5.8
RI,197813,6.3
RI,197901,7.6
RI,197902,7.5
RI,197903,6.8
RI,197904,6.2
RI,197905,5.7
RI,197906,6.0
RI,197907,6.0
RI,197908,5.9
RI,197909,6.1
RI,197910,6.1
RI,197911,5.9
RI,197912,6.2
RI,197913,6.3
RI,198001,7.7
RI,198002,7.7
RI,198003,7.3
RI,198004,6.7
RI,198005,6.8
RI,198006,7.3
RI,198007,7.3
RI,198008,7.6
RI,198009,7.3
RI,198010,7.2
RI,198011,6.8
RI,198012,6.7
RI,198013,7.2
RI,198101,8.3
RI,198102,8.4
RI,198103,8.0
RI,198104,6.9
RI,198105,6.9
RI,198106,7.1
RI,198107,7.1
RI,198108,7.2
RI,198109,7.5
RI,198110,7.7
RI,198111,7.8
RI,198112,8.5
RI,198113,7.6
RI,198201,9.9
RI,198202,10.2
RI,198203,10.1
RI,198204,9.7
RI,198205,9.4
RI,198206,9.5
RI,198207,9.6
RI,198208,9.5
RI,198209,9.8
RI,198210,10.1
RI,198211,10.0
RI,198212,10.2
RI,198213,9.8
RI,198301,11.3
RI,198302,10.8
RI,198303,10.0
RI,198304,8.8
RI,198305,8.5
RI,198306,8.6
RI,198307,8.0
RI,198308,7.6
RI,198309,7.6
RI,198310,7.2
RI,198311,6.5
RI,198312,6.4
RI,198313,8.4
RI,198401,7.9
RI,198402,7.4
RI,198403,6.7
RI,198404,5.8
RI,198405,5.3
RI,198406,5.1
RI,198407,4.9
RI,198408,4.2
RI,198409,4.4
RI,198410,4.5
RI,198411,4.1
RI,198412,4.2
RI,198413,5.4
RI,198501,6.3
RI,198502,6.0
RI,198503,5.5
RI,198504,4.8
RI,198505,4.4
RI,198506,4.6
RI,198507,4.5
RI,198508,4.0
RI,198509,4.4
RI,198510,4.2
RI,198511,3.7
RI,198512,3.5
RI,198513,4.7
RI,198601,4.9
RI,198602,4.9
RI,198603,4.4
RI,198604,3.7
RI,198605,3.5
RI,198606,3.9
RI,198607,3.9
RI,198608,3.7
RI,198609,4.1
RI,198610,4.1
RI,198611,4.0
RI,198612,3.7
RI,198613,4.1
RI,198701,5.1
RI,198702,4.9
RI,198703,4.9
RI,198704,4.0
RI,198705,3.5
RI,198706,3.4
RI,198707,3.2
RI,198708,3.2
RI,198709,3.4
RI,198710,3.4
RI,198711,3.0
RI,198712,2.7
RI,198713,3.7
RI,198801,4.1
RI,198802,4.1
RI,198803,3.5
RI,198804,2.5
RI,198805,2.2
RI,198806,2.6
RI,198807,2.6
RI,198808,2.9
RI,198809,3.0
RI,198810,3.0
RI,198811,2.7
RI,198812,2.6
RI,198813,3.0
RI,198901,4.3
RI,198902,4.0
RI,198903,3.8
RI,198904,3.3
RI,198905,3.1
RI,198906,3.2
RI,198907,3.5
RI,198908,3.6
RI,198909,4.1
RI,198910,4.4
RI,198911,4.5
RI,198912,4.9
RI,198913,3.9
RI,199001,6.6
RI,199002,6.7
RI,199003,5.9
RI,199004,6.0
RI,199005,5.8
RI,199006,5.8
RI,199007,6.2
RI,199008,6.0
RI,199009,6.1
RI,199010,6.1
RI,199011,6.5
RI,199012,6.6
RI,199013,6.2
RI,199101,8.5
RI,199102,8.8
RI,199103,8.7
RI,199104,7.8
RI,199105,7.9
RI,199106,7.9
RI,199107,8.1
RI,199108,8.2
RI,199109,8.3
RI,199110,8.4
RI,199111,8.3
RI,199112,8.4
RI,199113,8.3
RI,199201,10.2
RI,199202,10.2
RI,199203,9.8
RI,199204,8.9
RI,199205,8.9
RI,199206,9.2
RI,199207,9.0
RI,199208,8.8
RI,199209,8.7
RI,199210,8.2
RI,199211,8.2
RI,199212,8.0
RI,199213,9.0
RI,199301,9.6
RI,199302,9.2
RI,199303,8.7
RI,199304,8.0
RI,199305,7.5
RI,199306,7.4
RI,199307,7.1
RI,199308,6.9
RI,199309,6.9
RI,199310,7.1
RI,199311,6.8
RI,199312,6.7
RI,199313,7.7
RI,199401,8.8
RI,199402,8.1
RI,199403,7.7
RI,199404,6.5
RI,199405,6.1
RI,199406,6.2
RI,199407,6.6
RI,199408,6.5
RI,199409,6.2
RI,199410,6.1
RI,199411,5.8
RI,199412,5.5
RI,199413,6.7
RI,199501,7.7
RI,199502,7.2
RI,199503,6.9
RI,199504,6.4
RI,199505,6.3
RI,199506,6.3
RI,199507,6.7
RI,199508,6.3
RI,199509,6.0
RI,199510,5.6
RI,199511,5.3
RI,199512,5.2
RI,199513,6.3
RI,199601,7.0
RI,199602,6.4
RI,199603,5.8
RI,199604,4.9
RI,199605,4.7
RI,199606,4.6
RI,199607,5.0
RI,199608,4.8
RI,199609,4.7
RI,199610,4.6
RI,199611,4.9
RI,199612,4.9
RI,199613,5.2
RI,199701,6.7
RI,199702,6.3
RI,199703,6.1
RI,199704,5.3
RI,199705,5.3
RI,199706,5.3
RI,199707,5.3
RI,199708,5.1
RI,199709,4.9
RI,199710,4.7
RI,199711,4.5
RI,199712,4.5
RI,199713,5.3
RI,199801,6.1
RI,199802,5.8
RI,199803,5.6
RI,199804,4.4
RI,199805,4.3
RI,199806,4.2
RI,199807,4.4
RI,199808,4.4
RI,199809,4.3
RI,199810,4.3
RI,199811,3.8
RI,199812,3.5
RI,199813,4.6
RI,199901,5.4
RI,199902,4.8
RI,199903,4.1
RI,199904,3.7
RI,199905,3.8
RI,199906,4.0
RI,199907,4.4
RI,199908,4.3
RI,199909,4.1
RI,199910,4.1
RI,199911,3.9
RI,199912,3.8
RI,199913,4.2
RI,200001,5.3
RI,200002,5.1
RI,200003,4.5
RI,200004,3.7
RI,200005,3.9
RI,200006,3.8
RI,200007,4.2
RI,200008,4.3
RI,200009,3.5
RI,200010,3.3
RI,200011,3.4
RI,200012,3.4
RI,200013,4.0
RI,200101,5.2
RI,200102,5.0
RI,200103,5.1
RI,200104,4.3
RI,200105,4.3
RI,200106,4.5
RI,200107,4.7
RI,200108,4.5
RI,200109,3.9
RI,200110,4.1
RI,200111,4.2
RI,200112,4.3
RI,200113,4.5
RI,200201,5.9
RI,200202,5.3
RI,200203,5.1
RI,200204,4.7
RI,200205,4.6
RI,200206,4.5
RI,200207,5.0
RI,200208,5.3
RI,200209,4.9
RI,200210,5.0
RI,200211,5.1
RI,200212,5.2
RI,200213,5.1
RI,200301,6.6
RI,200302,6.3
RI,200303,6.1
RI,200304,5.4
RI,200305,5.4
RI,200306,5.7
RI,200307,5.7
RI,200308,5.5
RI,200309,4.8
RI,200310,4.8
RI,200311,5.0
RI,200312,5.0
RI,200313,5.5
RI,200401,6.6
RI,200402,6.2
RI,200403,6.3
RI,200404,5.6
RI,200405,5.4
RI,200406,5.4
RI,200407,5.6
RI,200408,5.1
RI,200409,4.3
RI,200410,4.1
RI,200411,4.3
RI,200412,4.4
RI,200413,5.3
RI,200501,5.7
RI,200502,5.7
RI,200503,5.5
RI,200504,4.7
RI,200505,4.7
RI,200506,5.0
RI,200507,5.4
RI,200508,5.3
RI,200509,5.1
RI,200510,4.8
RI,200511,4.9
RI,200512,5.0
RI,200513,5.1
RI,200601,6.1
RI,200602,6.2
RI,200603,5.8
RI,200604,5.3
RI,200605,5.2
RI,200606,5.2
RI,200607,5.6
RI,200608,5.4
RI,200609,4.6
RI,200610,4.4
RI,200611,4.7
RI,200612,4.6
RI,200613,5.2
RI,200701,5.7
RI,200702,5.4
RI,200703,4.9
RI,200704,4.7
RI,200705,4.7
RI,200706,4.7
RI,200707,5.4
RI,200708,5.3
RI,200709,4.8
RI,200710,4.9
RI,200711,5.2
RI,200712,5.7
RI,200713,5.1
RI,200801,7.2
RI,200802,7.0
RI,200803,6.9
RI,200804,6.2
RI,200805,7.1
RI,200806,7.2
RI,200807,7.9
RI,200808,8.4
RI,200809,7.9
RI,200810,8.1
RI,200811,8.4
RI,200812,9.2
RI,200813,7.6
RI,200901,11.1
RI,200902,11.4
RI,200903,11.3
RI,200904,10.9
RI,200905,11.1
RI,200906,11.1
RI,200907,11.4
RI,200908,11.4
RI,200909,11.0
RI,200910,11.0
RI,200911,11.1
RI,200912,11.4
RI,200913,11.2
RI,201001,12.9
RI,201002,12.8
RI,201003,12.4
RI,201004,11.6
RI,201005,11.4
RI,201006,11.1
RI,201007,11.6
RI,201008,11.6
RI,201009,10.9
RI,201010,10.9
RI,201011,11.4
RI,201012,11.1
RI,201013,11.6
RI,201101,12.2
RI,201102,12.0
RI,201103,11.5
RI,201104,10.6
RI,201105,10.8
RI,201106,10.7
RI,201107,11.3
RI,201108,11.2
RI,201109,10.8
RI,201110,10.7
RI,201111,10.7
RI,201112,10.7
RI,201113,11.1
RI,201201,11.8
RI,201202,11.7
RI,201203,11.0
RI,201204,10.0
RI,201205,10.2
RI,201206,10.1
RI,201207,10.7
RI,201208,10.5
RI,201209,9.5
RI,201210,9.4
RI,201211,9.4
RI,201212,9.3
RI,201213,10.3
RI,201301,10.7
RI,201302,10.2
RI,201303,9.7
RI,201304,9.0
RI,201305,9.4
RI,201306,9.3
RI,201307,9.7
RI,201308,9.8
RI,201309,9.2
RI,201310,9.1
RI,201311,9.0
RI,201312,8.7
RI,201313,9.5
RI,201401,9.7
RI,201402,9.5
RI,201403,9.0
RI,201404,7.6
RI,201405,7.8
RI,201406,7.3
RI,201407,7.9
RI,201408,7.9
RI,201409,7.0
RI,201410,6.5
RI,201411,6.7
RI,201412,6.2
RI,201413,7.8
RI,201501,7.4
RI,201502,7.2
RI,201503,6.7
RI,201504,5.7
RI,201505,6.1
RI,201506,5.8
RI,201507,6.1
RI,201508,6.1
RI,201509,5.2
RI,201510,5.3
RI,201511,5.6
RI,201512,5.3
RI,201513,6.0
RI,201601,6.3
RI,201602,6.3
RI,201603,5.8
RI,201604,5.0
RI,201605,5.1
RI,201606,5.1
RI,201607,5.4
RI,201608,5.6
RI,201609,4.8
RI,201610,4.5
RI,201611,4.5
RI,201612,4.4
RI,201613,5.2
RI,201701,5.5
RI,201702,5.4
RI,201703,4.7
RI,201704,4.1
RI,201705,4.1
RI,201706,4.2
RI,201707,4.6
RI,201708,4.7
RI,201709,4.0
RI,201710,4.0
RI,201711,4.4
RI,201712,4.1
RI,201713,4.5
RI,201801,5.2
RI,201802,5.3
RI,201803,4.6
RI,201804,3.8
RI,201805,3.7
RI,201806,3.8
RI,201807,4.0
RI,201808,4.2
RI,201809,3.4
RI,201810,3.2
RI,201811,3.6
RI,201812,3.6
RI,201813,4.0
RI,201901,4.7
RI,201902,4.4
RI,201903,3.9
RI,201904,3.1
RI,201905,3.4
RI,201906,3.3
RI,201907,3.6
RI,201908,3.9
RI,201909,3.0
RI,201910,2.8
RI,201911,3.1
RI,201912,3.0
RI,201913,3.5
RI,202001,4.1
RI,202002,4.1
RI,202003,4.7
RI,202004,17.5
RI,202005,15.9
RI,202006,12.8
RI,202007,12.1
RI,202008,10.7
RI,202009,9.5
RI,202010,6.2
RI,202011,6.5
RI,202012,6.9
RI,202013,9.2
RI,202101,7.6
RI,202102,7.3
RI,202103,6.2
RI,202104,5.7
RI,202105,6.0
RI,202106,6.4
RI,202107,6.1
RI,202108,6.1
RI,202109,4.6
RI,202110,4.1
RI,202111,3.8
RI,202112,3.2
RI,202113,5.6
RI,202201,4.3
RI,202202,4.2
RI,202203,3.3
RI,202204,2.8
RI,202205,3.0
RI,202206,3.0
RI,202207,3.3
RI,202208,4.0
RI,202209,2.9
RI,202210,2.9
RI,202211,2.9
RI,202212,2.3
RI,202213,3.2
RI,202301,3.5
RI,202302,3.8
RI,202303,3.1
RI,202304,2.3
RI,202305,2.5
RI,202306,2.5
RI,202307,2.6
RI,202308,3.3
RI,202309,2.6
RI,202310,3.0
RI,202311,3.3
RI,202312,3.4
RI,202313,3.0
RI,202401,4.6
RI,202402,5.0
RI,202403,4.3
RI,202404,3.7
RI,202405,4.1
RI,202406,4.1
RI,202407,4.7
RI,202408,5.0
RI,202409,3.9
RI,202410,4.1
RI,202411,4.5
RI,202412,4.2
RI,202413,4.3
RI,202501,5.4
RI,202502,6.2
RI,202503,5.1
SC,197601,8.5
SC,197602,8.5
SC,197603,7.0
SC,197604,6.4
SC,197605,6.0
SC,197606,7.5
SC,197607,6.9
SC,197608,7.1
SC,197609,6.7
SC,197610,6.5
SC,197611,6.6
SC,197612,6.7
SC,197613,7.0
SC,197701,7.7
SC,197702,8.1
SC,197703,7.2
SC,197704,6.3
SC,197705,6.0
SC,197706,7.7
SC,197707,6.4
SC,197708,6.5
SC,197709,6.6
SC,197710,6.3
SC,197711,6.4
SC,197712,5.8
SC,197713,6.8
SC,197801,6.5
SC,197802,6.1
SC,197803,5.5
SC,197804,4.8
SC,197805,5.0
SC,197806,6.5
SC,197807,6.0
SC,197808,5.6
SC,197809,5.5
SC,197810,5.1
SC,197811,5.0
SC,197812,5.2
SC,197813,5.6
SC,197901,6.0
SC,197902,5.6
SC,197903,4.8
SC,197904,4.4
SC,197905,4.2
SC,197906,5.3
SC,197907,4.4
SC,197908,4.9
SC,197909,4.9
SC,197910,5.2
SC,197911,4.9
SC,197912,5.1
SC,197913,5.0
SC,198001,6.3
SC,198002,6.6
SC,198003,5.8
SC,198004,5.7
SC,198005,6.1
SC,198006,7.6
SC,198007,7.0
SC,198008,7.2
SC,198009,7.0
SC,198010,7.3
SC,198011,7.0
SC,198012,7.1
SC,198013,6.7
SC,198101,8.1
SC,198102,8.2
SC,198103,7.3
SC,198104,6.6
SC,198105,7.1
SC,198106,8.4
SC,198107,7.7
SC,198108,8.1
SC,198109,8.6
SC,198110,8.9
SC,198111,9.3
SC,198112,9.9
SC,198113,8.2
SC,198201,10.2
SC,198202,10.7
SC,198203,10.1
SC,198204,10.0
SC,198205,10.2
SC,198206,11.2
SC,198207,10.9
SC,198208,10.9
SC,198209,11.1
SC,198210,11.1
SC,198211,11.3
SC,198212,11.7
SC,198213,10.8
SC,198301,12.1
SC,198302,12.1
SC,198303,11.0
SC,198304,10.4
SC,198305,10.1
SC,198306,10.8
SC,198307,9.5
SC,198308,9.2
SC,198309,8.7
SC,198310,8.2
SC,198311,7.9
SC,198312,8.2
SC,198313,9.9
SC,198401,8.4
SC,198402,8.0
SC,198403,6.9
SC,198404,6.4
SC,198405,6.3
SC,198406,7.0
SC,198407,6.8
SC,198408,7.0
SC,198409,6.8
SC,198410,6.8
SC,198411,6.6
SC,198412,6.6
SC,198413,7.0
SC,198501,7.2
SC,198502,6.9
SC,198503,5.9
SC,198504,5.8
SC,198505,6.3
SC,198506,7.6
SC,198507,7.4
SC,198508,7.2
SC,198509,7.0
SC,198510,7.0
SC,198511,6.7
SC,198512,7.0
SC,198513,6.8
SC,198601,7.3
SC,198602,7.6
SC,198603,6.7
SC,198604,6.1
SC,198605,6.1
SC,198606,6.7
SC,198607,6.2
SC,198608,5.9
SC,198609,6.0
SC,198610,6.1
SC,198611,6.0
SC,198612,5.8
SC,198613,6.4
SC,198701,6.7
SC,198702,6.8
SC,198703,6.1
SC,198704,5.5
SC,198705,5.2
SC,198706,5.5
SC,198707,4.9
SC,198708,5.0
SC,198709,5.1
SC,198710,5.2
SC,198711,5.0
SC,198712,4.9
SC,198713,5.5
SC,198801,5.4
SC,198802,5.4
SC,198803,4.5
SC,198804,4.2
SC,198805,4.5
SC,198806,4.8
SC,198807,4.5
SC,198808,4.7
SC,198809,4.4
SC,198810,4.4
SC,198811,4.1
SC,198812,4.1
SC,198813,4.6
SC,198901,5.0
SC,198902,4.8
SC,198903,3.9
SC,198904,3.8
SC,198905,4.0
SC,198906,5.1
SC,198907,4.8
SC,198908,4.8
SC,198909,4.8
SC,198910,4.9
SC,198911,4.8
SC,198912,4.7
SC,198913,4.6
SC,199001,5.3
SC,199002,5.2
SC,199003,4.3
SC,199004,4.3
SC,199005,4.4
SC,199006,5.0
SC,199007,4.9
SC,199008,5.1
SC,199009,5.1
SC,199010,4.9
SC,199011,5.0
SC,199012,5.2
SC,199013,4.9
SC,199101,6.0
SC,199102,6.4
SC,199103,5.7
SC,199104,5.3
SC,199105,5.6
SC,199106,6.5
SC,199107,6.1
SC,199108,6.4
SC,199109,6.3
SC,199110,6.3
SC,199111,6.3
SC,199112,6.6
SC,199113,6.1
SC,199201,7.2
SC,199202,7.3
SC,199203,6.6
SC,199204,6.1
SC,199205,6.3
SC,199206,7.1
SC,199207,6.9
SC,199208,6.9
SC,199209,6.7
SC,199210,6.5
SC,199211,6.5
SC,199212,6.6
SC,199213,6.7
SC,199301,7.7
SC,199302,8.0
SC,199303,7.4
SC,199304,7.2
SC,199305,7.3
SC,199306,8.0
SC,199307,7.7
SC,199308,7.4
SC,199309,7.0
SC,199310,6.9
SC,199311,6.5
SC,199312,6.5
SC,199313,7.3
SC,199401,7.4
SC,199402,7.4
SC,199403,6.8
SC,199404,6.4
SC,199405,5.9
SC,199406,6.5
SC,199407,6.2
SC,199408,6.1
SC,199409,5.7
SC,199410,5.6
SC,199411,5.2
SC,199412,4.9
SC,199413,6.2
SC,199501,5.8
SC,199502,5.4
SC,199503,4.7
SC,199504,4.7
SC,199505,4.7
SC,199506,5.3
SC,199507,5.3
SC,199508,5.2
SC,199509,5.1
SC,199510,5.1
SC,199511,5.2
SC,199512,5.2
SC,199513,5.1
SC,199601,5.9
SC,199602,5.8
SC,199603,5.4
SC,199604,5.2
SC,199605,5.5
SC,199606,6.1
SC,199607,6.2
SC,199608,5.7
SC,199609,5.6
SC,199610,5.7
SC,199611,5.6
SC,199612,5.4
SC,199613,5.7
SC,199701,6.1
SC,199702,5.8
SC,199703,5.1
SC,199704,4.4
SC,199705,4.4
SC,199706,5.0
SC,199707,4.6
SC,199708,4.4
SC,199709,4.0
SC,199710,3.5
SC,199711,3.2
SC,199712,3.3
SC,199713,4.5
SC,199801,4.0
SC,199802,3.7
SC,199803,3.0
SC,199804,2.7
SC,199805,3.1
SC,199806,4.0
SC,199807,4.1
SC,199808,3.9
SC,199809,3.8
SC,199810,3.9
SC,199811,3.7
SC,199812,3.7
SC,199813,3.6
SC,199901,4.3
SC,199902,4.5
SC,199903,3.7
SC,199904,3.7
SC,199905,3.8
SC,199906,4.4
SC,199907,4.3
SC,199908,4.4
SC,199909,4.3
SC,199910,4.3
SC,199911,4.2
SC,199912,3.9
SC,199913,4.2
SC,200001,4.4
SC,200002,4.3
SC,200003,3.6
SC,200004,3.1
SC,200005,3.6
SC,200006,4.0
SC,200007,3.9
SC,200008,3.9
SC,200009,3.4
SC,200010,3.2
SC,200011,3.3
SC,200012,3.7
SC,200013,3.7
SC,200101,4.6
SC,200102,4.7
SC,200103,4.6
SC,200104,4.5
SC,200105,4.6
SC,200106,5.4
SC,200107,5.3
SC,200108,5.7
SC,200109,5.4
SC,200110,5.7
SC,200111,5.7
SC,200112,5.9
SC,200113,5.2
SC,200201,6.4
SC,200202,6.4
SC,200203,6.0
SC,200204,5.6
SC,200205,5.6
SC,200206,6.3
SC,200207,6.1
SC,200208,6.1
SC,200209,5.8
SC,200210,6.0
SC,200211,6.3
SC,200212,6.4
SC,200213,6.1
SC,200301,7.0
SC,200302,6.9
SC,200303,6.3
SC,200304,6.1
SC,200305,6.4
SC,200306,7.4
SC,200307,7.1
SC,200308,6.9
SC,200309,6.7
SC,200310,6.8
SC,200311,6.7
SC,200312,6.5
SC,200313,6.7
SC,200401,7.2
SC,200402,7.1
SC,200403,7.0
SC,200404,6.4
SC,200405,6.5
SC,200406,7.4
SC,200407,7.1
SC,200408,7.0
SC,200409,6.7
SC,200410,6.8
SC,200411,6.9
SC,200412,7.0
SC,200413,6.9
SC,200501,7.3
SC,200502,7.5
SC,200503,6.7
SC,200504,6.2
SC,200505,6.3
SC,200506,6.9
SC,200507,6.7
SC,200508,6.7
SC,200509,6.8
SC,200510,6.8
SC,200511,6.9
SC,200512,6.6
SC,200513,6.8
SC,200601,6.7
SC,200602,6.9
SC,200603,6.4
SC,200604,6.1
SC,200605,6.1
SC,200606,6.6
SC,200607,6.5
SC,200608,6.5
SC,200609,6.1
SC,200610,6.0
SC,200611,6.0
SC,200612,6.0
SC,200613,6.3
SC,200701,6.4
SC,200702,6.2
SC,200703,5.5
SC,200704,5.1
SC,200705,5.0
SC,200706,5.7
SC,200707,5.8
SC,200708,5.6
SC,200709,5.4
SC,200710,5.5
SC,200711,5.4
SC,200712,5.9
SC,200713,5.6
SC,200801,6.1
SC,200802,5.8
SC,200803,5.6
SC,200804,5.3
SC,200805,6.0
SC,200806,6.7
SC,200807,7.1
SC,200808,7.5
SC,200809,7.4
SC,200810,7.9
SC,200811,8.2
SC,200812,9.0
SC,200813,6.9
SC,200901,10.1
SC,200902,10.6
SC,200903,10.5
SC,200904,10.0
SC,200905,10.6
SC,200906,11.3
SC,200907,11.2
SC,200908,11.3
SC,200909,11.4
SC,200910,11.7
SC,200911,11.5
SC,200912,11.8
SC,200913,11.0
SC,201001,12.3
SC,201002,12.0
SC,201003,11.4
SC,201004,10.5
SC,201005,10.7
SC,201006,11.1
SC,201007,11.2
SC,201008,11.1
SC,201009,10.6
SC,201010,10.6
SC,201011,10.9
SC,201012,10.8
SC,201013,11.1
SC,201101,11.0
SC,201102,10.9
SC,201103,10.4
SC,201104,9.9
SC,201105,10.3
SC,201106,11.0
SC,201107,10.8
SC,201108,10.6
SC,201109,10.2
SC,201110,10.0
SC,201111,9.5
SC,201112,9.7
SC,201113,10.3
SC,201201,10.0
SC,201202,9.9
SC,201203,9.2
SC,201204,8.6
SC,201205,9.0
SC,201206,9.5
SC,201207,9.5
SC,201208,9.1
SC,201209,8.3
SC,201210,8.4
SC,201211,8.2
SC,201212,8.5
SC,201213,9.0
SC,201301,9.0
SC,201302,8.5
SC,201303,7.8
SC,201304,7.1
SC,201305,7.4
SC,201306,8.0
SC,201307,7.7
SC,201308,7.5
SC,201309,6.9
SC,201310,6.9
SC,201311,6.4
SC,201312,6.2
SC,201313,7.4
SC,201401,6.5
SC,201402,6.2
SC,201403,6.1
SC,201404,5.2
SC,201405,5.7
SC,201406,6.4
SC,201407,6.9
SC,201408,6.9
SC,201409,6.4
SC,201410,6.4
SC,201411,6.4
SC,201412,6.3
SC,201413,6.3
SC,201501,6.9
SC,201502,6.7
SC,201503,6.1
SC,201504,5.6
SC,201505,6.0
SC,201506,6.1
SC,201507,6.2
SC,201508,5.7
SC,201509,5.4
SC,201510,5.5
SC,201511,5.3
SC,201512,5.4
SC,201513,5.9
SC,201601,5.7
SC,201602,5.5
SC,201603,5.3
SC,201604,4.6
SC,201605,4.5
SC,201606,5.2
SC,201607,5.1
SC,201608,5.0
SC,201609,4.5
SC,201610,4.5
SC,201611,4.2
SC,201612,4.4
SC,201613,4.9
SC,201701,5.0
SC,201702,4.7
SC,201703,4.1
SC,201704,3.5
SC,201705,3.7
SC,201706,4.4
SC,201707,4.5
SC,201708,4.4
SC,201709,3.9
SC,201710,4.0
SC,201711,4.0
SC,201712,4.1
SC,201713,4.2
SC,201801,4.4
SC,201802,4.1
SC,201803,3.4
SC,201804,2.5
SC,201805,2.8
SC,201806,3.6
SC,201807,3.6
SC,201808,3.5
SC,201809,3.0
SC,201810,3.2
SC,201811,3.0
SC,201812,3.2
SC,201813,3.4
SC,201901,3.7
SC,201902,3.5
SC,201903,3.3
SC,201904,2.6
SC,201905,2.7
SC,201906,3.0
SC,201907,2.8
SC,201908,2.5
SC,201909,1.9
SC,201910,2.4
SC,201911,2.4
SC,201912,2.6
SC,201913,2.8
SC,202001,3.1
SC,202002,3.2
SC,202003,3.4
SC,202004,11.0
SC,202005,9.2
SC,202006,8.0
SC,202007,7.4
SC,202008,6.1
SC,202009,5.7
SC,202010,5.1
SC,202011,4.9
SC,202012,5.0
SC,202013,6.0
SC,202101,5.0
SC,202102,4.8
SC,202103,4.3
SC,202104,3.7
SC,202105,3.6
SC,202106,4.5
SC,202107,4.2
SC,202108,4.0
SC,202109,3.3
SC,202110,3.3
SC,202111,3.2
SC,202112,3.1
SC,202113,3.9
SC,202201,3.8
SC,202202,3.8
SC,202203,3.2
SC,202204,2.6
SC,202205,2.9
SC,202206,3.5
SC,202207,3.3
SC,202208,3.4
SC,202209,3.0
SC,202210,3.3
SC,202211,2.9
SC,202212,2.9
SC,202213,3.2
SC,202301,3.4
SC,202302,3.5
SC,202303,3.0
SC,202304,2.2
SC,202305,2.7
SC,202306,3.2
SC,202307,3.0
SC,202308,2.8
SC,202309,2.8
SC,202310,3.2
SC,202311,3.1
SC,202312,3.2
SC,202313,3.0
SC,202401,3.7
SC,202402,4.0
SC,202403,3.7
SC,202404,3.2
SC,202405,3.8
SC,202406,4.7
SC,202407,4.9
SC,202408,4.9
SC,202409,4.2
SC,202410,4.4
SC,202411,4.2
SC,202412,4.0
SC,202413,4.1
SC,202501,4.3
SC,202502,4.5
SC,202503,4.1
SD,197601,4.8
SD,197602,4.4
SD,197603,4.2
SD,197604,3.1
SD,197605,2.8
SD,197606,3.1
SD,197607,2.7
SD,197608,2.9
SD,197609,3.2
SD,197610,2.7
SD,197611,3.3
SD,197612,3.6
SD,197613,3.4
SD,197701,4.5
SD,197702,4.9
SD,197703,4.8
SD,197704,3.6
SD,197705,3.1
SD,197706,3.6
SD,197707,2.7
SD,197708,2.9
SD,197709,2.7
SD,197710,2.3
SD,197711,2.7
SD,197712,3.0
SD,197713,3.4
SD,197801,4.1
SD,197802,3.8
SD,197803,3.8
SD,197804,3.0
SD,197805,2.6
SD,197806,3.4
SD,197807,3.1
SD,197808,3.2
SD,197809,2.6
SD,197810,2.3
SD,197811,2.9
SD,197812,3.4
SD,197813,3.2
SD,197901,4.4
SD,197902,4.1
SD,197903,4.2
SD,197904,3.7
SD,197905,3.1
SD,197906,3.3
SD,197907,2.6
SD,197908,3.0
SD,197909,2.9
SD,197910,2.6
SD,197911,3.2
SD,197912,3.5
SD,197913,3.4
SD,198001,4.7
SD,198002,4.6
SD,198003,4.7
SD,198004,4.7
SD,198005,4.8
SD,198006,5.0
SD,198007,4.7
SD,198008,4.9
SD,198009,4.5
SD,198010,4.3
SD,198011,4.9
SD,198012,5.0
SD,198013,4.7
SD,198101,6.4
SD,198102,5.9
SD,198103,5.7
SD,198104,4.7
SD,198105,4.5
SD,198106,4.7
SD,198107,3.9
SD,198108,4.2
SD,198109,4.3
SD,198110,4.0
SD,198111,4.9
SD,198112,4.8
SD,198113,4.8
SD,198201,5.7
SD,198202,5.6
SD,198203,5.8
SD,198204,5.5
SD,198205,4.9
SD,198206,5.4
SD,198207,4.8
SD,198208,5.0
SD,198209,5.3
SD,198210,5.3
SD,198211,5.8
SD,198212,5.9
SD,198213,5.4
SD,198301,6.9
SD,198302,6.6
SD,198303,6.5
SD,198304,5.9
SD,198305,5.3
SD,198306,5.1
SD,198307,4.3
SD,198308,4.5
SD,198309,4.3
SD,198310,4.0
SD,198311,4.3
SD,198312,4.5
SD,198313,5.2
SD,198401,5.2
SD,198402,4.9
SD,198403,4.9
SD,198404,4.6
SD,198405,4.1
SD,198406,4.1
SD,198407,3.7
SD,198408,4.1
SD,198409,4.1
SD,198410,3.9
SD,198411,4.3
SD,198412,4.4
SD,198413,4.3
SD,198501,5.5
SD,198502,5.4
SD,198503,5.6
SD,198504,5.0
SD,198505,4.7
SD,198506,4.9
SD,198507,4.5
SD,198508,4.4
SD,198509,4.4
SD,198510,4.2
SD,198511,4.8
SD,198512,5.0
SD,198513,4.9
SD,198601,5.5
SD,198602,5.7
SD,198603,5.6
SD,198604,4.8
SD,198605,4.7
SD,198606,4.6
SD,198607,4.1
SD,198608,4.2
SD,198609,4.2
SD,198610,3.9
SD,198611,4.4
SD,198612,4.2
SD,198613,4.6
SD,198701,5.3
SD,198702,5.1
SD,198703,5.1
SD,198704,4.3
SD,198705,4.3
SD,198706,4.2
SD,198707,3.8
SD,198708,4.0
SD,198709,3.9
SD,198710,3.7
SD,198711,4.3
SD,198712,4.2
SD,198713,4.3
SD,198801,5.2
SD,198802,5.0
SD,198803,5.0
SD,198804,4.1
SD,198805,4.2
SD,198806,3.8
SD,198807,3.5
SD,198808,3.9
SD,198809,3.7
SD,198810,3.5
SD,198811,4.1
SD,198812,3.9
SD,198813,4.2
SD,198901,4.8
SD,198902,4.4
SD,198903,4.2
SD,198904,3.9
SD,198905,3.8
SD,198906,3.9
SD,198907,3.6
SD,198908,3.7
SD,198909,3.7
SD,198910,3.4
SD,198911,3.8
SD,198912,3.9
SD,198913,3.9
SD,199001,4.5
SD,199002,4.2
SD,199003,4.1
SD,199004,3.6
SD,199005,3.5
SD,199006,3.4
SD,199007,3.2
SD,199008,3.4
SD,199009,3.3
SD,199010,3.1
SD,199011,3.5
SD,199012,3.4
SD,199013,3.6
SD,199101,4.3
SD,199102,4.2
SD,199103,4.2
SD,199104,3.4
SD,199105,3.6
SD,199106,3.5
SD,199107,3.2
SD,199108,3.3
SD,199109,3.1
SD,199110,2.9
SD,199111,3.3
SD,199112,3.3
SD,199113,3.5
SD,199201,4.1
SD,199202,3.9
SD,199203,3.9
SD,199204,3.2
SD,199205,3.5
SD,199206,3.5
SD,199207,3.1
SD,199208,3.3
SD,199209,3.1
SD,199210,2.8
SD,199211,3.3
SD,199212,3.3
SD,199213,3.4
SD,199301,4.4
SD,199302,4.2
SD,199303,4.2
SD,199304,3.4
SD,199305,3.3
SD,199306,3.5
SD,199307,3.1
SD,199308,3.2
SD,199309,3.0
SD,199310,2.9
SD,199311,3.1
SD,199312,3.2
SD,199313,3.5
SD,199401,4.0
SD,199402,3.9
SD,199403,4.0
SD,199404,3.2
SD,199405,3.1
SD,199406,3.1
SD,199407,3.0
SD,199408,3.1
SD,199409,3.0
SD,199410,2.8
SD,199411,3.0
SD,199412,3.0
SD,199413,3.3
SD,199501,3.8
SD,199502,3.4
SD,199503,3.4
SD,199504,3.3
SD,199505,3.2
SD,199506,3.1
SD,199507,3.1
SD,199508,3.1
SD,199509,2.9
SD,199510,2.7
SD,199511,3.1
SD,199512,3.2
SD,199513,3.2
SD,199601,4.0
SD,199602,3.8
SD,199603,3.9
SD,199604,3.3
SD,199605,3.3
SD,199606,3.2
SD,199607,3.2
SD,199608,2.9
SD,199609,2.8
SD,199610,2.7
SD,199611,3.1
SD,199612,3.2
SD,199613,3.3
SD,199701,3.9
SD,199702,3.4
SD,199703,3.4
SD,199704,2.9
SD,199705,2.8
SD,199706,2.9
SD,199707,2.6
SD,199708,2.8
SD,199709,2.7
SD,199710,2.4
SD,199711,2.7
SD,199712,2.8
SD,199713,2.9
SD,199801,3.6
SD,199802,3.2
SD,199803,3.5
SD,199804,2.7
SD,199805,2.7
SD,199806,2.8
SD,199807,2.7
SD,199808,2.6
SD,199809,2.5
SD,199810,2.4
SD,199811,2.8
SD,199812,2.8
SD,199813,2.9
SD,199901,3.3
SD,199902,3.2
SD,199903,3.2
SD,199904,2.7
SD,199905,2.6
SD,199906,2.7
SD,199907,2.7
SD,199908,2.6
SD,199909,2.4
SD,199910,2.1
SD,199911,2.5
SD,199912,2.5
SD,199913,2.7
SD,200001,3.0
SD,200002,2.9
SD,200003,2.8
SD,200004,2.3
SD,200005,2.5
SD,200006,2.4
SD,200007,2.3
SD,200008,2.4
SD,200009,2.2
SD,200010,2.2
SD,200011,2.7
SD,200012,2.7
SD,200013,2.5
SD,200101,3.2
SD,200102,3.3
SD,200103,3.4
SD,200104,2.9
SD,200105,2.7
SD,200106,2.9
SD,200107,2.7
SD,200108,2.9
SD,200109,2.6
SD,200110,2.9
SD,200111,3.1
SD,200112,3.5
SD,200113,3.0
SD,200201,4.1
SD,200202,3.9
SD,200203,4.1
SD,200204,3.5
SD,200205,2.9
SD,200206,3.1
SD,200207,3.0
SD,200208,2.9
SD,200209,2.6
SD,200210,2.6
SD,200211,3.1
SD,200212,3.2
SD,200213,3.2
SD,200301,4.0
SD,200302,3.9
SD,200303,3.8
SD,200304,3.4
SD,200305,3.3
SD,200306,3.5
SD,200307,3.4
SD,200308,3.3
SD,200309,3.2
SD,200310,3.0
SD,200311,3.4
SD,200312,3.5
SD,200313,3.5
SD,200401,4.0
SD,200402,3.9
SD,200403,4.1
SD,200404,3.3
SD,200405,3.4
SD,200406,3.6
SD,200407,3.4
SD,200408,3.4
SD,200409,3.3
SD,200410,3.2
SD,200411,3.5
SD,200412,3.7
SD,200413,3.6
SD,200501,4.3
SD,200502,4.4
SD,200503,4.2
SD,200504,3.6
SD,200505,3.6
SD,200506,3.5
SD,200507,3.3
SD,200508,3.1
SD,200509,3.1
SD,200510,2.9
SD,200511,3.2
SD,200512,3.5
SD,200513,3.5
SD,200601,3.6
SD,200602,3.6
SD,200603,3.3
SD,200604,2.9
SD,200605,2.8
SD,200606,2.9
SD,200607,2.9
SD,200608,2.9
SD,200609,2.7
SD,200610,2.6
SD,200611,2.8
SD,200612,3.0
SD,200613,3.0
SD,200701,3.5
SD,200702,3.5
SD,200703,3.1
SD,200704,3.0
SD,200705,2.7
SD,200706,2.7
SD,200707,2.6
SD,200708,2.7
SD,200709,2.5
SD,200710,2.4
SD,200711,2.5
SD,200712,2.9
SD,200713,2.8
SD,200801,3.1
SD,200802,3.1
SD,200803,3.0
SD,200804,2.7
SD,200805,2.8
SD,200806,2.8
SD,200807,2.9
SD,200808,3.1
SD,200809,2.8
SD,200810,2.9
SD,200811,3.3
SD,200812,4.0
SD,200813,3.1
SD,200901,4.6
SD,200902,5.1
SD,200903,5.3
SD,200904,5.0
SD,200905,4.7
SD,200906,4.6
SD,200907,4.4
SD,200908,4.4
SD,200909,4.0
SD,200910,4.1
SD,200911,4.2
SD,200912,4.9
SD,200913,4.6
SD,201001,5.5
SD,201002,5.5
SD,201003,5.4
SD,201004,5.1
SD,201005,4.8
SD,201006,4.7
SD,201007,4.6
SD,201008,4.7
SD,201009,4.3
SD,201010,4.2
SD,201011,4.6
SD,201012,5.1
SD,201013,4.9
SD,201101,5.6
SD,201102,5.7
SD,201103,5.4
SD,201104,4.7
SD,201105,4.4
SD,201106,4.4
SD,201107,4.2
SD,201108,4.3
SD,201109,4.0
SD,201110,3.8
SD,201111,3.9
SD,201112,4.4
SD,201113,4.6
SD,201201,4.7
SD,201202,4.9
SD,201203,4.5
SD,201204,3.9
SD,201205,3.9
SD,201206,4.0
SD,201207,3.9
SD,201208,3.9
SD,201209,3.5
SD,201210,3.5
SD,201211,3.6
SD,201212,4.0
SD,201213,4.0
SD,201301,4.5
SD,201302,4.6
SD,201303,4.1
SD,201304,3.9
SD,201305,3.5
SD,201306,3.7
SD,201307,3.4
SD,201308,3.5
SD,201309,3.2
SD,201310,3.3
SD,201311,3.3
SD,201312,3.5
SD,201313,3.7
SD,201401,3.9
SD,201402,4.2
SD,201403,3.9
SD,201404,3.4
SD,201405,3.2
SD,201406,3.2
SD,201407,3.1
SD,201408,3.2
SD,201409,2.9
SD,201410,2.8
SD,201411,3.2
SD,201412,3.4
SD,201413,3.4
SD,201501,3.6
SD,201502,3.7
SD,201503,3.4
SD,201504,3.1
SD,201505,3.1
SD,201506,3.0
SD,201507,2.8
SD,201508,2.9
SD,201509,2.5
SD,201510,2.5
SD,201511,2.7
SD,201512,3.1
SD,201513,3.0
SD,201601,3.2
SD,201602,3.4
SD,201603,3.1
SD,201604,2.9
SD,201605,2.7
SD,201606,3.0
SD,201607,2.8
SD,201608,3.1
SD,201609,2.7
SD,201610,2.8
SD,201611,2.9
SD,201612,3.4
SD,201613,3.0
SD,201701,3.5
SD,201702,3.7
SD,201703,3.1
SD,201704,3.0
SD,201705,2.9
SD,201706,2.9
SD,201707,2.8
SD,201708,3.1
SD,201709,2.6
SD,201710,2.5
SD,201711,2.8
SD,201712,3.3
SD,201713,3.0
SD,201801,3.2
SD,201802,3.5
SD,201803,3.0
SD,201804,3.0
SD,201805,2.5
SD,201806,2.8
SD,201807,2.5
SD,201808,2.6
SD,201809,2.2
SD,201810,2.3
SD,201811,2.4
SD,201812,2.9
SD,201813,2.8
SD,201901,3.2
SD,201902,3.3
SD,201903,3.1
SD,201904,2.8
SD,201905,2.6
SD,201906,2.8
SD,201907,2.6
SD,201908,2.8
SD,201909,2.2
SD,201910,2.3
SD,201911,2.4
SD,201912,2.8
SD,201913,2.7
SD,202001,2.7
SD,202002,2.8
SD,202003,3.0
SD,202004,8.8
SD,202005,6.7
SD,202006,5.1
SD,202007,4.5
SD,202008,3.9
SD,202009,3.2
SD,202010,2.8
SD,202011,2.9
SD,202012,3.2
SD,202013,4.1
SD,202101,3.1
SD,202102,3.4
SD,202103,2.9
SD,202104,2.8
SD,202105,2.6
SD,202106,2.9
SD,202107,2.4
SD,202108,2.6
SD,202109,2.0
SD,202110,2.0
SD,202111,1.9
SD,202112,2.0
SD,202113,2.5
SD,202201,2.2
SD,202202,2.4
SD,202203,2.0
SD,202204,1.9
SD,202205,1.8
SD,202206,2.0
SD,202207,1.7
SD,202208,2.1
SD,202209,1.5
SD,202210,1.7
SD,202211,1.7
SD,202212,2.0
SD,202213,1.9
SD,202301,1.9
SD,202302,2.3
SD,202303,1.8
SD,202304,1.9
SD,202305,1.8
SD,202306,1.9
SD,202307,1.6
SD,202308,2.0
SD,202309,1.5
SD,202310,1.7
SD,202311,1.5
SD,202312,1.8
SD,202313,1.8
SD,202401,1.9
SD,202402,2.3
SD,202403,1.7
SD,202404,1.8
SD,202405,1.7
SD,202406,1.9
SD,202407,1.8
SD,202408,2.0
SD,202409,1.5
SD,202410,1.6
SD,202411,1.7
SD,202412,2.0
SD,202413,1.8
SD,202501,2.1
SD,202502,2.1
SD,202503,1.8
TN,197601,6.8
TN,197602,6.6
TN,197603,6.1
TN,197604,5.5
TN,197605,5.1
TN,197606,6.9
TN,197607,6.3
TN,197608,6.1
TN,197609,5.9
TN,197610,6.0
TN,197611,6.1
TN,197612,6.0
TN,197613,6.1
TN,197701,7.0
TN,197702,7.2
TN,197703,6.9
TN,197704,5.9
TN,197705,5.5
TN,197706,7.1
TN,197707,6.4
TN,197708,6.2
TN,197709,5.7
TN,197710,5.6
TN,197711,5.8
TN,197712,5.5
TN,197713,6.2
TN,197801,6.4
TN,197802,6.0
TN,197803,6.2
TN,197804,5.2
TN,197805,5.0
TN,197806,6.4
TN,197807,6.3
TN,197808,5.9
TN,197809,5.8
TN,197810,5.4
TN,197811,5.3
TN,197812,5.3
TN,197813,5.8
TN,197901,6.3
TN,197902,6.1
TN,197903,5.7
TN,197904,5.3
TN,197905,5.4
TN,197906,6.8
TN,197907,6.2
TN,197908,6.1
TN,197909,5.6
TN,197910,5.6
TN,197911,5.7
TN,197912,5.5
TN,197913,5.9
TN,198001,6.8
TN,198002,6.7
TN,198003,6.5
TN,198004,6.4
TN,198005,7.0
TN,198006,8.4
TN,198007,8.4
TN,198008,8.2
TN,198009,7.4
TN,198010,7.7
TN,198011,7.6
TN,198012,7.5
TN,198013,7.4
TN,198101,9.0
TN,198102,9.0
TN,198103,8.6
TN,198104,7.8
TN,198105,8.1
TN,198106,9.4
TN,198107,8.6
TN,198108,8.5
TN,198109,8.7
TN,198110,9.2
TN,198111,9.5
TN,198112,9.9
TN,198113,8.9
TN,198201,11.5
TN,198202,11.7
TN,198203,11.7
TN,198204,11.0
TN,198205,10.9
TN,198206,12.1
TN,198207,11.9
TN,198208,11.7
TN,198209,11.7
TN,198210,12.1
TN,198211,12.6
TN,198212,13.0
TN,198213,11.8
TN,198301,13.7
TN,198302,13.3
TN,198303,12.6
TN,198304,11.9
TN,198305,11.6
TN,198306,12.5
TN,198307,11.4
TN,198308,11.2
TN,198309,10.5
TN,198310,10.2
TN,198311,9.9
TN,198312,9.7
TN,198313,11.5
TN,198401,10.3
TN,198402,9.5
TN,198403,9.3
TN,198404,8.8
TN,198405,8.3
TN,198406,9.1
TN,198407,8.8
TN,198408,8.5
TN,198409,8.1
TN,198410,8.0
TN,198411,7.8
TN,198412,7.8
TN,198413,8.7
TN,198501,8.8
TN,198502,8.5
TN,198503,8.2
TN,198504,7.8
TN,198505,7.5
TN,198506,8.5
TN,198507,8.3
TN,198508,7.8
TN,198509,7.5
TN,198510,7.5
TN,198511,7.5
TN,198512,7.5
TN,198513,7.9
TN,198601,8.2
TN,198602,8.7
TN,198603,8.3
TN,198604,7.7
TN,198605,7.5
TN,198606,8.6
TN,198607,8.0
TN,198608,7.5
TN,198609,7.7
TN,198610,7.7
TN,198611,7.6
TN,198612,7.1
TN,198613,7.9
TN,198701,7.9
TN,198702,7.7
TN,198703,7.5
TN,198704,6.8
TN,198705,6.6
TN,198706,7.2
TN,198707,6.6
TN,198708,6.3
TN,198709,6.1
TN,198710,5.8
TN,198711,5.8
TN,198712,5.5
TN,198713,6.6
TN,198801,6.5
TN,198802,6.2
TN,198803,6.0
TN,198804,5.3
TN,198805,5.5
TN,198806,6.2
TN,198807,5.9
TN,198808,5.8
TN,198809,5.7
TN,198810,5.4
TN,198811,5.5
TN,198812,5.3
TN,198813,5.8
TN,198901,6.2
TN,198902,5.5
TN,198903,5.1
TN,198904,4.7
TN,198905,4.5
TN,198906,5.6
TN,198907,5.2
TN,198908,5.0
TN,198909,4.8
TN,198910,4.8
TN,198911,5.0
TN,198912,4.8
TN,198913,5.1
TN,199001,5.6
TN,199002,5.4
TN,199003,5.1
TN,199004,4.9
TN,199005,4.9
TN,199006,5.4
TN,199007,5.4
TN,199008,5.3
TN,199009,5.3
TN,199010,5.3
TN,199011,5.6
TN,199012,5.8
TN,199013,5.3
TN,199101,7.1
TN,199102,7.2
TN,199103,7.0
TN,199104,6.3
TN,199105,6.2
TN,199106,7.2
TN,199107,6.9
TN,199108,6.6
TN,199109,6.4
TN,199110,6.3
TN,199111,6.4
TN,199112,6.5
TN,199113,6.7
TN,199201,7.6
TN,199202,7.4
TN,199203,6.9
TN,199204,6.0
TN,199205,6.0
TN,199206,7.1
TN,199207,6.5
TN,199208,6.2
TN,199209,6.1
TN,199210,5.7
TN,199211,6.0
TN,199212,6.0
TN,199213,6.5
TN,199301,6.9
TN,199302,6.5
TN,199303,6.4
TN,199304,5.8
TN,199305,5.6
TN,199306,6.5
TN,199307,6.0
TN,199308,5.6
TN,199309,5.3
TN,199310,5.1
TN,199311,4.9
TN,199312,4.7
TN,199313,5.8
TN,199401,5.9
TN,199402,5.6
TN,199403,5.3
TN,199404,4.5
TN,199405,4.2
TN,199406,5.2
TN,199407,5.0
TN,199408,4.9
TN,199409,4.5
TN,199410,4.4
TN,199411,4.2
TN,199412,4.1
TN,199413,4.8
TN,199501,5.3
TN,199502,4.9
TN,199503,4.9
TN,199504,4.9
TN,199505,4.8
TN,199506,5.8
TN,199507,5.7
TN,199508,5.4
TN,199509,5.2
TN,199510,5.0
TN,199511,4.9
TN,199512,4.8
TN,199513,5.1
TN,199601,6.0
TN,199602,5.5
TN,199603,5.3
TN,199604,4.8
TN,199605,4.8
TN,199606,5.5
TN,199607,5.5
TN,199608,4.9
TN,199609,4.9
TN,199610,5.1
TN,199611,5.2
TN,199612,5.1
TN,199613,5.2
TN,199701,6.1
TN,199702,5.8
TN,199703,5.6
TN,199704,5.0
TN,199705,4.8
TN,199706,5.9
TN,199707,5.7
TN,199708,5.2
TN,199709,5.1
TN,199710,4.7
TN,199711,4.5
TN,199712,4.4
TN,199713,5.2
TN,199801,5.0
TN,199802,4.7
TN,199803,4.8
TN,199804,3.9
TN,199805,3.8
TN,199806,4.7
TN,199807,4.5
TN,199808,4.3
TN,199809,4.2
TN,199810,4.2
TN,199811,4.0
TN,199812,3.9
TN,199813,4.3
TN,199901,4.7
TN,199902,4.5
TN,199903,4.2
TN,199904,3.7
TN,199905,3.4
TN,199906,4.2
TN,199907,4.2
TN,199908,4.0
TN,199909,3.8
TN,199910,3.7
TN,199911,3.7
TN,199912,3.5
TN,199913,4.0
TN,200001,4.2
TN,200002,4.0
TN,200003,3.9
TN,200004,3.3
TN,200005,3.4
TN,200006,4.2
TN,200007,4.1
TN,200008,4.0
TN,200009,3.8
TN,200010,3.6
TN,200011,3.8
TN,200012,3.7
TN,200013,3.8
TN,200101,4.6
TN,200102,4.3
TN,200103,4.3
TN,200104,3.9
TN,200105,3.8
TN,200106,4.9
TN,200107,4.7
TN,200108,4.7
TN,200109,4.6
TN,200110,4.9
TN,200111,5.2
TN,200112,5.3
TN,200113,4.6
TN,200201,6.3
TN,200202,5.8
TN,200203,5.7
TN,200204,5.1
TN,200205,4.7
TN,200206,5.5
TN,200207,5.3
TN,200208,4.9
TN,200209,4.6
TN,200210,4.6
TN,200211,4.8
TN,200212,4.9
TN,200213,5.2
TN,200301,5.7
TN,200302,5.6
TN,200303,5.5
TN,200304,5.2
TN,200305,5.2
TN,200306,6.3
TN,200307,6.0
TN,200308,5.6
TN,200309,5.5
TN,200310,5.4
TN,200311,5.4
TN,200312,5.1
TN,200313,5.5
TN,200401,5.8
TN,200402,5.4
TN,200403,5.5
TN,200404,4.8
TN,200405,4.7
TN,200406,5.6
TN,200407,5.4
TN,200408,5.3
TN,200409,5.3
TN,200410,5.4
TN,200411,5.4
TN,200412,5.5
TN,200413,5.3
TN,200501,6.1
TN,200502,6.1
TN,200503,5.8
TN,200504,5.3
TN,200505,5.2
TN,200506,5.9
TN,200507,5.5
TN,200508,5.1
TN,200509,5.2
TN,200510,5.3
TN,200511,5.4
TN,200512,5.3
TN,200513,5.5
TN,200601,5.8
TN,200602,5.6
TN,200603,5.5
TN,200604,5.2
TN,200605,5.1
TN,200606,5.8
TN,200607,5.7
TN,200608,5.2
TN,200609,4.9
TN,200610,4.6
TN,200611,4.7
TN,200612,4.4
TN,200613,5.2
TN,200701,5.1
TN,200702,4.8
TN,200703,4.4
TN,200704,4.0
TN,200705,4.1
TN,200706,4.8
TN,200707,4.7
TN,200708,4.5
TN,200709,4.7
TN,200710,4.7
TN,200711,4.8
TN,200712,5.1
TN,200713,4.6
TN,200801,5.7
TN,200802,5.6
TN,200803,5.7
TN,200804,5.2
TN,200805,5.9
TN,200806,6.7
TN,200807,6.9
TN,200808,6.7
TN,200809,6.8
TN,200810,7.0
TN,200811,7.3
TN,200812,8.1
TN,200813,6.5
TN,200901,9.6
TN,200902,10.1
TN,200903,10.5
TN,200904,10.0
TN,200905,10.4
TN,200906,11.3
TN,200907,11.0
TN,200908,10.6
TN,200909,10.5
TN,200910,10.4
TN,200911,10.1
TN,200912,10.4
TN,200913,10.4
TN,201001,11.1
TN,201002,10.7
TN,201003,10.5
TN,201004,9.7
TN,201005,9.4
TN,201006,9.9
TN,201007,9.7
TN,201008,9.5
TN,201009,9.3
TN,201010,9.2
TN,201011,9.4
TN,201012,9.4
TN,201013,9.8
TN,201101,10.1
TN,201102,9.6
TN,201103,9.4
TN,201104,8.8
TN,201105,8.8
TN,201106,9.7
TN,201107,9.3
TN,201108,9.1
TN,201109,8.9
TN,201110,8.5
TN,201111,8.1
TN,201112,8.2
TN,201113,9.0
TN,201201,8.7
TN,201202,8.4
TN,201203,8.1
TN,201204,7.5
TN,201205,7.7
TN,201206,8.5
TN,201207,8.5
TN,201208,7.9
TN,201209,7.5
TN,201210,7.5
TN,201211,7.3
TN,201212,7.6
TN,201213,7.9
TN,201301,8.6
TN,201302,8.1
TN,201303,7.8
TN,201304,7.4
TN,201305,7.5
TN,201306,8.4
TN,201307,8.1
TN,201308,7.6
TN,201309,7.4
TN,201310,7.4
TN,201311,6.9
TN,201312,6.7
TN,201313,7.7
TN,201401,7.0
TN,201402,7.0
TN,201403,6.8
TN,201404,6.0
TN,201405,6.3
TN,201406,7.1
TN,201407,7.2
TN,201408,6.7
TN,201409,6.4
TN,201410,6.1
TN,201411,6.1
TN,201412,5.9
TN,201413,6.5
TN,201501,6.5
TN,201502,6.1
TN,201503,5.8
TN,201504,5.3
TN,201505,5.6
TN,201506,6.1
TN,201507,5.9
TN,201508,5.4
TN,201509,5.2
TN,201510,5.1
TN,201511,4.9
TN,201512,4.7
TN,201513,5.5
TN,201601,5.0
TN,201602,4.8
TN,201603,4.7
TN,201604,4.3
TN,201605,4.2
TN,201606,5.2
TN,201607,5.1
TN,201608,4.9
TN,201609,4.9
TN,201610,4.7
TN,201611,4.4
TN,201612,4.5
TN,201613,4.7
TN,201701,5.0
TN,201702,4.5
TN,201703,4.1
TN,201704,3.4
TN,201705,3.3
TN,201706,4.1
TN,201707,3.9
TN,201708,3.6
TN,201709,3.3
TN,201710,3.3
TN,201711,3.3
TN,201712,3.2
TN,201713,3.7
TN,201801,3.9
TN,201802,3.6
TN,201803,3.5
TN,201804,3.0
TN,201805,3.1
TN,201806,4.1
TN,201807,3.9
TN,201808,3.6
TN,201809,3.4
TN,201810,3.4
TN,201811,3.1
TN,201812,3.2
TN,201813,3.5
TN,201901,3.9
TN,201902,3.4
TN,201903,3.4
TN,201904,2.9
TN,201905,3.1
TN,201906,3.8
TN,201907,3.7
TN,201908,3.3
TN,201909,3.1
TN,201910,3.3
TN,201911,3.1
TN,201912,3.1
TN,201913,3.3
TN,202001,3.7
TN,202002,3.4
TN,202003,3.9
TN,202004,15.0
TN,202005,11.8
TN,202006,10.8
TN,202007,10.1
TN,202008,7.7
TN,202009,6.9
TN,202010,5.9
TN,202011,5.4
TN,202012,5.4
TN,202013,7.4
TN,202101,5.7
TN,202102,5.3
TN,202103,5.1
TN,202104,4.7
TN,202105,4.6
TN,202106,5.6
TN,202107,4.9
TN,202108,4.4
TN,202109,3.8
TN,202110,3.5
TN,202111,3.2
TN,202112,3.0
TN,202113,4.5
TN,202201,3.7
TN,202202,3.4
TN,202203,3.2
TN,202204,3.0
TN,202205,3.1
TN,202206,4.0
TN,202207,3.7
TN,202208,3.5
TN,202209,3.2
TN,202210,3.4
TN,202211,3.2
TN,202212,3.0
TN,202213,3.4
TN,202301,3.6
TN,202302,3.4
TN,202303,3.2
TN,202304,2.7
TN,202305,3.1
TN,202306,3.7
TN,202307,3.5
TN,202308,3.3
TN,202309,3.3
TN,202310,3.3
TN,202311,3.0
TN,202312,2.9
TN,202313,3.2
TN,202401,3.3
TN,202402,3.1
TN,202403,3.1
TN,202404,2.8
TN,202405,2.9
TN,202406,3.9
TN,202407,3.9
TN,202408,3.7
TN,202409,3.5
TN,202410,3.6
TN,202411,3.7
TN,202412,3.5
TN,202413,3.4
TN,202501,3.8
TN,202502,3.5
TN,202503,3.3
TX,197601,6.3
TX,197602,6.3
TX,197603,5.9
TX,197604,5.2
TX,197605,5.2
TX,197606,6.8
TX,197607,6.3
TX,197608,6.2
TX,197609,5.9
TX,197610,5.2
TX,197611,5.3
TX,197612,5.3
TX,197613,5.8
TX,197701,6.5
TX,197702,6.5
TX,197703,5.7
TX,197704,4.8
TX,197705,4.4
TX,197706,6.0
TX,197707,5.6
TX,197708,5.6
TX,197709,5.4
TX,197710,4.9
TX,197711,5.1
TX,197712,4.7
TX,197713,5.4
TX,197801,5.8
TX,197802,5.5
TX,197803,5.1
TX,197804,4.2
TX,197805,4.2
TX,197806,5.5
TX,197807,5.4
TX,197808,5.0
TX,197809,4.9
TX,197810,4.3
TX,197811,4.7
TX,197812,4.4
TX,197813,4.9
TX,197901,4.7
TX,197902,4.6
TX,197903,4.2
TX,197904,3.9
TX,197905,3.9
TX,197906,5.1
TX,197907,4.9
TX,197908,4.8
TX,197909,4.3
TX,197910,4.0
TX,197911,4.1
TX,197912,3.8
TX,197913,4.4
TX,198001,5.2
TX,198002,5.2
TX,198003,5.0
TX,198004,4.8
TX,198005,5.1
TX,198006,6.2
TX,198007,5.9
TX,198008,5.7
TX,198009,5.1
TX,198010,4.9
TX,198011,5.2
TX,198012,4.8
TX,198013,5.3
TX,198101,5.8
TX,198102,5.3
TX,198103,5.0
TX,198104,4.5
TX,198105,5.1
TX,198106,6.3
TX,198107,5.6
TX,198108,5.5
TX,198109,5.2
TX,198110,4.9
TX,198111,5.4
TX,198112,5.1
TX,198113,5.3
TX,198201,6.2
TX,198202,6.3
TX,198203,6.1
TX,198204,5.9
TX,198205,6.3
TX,198206,7.5
TX,198207,7.3
TX,198208,7.1
TX,198209,7.4
TX,198210,7.3
TX,198211,7.7
TX,198212,7.8
TX,198213,6.9
TX,198301,8.9
TX,198302,8.9
TX,198303,8.6
TX,198304,8.1
TX,198305,8.2
TX,198306,9.1
TX,198307,8.3
TX,198308,8.1
TX,198309,8.0
TX,198310,7.2
TX,198311,6.9
TX,198312,6.7
TX,198313,8.1
TX,198401,7.3
TX,198402,6.6
TX,198403,6.4
TX,198404,6.1
TX,198405,5.7
TX,198406,6.1
TX,198407,6.2
TX,198408,5.9
TX,198409,5.9
TX,198410,5.7
TX,198411,5.7
TX,198412,5.8
TX,198413,6.1
TX,198501,7.0
TX,198502,6.9
TX,198503,6.8
TX,198504,6.4
TX,198505,6.6
TX,198506,7.7
TX,198507,7.6
TX,198508,7.2
TX,198509,7.3
TX,198510,7.2
TX,198511,7.0
TX,198512,6.9
TX,198513,7.0
TX,198601,7.7
TX,198602,8.6
TX,198603,8.4
TX,198604,8.2
TX,198605,8.7
TX,198606,9.7
TX,198607,9.2
TX,198608,8.9
TX,198609,9.3
TX,198610,9.1
TX,198611,9.2
TX,198612,8.7
TX,198613,8.8
TX,198701,9.6
TX,198702,9.4
TX,198703,8.9
TX,198704,8.3
TX,198705,8.6
TX,198706,9.0
TX,198707,8.6
TX,198708,8.3
TX,198709,8.3
TX,198710,7.9
TX,198711,7.9
TX,198712,7.4
TX,198713,8.5
TX,198801,8.3
TX,198802,8.3
TX,198803,7.9
TX,198804,7.1
TX,198805,7.5
TX,198806,7.8
TX,198807,7.4
TX,198808,7.3
TX,198809,7.3
TX,198810,6.8
TX,198811,6.9
TX,198812,6.6
TX,198813,7.4
TX,198901,7.6
TX,198902,7.2
TX,198903,6.6
TX,198904,6.7
TX,198905,6.5
TX,198906,7.3
TX,198907,7.0
TX,198908,6.7
TX,198909,6.6
TX,198910,6.2
TX,198911,6.5
TX,198912,6.0
TX,198913,6.7
TX,199001,6.6
TX,199002,6.7
TX,199003,6.2
TX,199004,6.1
TX,199005,6.2
TX,199006,6.5
TX,199007,6.5
TX,199008,6.3
TX,199009,6.5
TX,199010,5.9
TX,199011,6.5
TX,199012,6.4
TX,199013,6.4
TX,199101,7.1
TX,199102,7.2
TX,199103,7.0
TX,199104,6.6
TX,199105,6.8
TX,199106,7.2
TX,199107,7.1
TX,199108,6.9
TX,199109,6.8
TX,199110,6.8
TX,199111,7.0
TX,199112,7.0
TX,199113,6.9
TX,199201,8.2
TX,199202,8.2
TX,199203,7.7
TX,199204,7.3
TX,199205,7.5
TX,199206,8.5
TX,199207,8.0
TX,199208,7.7
TX,199209,7.6
TX,199210,7.1
TX,199211,7.5
TX,199212,7.3
TX,199213,7.7
TX,199301,8.2
TX,199302,8.0
TX,199303,7.4
TX,199304,7.0
TX,199305,6.9
TX,199306,7.7
TX,199307,7.4
TX,199308,7.0
TX,199309,6.9
TX,199310,6.9
TX,199311,6.8
TX,199312,6.5
TX,199313,7.2
TX,199401,7.5
TX,199402,7.5
TX,199403,7.2
TX,199404,6.6
TX,199405,6.4
TX,199406,7.1
TX,199407,6.9
TX,199408,6.6
TX,199409,6.2
TX,199410,5.9
TX,199411,5.8
TX,199412,5.5
TX,199413,6.6
TX,199501,6.5
TX,199502,6.1
TX,199503,5.8
TX,199504,5.9
TX,199505,5.8
TX,199506,6.6
TX,199507,6.6
TX,199508,6.3
TX,199509,6.2
TX,199510,5.9
TX,199511,6.0
TX,199512,5.8
TX,199513,6.1
TX,199601,6.7
TX,199602,6.2
TX,199603,6.0
TX,199604,5.6
TX,199605,5.7
TX,199606,6.0
TX,199607,6.0
TX,199608,5.5
TX,199609,5.4
TX,199610,5.2
TX,199611,5.5
TX,199612,5.2
TX,199613,5.8
TX,199701,6.1
TX,199702,6.1
TX,199703,5.9
TX,199704,5.1
TX,199705,5.2
TX,199706,6.0
TX,199707,5.8
TX,199708,5.4
TX,199709,5.3
TX,199710,4.9
TX,199711,4.7
TX,199712,4.6
TX,199713,5.4
TX,199801,5.3
TX,199802,5.0
TX,199803,5.0
TX,199804,4.4
TX,199805,4.6
TX,199806,5.6
TX,199807,5.4
TX,199808,5.3
TX,199809,5.2
TX,199810,4.8
TX,199811,4.5
TX,199812,4.4
TX,199813,5.0
TX,199901,5.0
TX,199902,4.9
TX,199903,4.5
TX,199904,4.4
TX,199905,4.5
TX,199906,5.1
TX,199907,5.1
TX,199908,4.7
TX,199909,4.9
TX,199910,4.6
TX,199911,4.5
TX,199912,4.4
TX,199913,4.7
TX,200001,4.9
TX,200002,5.0
TX,200003,4.8
TX,200004,4.1
TX,200005,4.3
TX,200006,4.7
TX,200007,4.6
TX,200008,4.5
TX,200009,4.3
TX,200010,3.9
TX,200011,3.9
TX,200012,3.5
TX,200013,4.4
TX,200101,4.4
TX,200102,4.2
TX,200103,4.5
TX,200104,4.3
TX,200105,4.4
TX,200106,5.2
TX,200107,5.2
TX,200108,5.4
TX,200109,5.3
TX,200110,5.4
TX,200111,5.7
TX,200112,5.7
TX,200113,5.0
TX,200201,6.5
TX,200202,6.3
TX,200203,6.2
TX,200204,6.2
TX,200205,6.1
TX,200206,6.9
TX,200207,6.7
TX,200208,6.5
TX,200209,6.2
TX,200210,6.1
TX,200211,6.4
TX,200212,6.3
TX,200213,6.4
TX,200301,7.1
TX,200302,7.0
TX,200303,6.8
TX,200304,6.5
TX,200305,6.7
TX,200306,7.6
TX,200307,7.2
TX,200308,6.9
TX,200309,6.7
TX,200310,6.3
TX,200311,6.3
TX,200312,5.9
TX,200313,6.8
TX,200401,6.7
TX,200402,6.3
TX,200403,6.4
TX,200404,5.8
TX,200405,5.8
TX,200406,6.5
TX,200407,6.3
TX,200408,5.8
TX,200409,5.7
TX,200410,5.6
TX,200411,5.8
TX,200412,5.6
TX,200413,6.0
TX,200501,6.0
TX,200502,6.0
TX,200503,5.5
TX,200504,5.2
TX,200505,5.2
TX,200506,5.6
TX,200507,5.5
TX,200508,5.4
TX,200509,5.6
TX,200510,5.3
TX,200511,5.5
TX,200512,5.1
TX,200513,5.5
TX,200601,5.4
TX,200602,5.4
TX,200603,5.1
TX,200604,4.9
TX,200605,5.0
TX,200606,5.5
TX,200607,5.4
TX,200608,5.0
TX,200609,4.7
TX,200610,4.4
TX,200611,4.5
TX,200612,4.1
TX,200613,5.0
TX,200701,4.8
TX,200702,4.7
TX,200703,4.3
TX,200704,4.0
TX,200705,4.0
TX,200706,4.7
TX,200707,4.8
TX,200708,4.3
TX,200709,4.4
TX,200710,4.0
TX,200711,4.2
TX,200712,4.3
TX,200713,4.4
TX,200801,4.7
TX,200802,4.3
TX,200803,4.3
TX,200804,3.9
TX,200805,4.3
TX,200806,5.0
TX,200807,5.2
TX,200808,5.2
TX,200809,5.2
TX,200810,5.2
TX,200811,5.3
TX,200812,5.5
TX,200813,4.9
TX,200901,6.5
TX,200902,6.6
TX,200903,6.5
TX,200904,6.1
TX,200905,7.3
TX,200906,8.5
TX,200907,8.6
TX,200908,8.4
TX,200909,8.4
TX,200910,8.2
TX,200911,8.0
TX,200912,8.0
TX,200913,7.6
TX,201001,8.8
TX,201002,8.5
TX,201003,8.4
TX,201004,8.0
TX,201005,7.9
TX,201006,8.4
TX,201007,8.5
TX,201008,8.3
TX,201009,8.1
TX,201010,8.0
TX,201011,8.3
TX,201012,8.0
TX,201013,8.3
TX,201101,8.5
TX,201102,8.3
TX,201103,8.1
TX,201104,7.7
TX,201105,8.0
TX,201106,8.8
TX,201107,8.8
TX,201108,8.4
TX,201109,8.2
TX,201110,7.6
TX,201111,7.2
TX,201112,7.0
TX,201113,8.0
TX,201201,7.3
TX,201202,7.2
TX,201203,6.7
TX,201204,6.3
TX,201205,6.6
TX,201206,7.3
TX,201207,7.3
TX,201208,6.8
TX,201209,6.4
TX,201210,6.2
TX,201211,6.0
TX,201212,6.2
TX,201213,6.7
TX,201301,7.1
TX,201302,6.7
TX,201303,6.4
TX,201304,6.1
TX,201305,6.3
TX,201306,6.9
TX,201307,6.7
TX,201308,6.4
TX,201309,6.3
TX,201310,6.0
TX,201311,5.8
TX,201312,5.4
TX,201313,6.3
TX,201401,5.8
TX,201402,5.8
TX,201403,5.5
TX,201404,4.8
TX,201405,5.1
TX,201406,5.5
TX,201407,5.7
TX,201408,5.4
TX,201409,5.0
TX,201410,4.7
TX,201411,4.6
TX,201412,4.2
TX,201413,5.2
TX,201501,4.8
TX,201502,4.6
TX,201503,4.4
TX,201504,4.1
TX,201505,4.3
TX,201506,4.7
TX,201507,4.8
TX,201508,4.5
TX,201509,4.5
TX,201510,4.4
TX,201511,4.4
TX,201512,4.2
TX,201513,4.5
TX,201601,4.5
TX,201602,4.5
TX,201603,4.5
TX,201604,4.3
TX,201605,4.3
TX,201606,5.0
TX,201607,5.1
TX,201608,4.9
TX,201609,4.9
TX,201610,4.6
TX,201611,4.5
TX,201612,4.6
TX,201613,4.6
TX,201701,5.1
TX,201702,5.0
TX,201703,4.6
TX,201704,4.2
TX,201705,4.2
TX,201706,4.6
TX,201707,4.5
TX,201708,4.5
TX,201709,4.1
TX,201710,3.7
TX,201711,3.9
TX,201712,3.8
TX,201713,4.4
TX,201801,4.3
TX,201802,4.2
TX,201803,4.1
TX,201804,3.7
TX,201805,3.6
TX,201806,4.3
TX,201807,4.1
TX,201808,4.0
TX,201809,3.8
TX,201810,3.5
TX,201811,3.5
TX,201812,3.6
TX,201813,3.9
TX,201901,4.2
TX,201902,3.8
TX,201903,3.5
TX,201904,3.1
TX,201905,3.1
TX,201906,3.8
TX,201907,3.9
TX,201908,3.7
TX,201909,3.4
TX,201910,3.3
TX,201911,3.3
TX,201912,3.2
TX,201913,3.5
TX,202001,3.7
TX,202002,3.5
TX,202003,5.4
TX,202004,12.3
TX,202005,11.8
TX,202006,10.4
TX,202007,9.7
TX,202008,7.9
TX,202009,7.7
TX,202010,6.7
TX,202011,6.8
TX,202012,6.7
TX,202013,7.7
TX,202101,7.1
TX,202102,6.9
TX,202103,6.4
TX,202104,5.9
TX,202105,5.7
TX,202106,6.4
TX,202107,5.8
TX,202108,5.4
TX,202109,5.0
TX,202110,4.7
TX,202111,4.4
TX,202112,4.1
TX,202113,5.6
TX,202201,4.7
TX,202202,4.3
TX,202203,3.8
TX,202204,3.5
TX,202205,3.6
TX,202206,4.2
TX,202207,4.1
TX,202208,4.0
TX,202209,3.8
TX,202210,3.8
TX,202211,3.8
TX,202212,3.7
TX,202213,3.9
TX,202301,4.3
TX,202302,4.4
TX,202303,4.0
TX,202304,3.5
TX,202305,3.9
TX,202306,4.2
TX,202307,4.2
TX,202308,4.3
TX,202309,4.0
TX,202310,3.8
TX,202311,3.7
TX,202312,3.7
TX,202313,4.0
TX,202401,4.1
TX,202402,4.2
TX,202403,3.9
TX,202404,3.6
TX,202405,3.8
TX,202406,4.5
TX,202407,4.5
TX,202408,4.4
TX,202409,4.1
TX,202410,4.0
TX,202411,4.1
TX,202412,3.7
TX,202413,4.1
TX,202501,4.1
TX,202502,4.3
TX,202503,4.0
UT,197601,6.9
UT,197602,7.2
UT,197603,6.4
UT,197604,5.5
UT,197605,4.7
UT,197606,6.2
UT,197607,5.3
UT,197608,5.7
UT,197609,4.8
UT,197610,5.0
UT,197611,4.9
UT,197612,4.8
UT,197613,5.6
UT,197701,6.4
UT,197702,6.8
UT,197703,6.0
UT,197704,4.9
UT,197705,4.6
UT,197706,6.0
UT,197707,5.0
UT,197708,5.5
UT,197709,4.5
UT,197710,4.4
UT,197711,4.5
UT,197712,4.0
UT,197713,5.2
UT,197801,5.1
UT,197802,5.6
UT,197803,4.7
UT,197804,3.7
UT,197805,3.3
UT,197806,4.1
UT,197807,3.5
UT,197808,3.7
UT,197809,3.1
UT,197810,3.3
UT,197811,3.3
UT,197812,3.3
UT,197813,3.9
UT,197901,4.4
UT,197902,4.6
UT,197903,4.1
UT,197904,3.8
UT,197905,3.8
UT,197906,5.1
UT,197907,4.4
UT,197908,5.0
UT,197909,4.3
UT,197910,4.4
UT,197911,4.3
UT,197912,4.3
UT,197913,4.4
UT,198001,5.8
UT,198002,6.1
UT,198003,6.1
UT,198004,5.9
UT,198005,5.8
UT,198006,6.8
UT,198007,6.5
UT,198008,6.9
UT,198009,6.2
UT,198010,6.6
UT,198011,6.4
UT,198012,6.0
UT,198013,6.3
UT,198101,7.4
UT,198102,7.3
UT,198103,6.9
UT,198104,6.2
UT,198105,6.1
UT,198106,6.9
UT,198107,6.4
UT,198108,6.6
UT,198109,6.2
UT,198110,6.5
UT,198111,6.6
UT,198112,6.8
UT,198113,6.7
UT,198201,7.8
UT,198202,8.1
UT,198203,7.9
UT,198204,7.5
UT,198205,7.1
UT,198206,8.2
UT,198207,8.0
UT,198208,8.4
UT,198209,8.1
UT,198210,8.4
UT,198211,8.7
UT,198212,9.1
UT,198213,8.1
UT,198301,10.3
UT,198302,10.7
UT,198303,10.3
UT,198304,9.6
UT,198305,9.4
UT,198306,10.0
UT,198307,8.8
UT,198308,8.9
UT,198309,8.0
UT,198310,7.7
UT,198311,7.4
UT,198312,7.1
UT,198313,9.0
UT,198401,7.8
UT,198402,7.8
UT,198403,7.4
UT,198404,6.7
UT,198405,6.2
UT,198406,6.6
UT,198407,6.2
UT,198408,6.5
UT,198409,5.8
UT,198410,6.0
UT,198411,5.8
UT,198412,6.0
UT,198413,6.6
UT,198501,7.0
UT,198502,6.9
UT,198503,6.6
UT,198504,6.1
UT,198505,5.9
UT,198506,6.5
UT,198507,6.1
UT,198508,6.1
UT,198509,5.5
UT,198510,5.5
UT,198511,5.3
UT,198512,5.3
UT,198513,6.1
UT,198601,6.0
UT,198602,6.6
UT,198603,6.3
UT,198604,5.8
UT,198605,5.8
UT,198606,6.5
UT,198607,6.0
UT,198608,6.4
UT,198609,6.0
UT,198610,6.1
UT,198611,6.2
UT,198612,6.1
UT,198613,6.1
UT,198701,7.2
UT,198702,7.5
UT,198703,7.1
UT,198704,6.4
UT,198705,6.3
UT,198706,6.6
UT,198707,6.0
UT,198708,6.2
UT,198709,5.4
UT,198710,5.4
UT,198711,5.4
UT,198712,5.2
UT,198713,6.2
UT,198801,6.0
UT,198802,6.0
UT,198803,5.4
UT,198804,4.9
UT,198805,4.8
UT,198806,5.2
UT,198807,4.8
UT,198808,5.1
UT,198809,4.4
UT,198810,4.3
UT,198811,4.3
UT,198812,4.0
UT,198813,4.9
UT,198901,5.2
UT,198902,5.2
UT,198903,4.9
UT,198904,4.6
UT,198905,4.5
UT,198906,5.0
UT,198907,4.5
UT,198908,4.7
UT,198909,4.3
UT,198910,4.2
UT,198911,4.2
UT,198912,4.0
UT,198913,4.6
UT,199001,4.9
UT,199002,5.0
UT,199003,4.7
UT,199004,4.5
UT,199005,4.2
UT,199006,4.6
UT,199007,4.2
UT,199008,4.5
UT,199009,3.9
UT,199010,3.8
UT,199011,4.0
UT,199012,4.0
UT,199013,4.4
UT,199101,5.0
UT,199102,5.4
UT,199103,5.2
UT,199104,4.6
UT,199105,4.6
UT,199106,5.2
UT,199107,4.8
UT,199108,4.9
UT,199109,4.3
UT,199110,4.3
UT,199111,4.4
UT,199112,4.4
UT,199113,4.7
UT,199201,5.4
UT,199202,5.7
UT,199203,5.3
UT,199204,4.9
UT,199205,4.8
UT,199206,5.4
UT,199207,4.8
UT,199208,5.0
UT,199209,4.4
UT,199210,4.2
UT,199211,4.3
UT,199212,4.2
UT,199213,4.9
UT,199301,4.9
UT,199302,4.9
UT,199303,4.6
UT,199304,4.2
UT,199305,4.1
UT,199306,4.6
UT,199307,4.0
UT,199308,4.1
UT,199309,3.5
UT,199310,3.4
UT,199311,3.3
UT,199312,3.2
UT,199313,4.0
UT,199401,4.1
UT,199402,4.3
UT,199403,4.0
UT,199404,3.7
UT,199405,3.5
UT,199406,4.0
UT,199407,3.8
UT,199408,4.0
UT,199409,3.5
UT,199410,3.5
UT,199411,3.4
UT,199412,3.2
UT,199413,3.7
UT,199501,4.1
UT,199502,4.1
UT,199503,3.7
UT,199504,3.6
UT,199505,3.4
UT,199506,3.8
UT,199507,3.4
UT,199508,3.6
UT,199509,3.0
UT,199510,2.9
UT,199511,2.9
UT,199512,2.9
UT,199513,3.4
UT,199601,3.9
UT,199602,3.8
UT,199603,3.6
UT,199604,3.4
UT,199605,3.3
UT,199606,3.6
UT,199607,3.4
UT,199608,3.4
UT,199609,3.0
UT,199610,3.0
UT,199611,3.1
UT,199612,3.0
UT,199613,3.4
UT,199701,3.7
UT,199702,3.8
UT,199703,3.5
UT,199704,3.1
UT,199705,3.0
UT,199706,3.5
UT,199707,3.1
UT,199708,3.3
UT,199709,2.8
UT,199710,2.8
UT,199711,2.8
UT,199712,2.8
UT,199713,3.2
UT,199801,3.7
UT,199802,3.9
UT,199803,4.0
UT,199804,3.4
UT,199805,3.4
UT,199806,4.0
UT,199807,3.7
UT,199808,3.8
UT,199809,3.4
UT,199810,3.3
UT,199811,3.1
UT,199812,3.1
UT,199813,3.6
UT,199901,3.9
UT,199902,4.1
UT,199903,3.8
UT,199904,3.6
UT,199905,3.4
UT,199906,4.0
UT,199907,3.7
UT,199908,3.7
UT,199909,3.3
UT,199910,3.1
UT,199911,2.8
UT,199912,2.7
UT,199913,3.5
UT,200001,3.4
UT,200002,3.6
UT,200003,3.5
UT,200004,3.0
UT,200005,3.2
UT,200006,3.6
UT,200007,3.4
UT,200008,3.7
UT,200009,3.1
UT,200010,3.1
UT,200011,3.2
UT,200012,3.2
UT,200013,3.3
UT,200101,4.2
UT,200102,4.2
UT,200103,4.2
UT,200104,4.1
UT,200105,4.0
UT,200106,4.5
UT,200107,4.3
UT,200108,4.8
UT,200109,4.3
UT,200110,4.5
UT,200111,4.6
UT,200112,4.7
UT,200113,4.4
UT,200201,5.7
UT,200202,5.8
UT,200203,5.8
UT,200204,5.6
UT,200205,5.5
UT,200206,6.0
UT,200207,5.9
UT,200208,6.0
UT,200209,5.4
UT,200210,5.4
UT,200211,5.5
UT,200212,5.6
UT,200213,5.7
UT,200301,6.1
UT,200302,6.2
UT,200303,5.9
UT,200304,5.6
UT,200305,5.4
UT,200306,6.1
UT,200307,5.6
UT,200308,5.6
UT,200309,5.1
UT,200310,5.0
UT,200311,5.1
UT,200312,4.9
UT,200313,5.6
UT,200401,5.7
UT,200402,5.6
UT,200403,5.6
UT,200404,5.2
UT,200405,5.0
UT,200406,5.5
UT,200407,5.1
UT,200408,5.0
UT,200409,4.5
UT,200410,4.4
UT,200411,4.3
UT,200412,4.2
UT,200413,5.0
UT,200501,4.8
UT,200502,5.0
UT,200503,4.6
UT,200504,4.3
UT,200505,4.1
UT,200506,4.4
UT,200507,4.1
UT,200508,4.0
UT,200509,3.6
UT,200510,3.4
UT,200511,3.4
UT,200512,3.1
UT,200513,4.0
UT,200601,3.6
UT,200602,3.8
UT,200603,3.3
UT,200604,3.0
UT,200605,2.8
UT,200606,3.1
UT,200607,2.9
UT,200608,2.9
UT,200609,2.3
UT,200610,2.1
UT,200611,2.2
UT,200612,2.1
UT,200613,2.8
UT,200701,2.7
UT,200702,2.7
UT,200703,2.5
UT,200704,2.4
UT,200705,2.3
UT,200706,2.8
UT,200707,2.6
UT,200708,2.7
UT,200709,2.4
UT,200710,2.4
UT,200711,2.4
UT,200712,2.6
UT,200713,2.6
UT,200801,3.2
UT,200802,3.2
UT,200803,3.1
UT,200804,2.8
UT,200805,2.9
UT,200806,3.4
UT,200807,3.3
UT,200808,3.5
UT,200809,3.1
UT,200810,3.1
UT,200811,3.2
UT,200812,5.1
UT,200813,3.3
UT,200901,6.7
UT,200902,7.3
UT,200903,7.4
UT,200904,7.1
UT,200905,7.3
UT,200906,8.0
UT,200907,7.9
UT,200908,8.1
UT,200909,7.8
UT,200910,8.0
UT,200911,7.8
UT,200912,7.9
UT,200913,7.6
UT,201001,8.8
UT,201002,8.9
UT,201003,8.6
UT,201004,8.2
UT,201005,8.1
UT,201006,8.4
UT,201007,8.3
UT,201008,8.4
UT,201009,7.9
UT,201010,7.8
UT,201011,7.9
UT,201012,7.8
UT,201013,8.3
UT,201101,8.3
UT,201102,8.3
UT,201103,8.0
UT,201104,7.7
UT,201105,7.7
UT,201106,8.2
UT,201107,7.7
UT,201108,7.4
UT,201109,6.5
UT,201110,6.0
UT,201111,5.4
UT,201112,5.1
UT,201113,7.2
UT,201201,5.5
UT,201202,5.1
UT,201203,4.9
UT,201204,4.6
UT,201205,4.6
UT,201206,5.2
UT,201207,5.0
UT,201208,5.0
UT,201209,4.3
UT,201210,4.4
UT,201211,4.2
UT,201212,4.3
UT,201213,4.8
UT,201301,4.9
UT,201302,4.7
UT,201303,4.4
UT,201304,4.1
UT,201305,4.1
UT,201306,4.6
UT,201307,4.3
UT,201308,4.3
UT,201309,3.9
UT,201310,3.8
UT,201311,3.6
UT,201312,3.5
UT,201313,4.2
UT,201401,4.0
UT,201402,4.1
UT,201403,3.9
UT,201404,3.3
UT,201405,3.5
UT,201406,3.9
UT,201407,3.8
UT,201408,3.8
UT,201409,3.3
UT,201410,3.3
UT,201411,3.3
UT,201412,3.2
UT,201413,3.6
UT,201501,3.8
UT,201502,3.9
UT,201503,3.6
UT,201504,3.4
UT,201505,3.5
UT,201506,3.8
UT,201507,3.7
UT,201508,3.7
UT,201509,3.2
UT,201510,3.3
UT,201511,3.3
UT,201512,3.2
UT,201513,3.5
UT,201601,3.7
UT,201602,3.8
UT,201603,3.7
UT,201604,3.5
UT,201605,3.2
UT,201606,3.7
UT,201607,3.4
UT,201608,3.4
UT,201609,3.0
UT,201610,3.0
UT,201611,2.8
UT,201612,2.9
UT,201613,3.3
UT,201701,3.4
UT,201702,3.6
UT,201703,3.3
UT,201704,3.1
UT,201705,3.0
UT,201706,3.5
UT,201707,3.2
UT,201708,3.4
UT,201709,2.9
UT,201710,2.8
UT,201711,2.8
UT,201712,2.8
UT,201713,3.1
UT,201801,3.3
UT,201802,3.4
UT,201803,3.1
UT,201804,2.9
UT,201805,2.7
UT,201806,3.3
UT,201807,3.0
UT,201808,3.1
UT,201809,2.6
UT,201810,2.5
UT,201811,2.5
UT,201812,2.6
UT,201813,2.9
UT,201901,3.1
UT,201902,3.0
UT,201903,2.8
UT,201904,2.5
UT,201905,2.5
UT,201906,2.8
UT,201907,2.6
UT,201908,2.6
UT,201909,2.1
UT,201910,2.1
UT,201911,2.1
UT,201912,2.2
UT,201913,2.5
UT,202001,2.7
UT,202002,2.7
UT,202003,3.0
UT,202004,9.8
UT,202005,7.8
UT,202006,6.6
UT,202007,5.9
UT,202008,4.9
UT,202009,4.3
UT,202010,3.7
UT,202011,3.5
UT,202012,3.4
UT,202013,4.8
UT,202101,3.6
UT,202102,3.6
UT,202103,3.2
UT,202104,3.0
UT,202105,2.8
UT,202106,3.2
UT,202107,2.8
UT,202108,2.8
UT,202109,2.1
UT,202110,2.1
UT,202111,2.0
UT,202112,1.9
UT,202113,2.8
UT,202201,2.5
UT,202202,2.5
UT,202203,2.3
UT,202204,2.2
UT,202205,2.3
UT,202206,2.7
UT,202207,2.4
UT,202208,2.6
UT,202209,2.2
UT,202210,2.3
UT,202211,2.3
UT,202212,2.2
UT,202213,2.4
UT,202301,2.7
UT,202302,2.8
UT,202303,2.6
UT,202304,2.4
UT,202305,2.6
UT,202306,2.8
UT,202307,2.7
UT,202308,3.0
UT,202309,2.6
UT,202310,2.7
UT,202311,2.6
UT,202312,2.6
UT,202313,2.7
UT,202401,3.0
UT,202402,3.3
UT,202403,3.1
UT,202404,3.0
UT,202405,3.1
UT,202406,3.5
UT,202407,3.5
UT,202408,3.6
UT,202409,3.0
UT,202410,3.0
UT,202411,3.0
UT,202412,2.9
UT,202413,3.2
UT,202501,3.2
UT,202502,3.3
UT,202503,3.1
VT,197601,9.8
VT,197602,9.7
VT,197603,9.2
VT,197604,8.9
VT,197605,7.9
VT,197606,8.3
VT,197607,7.6
VT,197608,7.6
VT,197609,7.7
VT,197610,7.0
VT,197611,7.9
VT,197612,7.2
VT,197613,8.2
VT,197701,8.8
VT,197702,8.9
VT,197703,8.2
VT,197704,7.6
VT,197705,6.7
VT,197706,7.0
VT,197707,6.0
VT,197708,6.3
VT,197709,6.6
VT,197710,5.8
VT,197711,6.5
VT,197712,5.7
VT,197713,7.0
VT,197801,7.2
VT,197802,6.7
VT,197803,6.3
VT,197804,5.8
VT,197805,5.2
VT,197806,5.4
VT,197807,5.1
VT,197808,5.0
VT,197809,5.1
VT,197810,4.4
VT,197811,5.3
VT,197812,5.0
VT,197813,5.5
VT,197901,6.3
VT,197902,6.1
VT,197903,5.6
VT,197904,5.5
VT,197905,4.7
VT,197906,4.7
VT,197907,4.3
VT,197908,4.7
VT,197909,4.8
VT,197910,4.2
VT,197911,5.0
VT,197912,4.6
VT,197913,5.0
VT,198001,6.2
VT,198002,6.0
VT,198003,5.8
VT,198004,6.1
VT,198005,6.2
VT,198006,6.5
VT,198007,6.4
VT,198008,6.3
VT,198009,6.1
VT,198010,5.7
VT,198011,6.1
VT,198012,5.2
VT,198013,6.1
VT,198101,6.7
VT,198102,6.5
VT,198103,6.1
VT,198104,5.8
VT,198105,5.6
VT,198106,5.7
VT,198107,5.1
VT,198108,5.1
VT,198109,5.4
VT,198110,5.1
VT,198111,6.0
VT,198112,5.9
VT,198113,5.7
VT,198201,7.5
VT,198202,7.5
VT,198203,7.4
VT,198204,7.8
VT,198205,7.0
VT,198206,7.0
VT,198207,6.7
VT,198208,6.6
VT,198209,6.6
VT,198210,6.3
VT,198211,7.2
VT,198212,7.0
VT,198213,7.0
VT,198301,8.5
VT,198302,8.3
VT,198303,7.7
VT,198304,7.4
VT,198305,6.8
VT,198306,6.6
VT,198307,5.6
VT,198308,5.6
VT,198309,5.5
VT,198310,5.0
VT,198311,5.5
VT,198312,5.3
VT,198313,6.5
VT,198401,6.6
VT,198402,6.2
VT,198403,6.0
VT,198404,5.7
VT,198405,4.8
VT,198406,4.6
VT,198407,4.1
VT,198408,4.1
VT,198409,4.2
VT,198410,3.7
VT,198411,4.3
VT,198412,4.2
VT,198413,4.9
VT,198501,5.7
VT,198502,5.5
VT,198503,5.3
VT,198504,5.2
VT,198505,4.6
VT,198506,4.7
VT,198507,4.3
VT,198508,4.2
VT,198509,4.2
VT,198510,3.8
VT,198511,4.3
VT,198512,4.0
VT,198513,4.6
VT,198601,5.1
VT,198602,5.1
VT,198603,4.9
VT,198604,4.8
VT,198605,4.2
VT,198606,4.1
VT,198607,3.7
VT,198608,3.7
VT,198609,4.0
VT,198610,3.6
VT,198611,4.2
VT,198612,3.7
VT,198613,4.2
VT,198701,5.0
VT,198702,4.6
VT,198703,4.4
VT,198704,4.1
VT,198705,3.6
VT,198706,3.5
VT,198707,3.2
VT,198708,3.1
VT,198709,3.2
VT,198710,2.8
VT,198711,3.2
VT,198712,2.8
VT,198713,3.6
VT,198801,4.0
VT,198802,3.7
VT,198803,3.4
VT,198804,3.1
VT,198805,2.7
VT,198806,2.8
VT,198807,2.6
VT,198808,2.7
VT,198809,2.8
VT,198810,2.5
VT,198811,3.1
VT,198812,2.7
VT,198813,3.0
VT,198901,4.0
VT,198902,3.6
VT,198903,3.5
VT,198904,3.7
VT,198905,3.2
VT,198906,3.4
VT,198907,3.2
VT,198908,3.4
VT,198909,3.5
VT,198910,3.2
VT,198911,3.8
VT,198912,3.7
VT,198913,3.5
VT,199001,5.0
VT,199002,5.0
VT,199003,4.9
VT,199004,4.9
VT,199005,4.6
VT,199006,4.4
VT,199007,4.4
VT,199008,4.5
VT,199009,4.7
VT,199010,4.4
VT,199011,5.6
VT,199012,5.7
VT,199013,4.8
VT,199101,7.0
VT,199102,7.2
VT,199103,7.2
VT,199104,7.2
VT,199105,6.8
VT,199106,6.7
VT,199107,6.1
VT,199108,5.6
VT,199109,5.5
VT,199110,5.1
VT,199111,5.8
VT,199112,5.9
VT,199113,6.3
VT,199201,7.3
VT,199202,7.1
VT,199203,6.8
VT,199204,6.5
VT,199205,6.1
VT,199206,6.1
VT,199207,5.6
VT,199208,5.5
VT,199209,5.5
VT,199210,5.0
VT,199211,5.6
VT,199212,5.3
VT,199213,6.0
VT,199301,6.5
VT,199302,6.2
VT,199303,5.9
VT,199304,5.5
VT,199305,5.0
VT,199306,4.9
VT,199307,4.7
VT,199308,4.4
VT,199309,4.4
VT,199310,4.1
VT,199311,4.5
VT,199312,4.3
VT,199313,5.0
VT,199401,5.6
VT,199402,5.3
VT,199403,5.1
VT,199404,4.9
VT,199405,4.3
VT,199406,4.3
VT,199407,4.1
VT,199408,4.1
VT,199409,4.1
VT,199410,3.6
VT,199411,4.0
VT,199412,3.8
VT,199413,4.4
VT,199501,5.0
VT,199502,4.7
VT,199503,4.5
VT,199504,4.6
VT,199505,4.1
VT,199506,4.1
VT,199507,4.1
VT,199508,3.9
VT,199509,3.9
VT,199510,3.5
VT,199511,4.0
VT,199512,3.8
VT,199513,4.2
VT,199601,5.1
VT,199602,4.7
VT,199603,4.7
VT,199604,4.6
VT,199605,4.2
VT,199606,4.0
VT,199607,4.0
VT,199608,3.7
VT,199609,3.9
VT,199610,3.5
VT,199611,4.1
VT,199612,4.0
VT,199613,4.2
VT,199701,5.0
VT,199702,4.7
VT,199703,4.6
VT,199704,4.4
VT,199705,3.9
VT,199706,3.9
VT,199707,3.6
VT,199708,3.5
VT,199709,3.5
VT,199710,3.0
VT,199711,3.4
VT,199712,3.5
VT,199713,3.9
VT,199801,4.3
VT,199802,4.0
VT,199803,4.1
VT,199804,3.6
VT,199805,3.4
VT,199806,3.5
VT,199807,3.2
VT,199808,3.1
VT,199809,3.1
VT,199810,2.7
VT,199811,3.0
VT,199812,2.9
VT,199813,3.4
VT,199901,3.8
VT,199902,3.7
VT,199903,3.5
VT,199904,3.4
VT,199905,2.9
VT,199906,3.1
VT,199907,3.0
VT,199908,2.7
VT,199909,2.8
VT,199910,2.4
VT,199911,2.7
VT,199912,2.6
VT,199913,3.1
VT,200001,3.5
VT,200002,3.2
VT,200003,3.0
VT,200004,2.9
VT,200005,2.6
VT,200006,2.8
VT,200007,2.7
VT,200008,2.6
VT,200009,2.5
VT,200010,2.1
VT,200011,2.6
VT,200012,2.5
VT,200013,2.8
VT,200101,3.6
VT,200102,3.4
VT,200103,3.6
VT,200104,3.6
VT,200105,3.0
VT,200106,3.2
VT,200107,3.0
VT,200108,3.0
VT,200109,3.0
VT,200110,2.7
VT,200111,3.3
VT,200112,3.3
VT,200113,3.2
VT,200201,4.3
VT,200202,4.1
VT,200203,4.2
VT,200204,4.2
VT,200205,3.7
VT,200206,3.9
VT,200207,3.8
VT,200208,3.8
VT,200209,3.7
VT,200210,3.4
VT,200211,4.1
VT,200212,4.1
VT,200213,3.9
VT,200301,5.1
VT,200302,4.9
VT,200303,4.8
VT,200304,4.8
VT,200305,4.2
VT,200306,4.5
VT,200307,4.2
VT,200308,4.0
VT,200309,4.2
VT,200310,3.6
VT,200311,4.0
VT,200312,3.8
VT,200313,4.3
VT,200401,4.7
VT,200402,4.3
VT,200403,4.3
VT,200404,4.0
VT,200405,3.6
VT,200406,3.7
VT,200407,3.4
VT,200408,3.2
VT,200409,3.2
VT,200410,2.8
VT,200411,3.3
VT,200412,3.3
VT,200413,3.6
VT,200501,4.1
VT,200502,4.0
VT,200503,3.8
VT,200504,3.7
VT,200505,3.2
VT,200506,3.5
VT,200507,3.3
VT,200508,3.1
VT,200509,3.3
VT,200510,3.0
VT,200511,3.4
VT,200512,3.4
VT,200513,3.5
VT,200601,4.1
VT,200602,4.1
VT,200603,3.9
VT,200604,3.9
VT,200605,3.4
VT,200606,3.7
VT,200607,3.6
VT,200608,3.6
VT,200609,3.6
VT,200610,3.1
VT,200611,3.7
VT,200612,3.6
VT,200613,3.7
VT,200701,4.6
VT,200702,4.3
VT,200703,4.1
VT,200704,4.2
VT,200705,3.7
VT,200706,3.8
VT,200707,3.8
VT,200708,3.5
VT,200709,3.7
VT,200710,3.3
VT,200711,3.7
VT,200712,3.8
VT,200713,3.9
VT,200801,4.7
VT,200802,4.4
VT,200803,4.5
VT,200804,4.3
VT,200805,4.2
VT,200806,4.3
VT,200807,4.2
VT,200808,4.3
VT,200809,4.4
VT,200810,4.0
VT,200811,4.7
VT,200812,5.3
VT,200813,4.5
VT,200901,6.6
VT,200902,6.9
VT,200903,7.1
VT,200904,6.9
VT,200905,6.7
VT,200906,6.8
VT,200907,6.4
VT,200908,6.2
VT,200909,6.3
VT,200910,5.8
VT,200911,6.2
VT,200912,6.4
VT,200913,6.5
VT,201001,7.3
VT,201002,7.1
VT,201003,7.0
VT,201004,6.7
VT,201005,6.1
VT,201006,6.2
VT,201007,6.0
VT,201008,5.8
VT,201009,5.7
VT,201010,5.2
VT,201011,5.9
VT,201012,5.8
VT,201013,6.2
VT,201101,6.5
VT,201102,6.2
VT,201103,6.0
VT,201104,5.8
VT,201105,5.3
VT,201106,5.4
VT,201107,5.3
VT,201108,5.1
VT,201109,5.2
VT,201110,4.6
VT,201111,4.8
VT,201112,4.8
VT,201113,5.4
VT,201201,5.5
VT,201202,5.3
VT,201203,5.0
VT,201204,4.9
VT,201205,4.7
VT,201206,5.0
VT,201207,4.9
VT,201208,4.8
VT,201209,4.5
VT,201210,4.1
VT,201211,4.3
VT,201212,4.5
VT,201213,4.8
VT,201301,5.3
VT,201302,4.9
VT,201303,4.7
VT,201304,4.6
VT,201305,4.4
VT,201306,4.7
VT,201307,4.4
VT,201308,4.2
VT,201309,4.3
VT,201310,3.7
VT,201311,4.0
VT,201312,3.9
VT,201313,4.4
VT,201401,4.5
VT,201402,4.4
VT,201403,4.3
VT,201404,4.0
VT,201405,3.7
VT,201406,3.8
VT,201407,4.0
VT,201408,3.9
VT,201409,3.8
VT,201410,3.2
VT,201411,3.6
VT,201412,3.6
VT,201413,3.9
VT,201501,4.2
VT,201502,4.0
VT,201503,3.7
VT,201504,3.6
VT,201505,3.5
VT,201506,3.5
VT,201507,3.4
VT,201508,3.3
VT,201509,3.3
VT,201510,2.8
VT,201511,3.2
VT,201512,3.1
VT,201513,3.5
VT,201601,3.7
VT,201602,3.5
VT,201603,3.4
VT,201604,3.3
VT,201605,2.9
VT,201606,3.2
VT,201607,3.1
VT,201608,3.0
VT,201609,3.0
VT,201610,2.4
VT,201611,2.7
VT,201612,2.9
VT,201613,3.1
VT,201701,3.6
VT,201702,3.5
VT,201703,3.3
VT,201704,3.2
VT,201705,2.8
VT,201706,2.9
VT,201707,2.8
VT,201708,2.9
VT,201709,2.7
VT,201710,2.2
VT,201711,2.6
VT,201712,2.6
VT,201713,2.9
VT,201801,3.3
VT,201802,3.1
VT,201803,3.0
VT,201804,2.9
VT,201805,2.4
VT,201806,2.7
VT,201807,2.4
VT,201808,2.3
VT,201809,2.2
VT,201810,1.6
VT,201811,2.0
VT,201812,2.2
VT,201813,2.5
VT,201901,2.9
VT,201902,2.5
VT,201903,2.4
VT,201904,2.3
VT,201905,1.8
VT,201906,2.1
VT,201907,2.0
VT,201908,2.1
VT,201909,1.9
VT,201910,1.5
VT,201911,1.9
VT,201912,1.9
VT,201913,2.1
VT,202001,2.5
VT,202002,2.3
VT,202003,2.7
VT,202004,14.0
VT,202005,10.4
VT,202006,8.0
VT,202007,6.7
VT,202008,5.1
VT,202009,4.7
VT,202010,3.3
VT,202011,3.6
VT,202012,4.2
VT,202013,5.6
VT,202101,5.0
VT,202102,5.0
VT,202103,4.8
VT,202104,4.8
VT,202105,3.7
VT,202106,3.9
VT,202107,3.3
VT,202108,3.2
VT,202109,2.9
VT,202110,2.2
VT,202111,2.4
VT,202112,2.4
VT,202113,3.6
VT,202201,3.1
VT,202202,2.8
VT,202203,2.4
VT,202204,2.5
VT,202205,2.1
VT,202206,2.5
VT,202207,2.2
VT,202208,2.4
VT,202209,2.2
VT,202210,1.8
VT,202211,2.2
VT,202212,2.1
VT,202213,2.4
VT,202301,2.6
VT,202302,2.4
VT,202303,2.1
VT,202304,1.8
VT,202305,1.6
VT,202306,1.8
VT,202307,1.7
VT,202308,2.0
VT,202309,1.9
VT,202310,1.5
VT,202311,1.8
VT,202312,2.0
VT,202313,1.9
VT,202401,2.5
VT,202402,2.4
VT,202403,2.1
VT,202404,2.3
VT,202405,2.0
VT,202406,2.3
VT,202407,2.3
VT,202408,2.4
VT,202409,2.3
VT,202410,2.0
VT,202411,2.5
VT,202412,2.5
VT,202413,2.3
VT,202501,3.0
VT,202502,3.0
VT,202503,2.8
VA,197601,7.1
VA,197602,6.8
VA,197603,6.3
VA,197604,5.5
VA,197605,5.3
VA,197606,6.0
VA,197607,5.7
VA,197608,5.8
VA,197609,5.8
VA,197610,5.3
VA,197611,5.6
VA,197612,5.4
VA,197613,5.9
VA,197701,6.3
VA,197702,6.5
VA,197703,6.2
VA,197704,5.1
VA,197705,5.1
VA,197706,5.8
VA,197707,5.3
VA,197708,5.1
VA,197709,5.2
VA,197710,4.9
VA,197711,5.2
VA,197712,4.9
VA,197713,5.5
VA,197801,5.9
VA,197802,5.9
VA,197803,5.6
VA,197804,4.7
VA,197805,4.9
VA,197806,5.4
VA,197807,5.2
VA,197808,5.1
VA,197809,5.2
VA,197810,4.7
VA,197811,4.8
VA,197812,4.9
VA,197813,5.2
VA,197901,5.6
VA,197902,5.6
VA,197903,5.1
VA,197904,4.4
VA,197905,4.4
VA,197906,5.0
VA,197907,4.5
VA,197908,4.7
VA,197909,4.5
VA,197910,4.4
VA,197911,4.4
VA,197912,4.3
VA,197913,4.7
VA,198001,5.3
VA,198002,5.1
VA,198003,4.8
VA,198004,4.7
VA,198005,5.3
VA,198006,6.0
VA,198007,5.8
VA,198008,5.6
VA,198009,5.3
VA,198010,5.1
VA,198011,5.1
VA,198012,4.9
VA,198013,5.2
VA,198101,6.1
VA,198102,6.1
VA,198103,5.7
VA,198104,5.2
VA,198105,5.6
VA,198106,6.1
VA,198107,5.6
VA,198108,5.7
VA,198109,5.8
VA,198110,5.9
VA,198111,6.2
VA,198112,6.5
VA,198113,5.9
VA,198201,7.5
VA,198202,7.8
VA,198203,7.4
VA,198204,6.8
VA,198205,7.0
VA,198206,7.5
VA,198207,7.2
VA,198208,7.2
VA,198209,7.2
VA,198210,7.3
VA,198211,7.5
VA,198212,7.6
VA,198213,7.3
VA,198301,8.3
VA,198302,8.0
VA,198303,7.4
VA,198304,6.4
VA,198305,6.3
VA,198306,6.5
VA,198307,5.8
VA,198308,5.9
VA,198309,5.6
VA,198310,5.3
VA,198311,5.1
VA,198312,4.9
VA,198313,6.3
VA,198401,5.6
VA,198402,5.5
VA,198403,5.1
VA,198404,4.7
VA,198405,4.9
VA,198406,5.1
VA,198407,5.0
VA,198408,5.0
VA,198409,4.9
VA,198410,4.9
VA,198411,5.0
VA,198412,5.0
VA,198413,5.1
VA,198501,5.7
VA,198502,5.8
VA,198503,5.5
VA,198504,5.1
VA,198505,5.3
VA,198506,5.6
VA,198507,5.6
VA,198508,5.2
VA,198509,5.2
VA,198510,5.0
VA,198511,5.0
VA,198512,4.8
VA,198513,5.3
VA,198601,5.3
VA,198602,5.4
VA,198603,5.1
VA,198604,4.7
VA,198605,4.9
VA,198606,5.2
VA,198607,4.8
VA,198608,4.7
VA,198609,4.9
VA,198610,4.7
VA,198611,4.7
VA,198612,4.4
VA,198613,4.9
VA,198701,5.0
VA,198702,4.9
VA,198703,4.7
VA,198704,4.1
VA,198705,4.3
VA,198706,4.3
VA,198707,4.0
VA,198708,4.0
VA,198709,3.9
VA,198710,3.8
VA,198711,3.7
VA,198712,3.5
VA,198713,4.2
VA,198801,4.3
VA,198802,4.3
VA,198803,3.9
VA,198804,3.5
VA,198805,3.9
VA,198806,4.0
VA,198807,4.0
VA,198808,4.0
VA,198809,4.0
VA,198810,3.8
VA,198811,3.8
VA,198812,3.6
VA,198813,3.9
VA,198901,4.4
VA,198902,4.2
VA,198903,3.8
VA,198904,3.6
VA,198905,3.8
VA,198906,4.1
VA,198907,3.9
VA,198908,3.8
VA,198909,3.9
VA,198910,3.8
VA,198911,3.8
VA,198912,3.7
VA,198913,3.9
VA,199001,4.5
VA,199002,4.3
VA,199003,3.9
VA,199004,3.8
VA,199005,4.0
VA,199006,4.2
VA,199007,4.4
VA,199008,4.5
VA,199009,4.6
VA,199010,4.7
VA,199011,5.0
VA,199012,5.2
VA,199013,4.4
VA,199101,6.0
VA,199102,6.5
VA,199103,6.2
VA,199104,5.6
VA,199105,5.8
VA,199106,6.0
VA,199107,5.7
VA,199108,5.6
VA,199109,5.5
VA,199110,5.4
VA,199111,5.6
VA,199112,5.8
VA,199113,5.8
VA,199201,6.8
VA,199202,6.9
VA,199203,6.5
VA,199204,5.8
VA,199205,6.1
VA,199206,6.4
VA,199207,6.0
VA,199208,5.9
VA,199209,5.8
VA,199210,5.4
VA,199211,5.4
VA,199212,5.3
VA,199213,6.0
VA,199301,6.0
VA,199302,5.7
VA,199303,5.4
VA,199304,5.0
VA,199305,5.1
VA,199306,5.4
VA,199307,5.1
VA,199308,5.0
VA,199309,4.8
VA,199310,4.8
VA,199311,4.6
VA,199312,4.5
VA,199313,5.1
VA,199401,5.6
VA,199402,5.4
VA,199403,5.2
VA,199404,4.7
VA,199405,4.7
VA,199406,5.0
VA,199407,4.8
VA,199408,4.8
VA,199409,4.5
VA,199410,4.3
VA,199411,4.2
VA,199412,4.0
VA,199413,4.8
VA,199501,4.9
VA,199502,4.5
VA,199503,4.3
VA,199504,4.3
VA,199505,4.4
VA,199506,4.6
VA,199507,4.5
VA,199508,4.5
VA,199509,4.4
VA,199510,4.2
VA,199511,4.2
VA,199512,4.0
VA,199513,4.4
VA,199601,5.1
VA,199602,4.6
VA,199603,4.3
VA,199604,4.1
VA,199605,4.3
VA,199606,4.4
VA,199607,4.4
VA,199608,4.1
VA,199609,4.0
VA,199610,3.9
VA,199611,3.9
VA,199612,3.8
VA,199613,4.2
VA,199701,4.6
VA,199702,4.4
VA,199703,4.1
VA,199704,3.6
VA,199705,3.7
VA,199706,3.9
VA,199707,3.6
VA,199708,3.6
VA,199709,3.3
VA,199710,2.9
VA,199711,2.8
VA,199712,2.7
VA,199713,3.6
VA,199801,3.4
VA,199802,3.2
VA,199803,3.1
VA,199804,2.4
VA,199805,2.6
VA,199806,3.0
VA,199807,2.9
VA,199808,2.9
VA,199809,2.8
VA,199810,2.6
VA,199811,2.5
VA,199812,2.4
VA,199813,2.8
VA,199901,3.0
VA,199902,3.0
VA,199903,2.7
VA,199904,2.4
VA,199905,2.6
VA,199906,2.9
VA,199907,2.8
VA,199908,2.8
VA,199909,2.7
VA,199910,2.5
VA,199911,2.5
VA,199912,2.3
VA,199913,2.7
VA,200001,2.8
VA,200002,2.8
VA,200003,2.5
VA,200004,2.0
VA,200005,2.3
VA,200006,2.5
VA,200007,2.4
VA,200008,2.4
VA,200009,2.2
VA,200010,2.0
VA,200011,2.0
VA,200012,1.9
VA,200013,2.3
VA,200101,2.6
VA,200102,2.7
VA,200103,2.7
VA,200104,2.5
VA,200105,2.8
VA,200106,3.2
VA,200107,3.2
VA,200108,3.5
VA,200109,3.4
VA,200110,3.7
VA,200111,3.9
VA,200112,3.8
VA,200113,3.2
VA,200201,4.6
VA,200202,4.5
VA,200203,4.4
VA,200204,4.1
VA,200205,4.2
VA,200206,4.4
VA,200207,4.3
VA,200208,4.3
VA,200209,3.9
VA,200210,3.8
VA,200211,4.0
VA,200212,3.9
VA,200213,4.2
VA,200301,4.5
VA,200302,4.4
VA,200303,4.3
VA,200304,3.9
VA,200305,4.1
VA,200306,4.5
VA,200307,4.4
VA,200308,4.2
VA,200309,4.0
VA,200310,3.7
VA,200311,3.8
VA,200312,3.6
VA,200313,4.1
VA,200401,4.3
VA,200402,4.1
VA,200403,4.0
VA,200404,3.5
VA,200405,3.7
VA,200406,4.0
VA,200407,3.8
VA,200408,3.8
VA,200409,3.5
VA,200410,3.4
VA,200411,3.5
VA,200412,3.4
VA,200413,3.7
VA,200501,3.9
VA,200502,3.9
VA,200503,3.6
VA,200504,3.4
VA,200505,3.5
VA,200506,3.7
VA,200507,3.5
VA,200508,3.5
VA,200509,3.4
VA,200510,3.2
VA,200511,3.3
VA,200512,3.0
VA,200513,3.5
VA,200601,3.3
VA,200602,3.4
VA,200603,3.1
VA,200604,2.8
VA,200605,2.9
VA,200606,3.2
VA,200607,3.2
VA,200608,3.2
VA,200609,3.1
VA,200610,2.8
VA,200611,2.9
VA,200612,2.8
VA,200613,3.1
VA,200701,3.3
VA,200702,3.3
VA,200703,3.0
VA,200704,2.7
VA,200705,2.9
VA,200706,3.2
VA,200707,3.1
VA,200708,3.2
VA,200709,3.1
VA,200710,3.0
VA,200711,3.1
VA,200712,3.2
VA,200713,3.1
VA,200801,3.8
VA,200802,3.7
VA,200803,3.7
VA,200804,3.3
VA,200805,3.7
VA,200806,4.0
VA,200807,4.2
VA,200808,4.3
VA,200809,4.2
VA,200810,4.3
VA,200811,4.6
VA,200812,5.0
VA,200813,4.1
VA,200901,6.3
VA,200902,6.7
VA,200903,6.8
VA,200904,6.4
VA,200905,6.8
VA,200906,7.1
VA,200907,7.0
VA,200908,7.0
VA,200909,6.9
VA,200910,6.8
VA,200911,6.8
VA,200912,6.9
VA,200913,6.8
VA,201001,7.6
VA,201002,7.6
VA,201003,7.3
VA,201004,6.6
VA,201005,6.7
VA,201006,6.8
VA,201007,6.8
VA,201008,6.8
VA,201009,6.5
VA,201010,6.4
VA,201011,6.5
VA,201012,6.3
VA,201013,6.8
VA,201101,6.8
VA,201102,6.6
VA,201103,6.3
VA,201104,5.9
VA,201105,6.1
VA,201106,6.5
VA,201107,6.4
VA,201108,6.5
VA,201109,6.3
VA,201110,6.1
VA,201111,5.9
VA,201112,5.9
VA,201113,6.3
VA,201201,6.4
VA,201202,6.3
VA,201203,6.0
VA,201204,5.5
VA,201205,5.7
VA,201206,6.1
VA,201207,6.1
VA,201208,6.0
VA,201209,5.6
VA,201210,5.5
VA,201211,5.3
VA,201212,5.4
VA,201213,5.8
VA,201301,6.2
VA,201302,5.9
VA,201303,5.5
VA,201304,5.1
VA,201305,5.5
VA,201306,5.8
VA,201307,5.7
VA,201308,5.6
VA,201309,5.5
VA,201310,5.5
VA,201311,5.2
VA,201312,5.0
VA,201313,5.5
VA,201401,5.6
VA,201402,5.6
VA,201403,5.4
VA,201404,4.7
VA,201405,5.1
VA,201406,5.2
VA,201407,5.3
VA,201408,5.3
VA,201409,4.9
VA,201410,4.7
VA,201411,4.7
VA,201412,4.5
VA,201413,5.1
VA,201501,5.1
VA,201502,4.9
VA,201503,4.6
VA,201504,4.1
VA,201505,4.5
VA,201506,4.5
VA,201507,4.4
VA,201508,4.3
VA,201509,4.1
VA,201510,4.0
VA,201511,4.0
VA,201512,3.8
VA,201513,4.4
VA,201601,4.3
VA,201602,4.2
VA,201603,4.1
VA,201604,3.7
VA,201605,3.8
VA,201606,4.1
VA,201607,4.1
VA,201608,4.3
VA,201609,4.1
VA,201610,4.0
VA,201611,3.8
VA,201612,3.7
VA,201613,4.0
VA,201701,4.3
VA,201702,4.0
VA,201703,3.8
VA,201704,3.4
VA,201705,3.6
VA,201706,3.7
VA,201707,3.7
VA,201708,3.8
VA,201709,3.5
VA,201710,3.3
VA,201711,3.3
VA,201712,3.1
VA,201713,3.6
VA,201801,3.5
VA,201802,3.3
VA,201803,3.2
VA,201804,2.8
VA,201805,2.9
VA,201806,3.2
VA,201807,3.0
VA,201808,3.1
VA,201809,2.8
VA,201810,2.7
VA,201811,2.7
VA,201812,2.7
VA,201813,3.0
VA,201901,3.3
VA,201902,3.0
VA,201903,2.9
VA,201904,2.4
VA,201905,2.7
VA,201906,2.8
VA,201907,2.9
VA,201908,2.9
VA,201909,2.6
VA,201910,2.5
VA,201911,2.5
VA,201912,2.4
VA,201913,2.8
VA,202001,2.9
VA,202002,2.6
VA,202003,3.2
VA,202004,11.0
VA,202005,9.8
VA,202006,10.2
VA,202007,9.3
VA,202008,7.7
VA,202009,6.3
VA,202010,5.4
VA,202011,5.0
VA,202012,4.5
VA,202013,6.5
VA,202101,4.8
VA,202102,4.7
VA,202103,4.5
VA,202104,4.0
VA,202105,4.2
VA,202106,4.6
VA,202107,4.2
VA,202108,4.0
VA,202109,3.4
VA,202110,3.0
VA,202111,2.1
VA,202112,2.6
VA,202113,3.8
VA,202201,2.7
VA,202202,2.5
VA,202203,2.5
VA,202204,2.3
VA,202205,2.7
VA,202206,2.9
VA,202207,2.9
VA,202208,3.2
VA,202209,2.8
VA,202210,2.7
VA,202211,2.7
VA,202212,2.4
VA,202213,2.7
VA,202301,2.9
VA,202302,2.8
VA,202303,2.7
VA,202304,2.3
VA,202305,2.7
VA,202306,2.8
VA,202307,2.7
VA,202308,3.0
VA,202309,2.8
VA,202310,2.8
VA,202311,2.6
VA,202312,2.4
VA,202313,2.7
VA,202401,2.8
VA,202402,2.9
VA,202403,2.7
VA,202404,2.4
VA,202405,2.8
VA,202406,3.1
VA,202407,3.2
VA,202408,3.3
VA,202409,2.9
VA,202410,2.8
VA,202411,2.9
VA,202412,2.5
VA,202413,2.9
VA,202501,3.1
VA,202502,3.3
VA,202503,3.4
WA,197601,10.5
WA,197602,10.2
WA,197603,9.5
WA,197604,8.3
WA,197605,7.5
WA,197606,8.3
WA,197607,8.3
WA,197608,8.5
WA,197609,8.2
WA,197610,8.0
WA,197611,9.0
WA,197612,9.0
WA,197613,8.8
WA,197701,10.8
WA,197702,11.3
WA,197703,10.3
WA,197704,8.6
WA,197705,7.9
WA,197706,8.5
WA,197707,7.8
WA,197708,7.8
WA,197709,7.0
WA,197710,6.8
WA,197711,7.4
WA,197712,6.4
WA,197713,8.4
WA,197801,8.4
WA,197802,8.2
WA,197803,7.6
WA,197804,6.3
WA,197805,6.2
WA,197806,6.4
WA,197807,6.3
WA,197808,6.5
WA,197809,6.3
WA,197810,5.9
WA,197811,6.3
WA,197812,7.2
WA,197813,6.8
WA,197901,8.1
WA,197902,8.6
WA,197903,7.5
WA,197904,6.8
WA,197905,6.3
WA,197906,6.3
WA,197907,5.9
WA,197908,6.4
WA,197909,6.1
WA,197910,5.9
WA,197911,6.3
WA,197912,6.9
WA,197913,6.8
WA,198001,8.4
WA,198002,8.0
WA,198003,7.4
WA,198004,7.5
WA,198005,7.8
WA,198006,8.3
WA,198007,8.1
WA,198008,8.0
WA,198009,7.5
WA,198010,7.7
WA,198011,8.2
WA,198012,8.7
WA,198013,8.0
WA,198101,9.7
WA,198102,9.9
WA,198103,9.3
WA,198104,8.6
WA,198105,8.7
WA,198106,8.8
WA,198107,8.4
WA,198108,8.8
WA,198109,8.7
WA,198110,9.2
WA,198111,10.4
WA,198112,11.2
WA,198113,9.3
WA,198201,12.5
WA,198202,12.7
WA,198203,12.1
WA,198204,11.4
WA,198205,11.4
WA,198206,11.4
WA,198207,11.2
WA,198208,11.2
WA,198209,10.9
WA,198210,11.3
WA,198211,12.3
WA,198212,12.5
WA,198213,11.7
WA,198301,13.4
WA,198302,13.2
WA,198303,12.6
WA,198304,11.3
WA,198305,11.1
WA,198306,11.0
WA,198307,10.1
WA,198308,10.4
WA,198309,9.9
WA,198310,9.8
WA,198311,10.2
WA,198312,10.3
WA,198313,11.1
WA,198401,11.6
WA,198402,11.1
WA,198403,10.2
WA,198404,9.5
WA,198405,9.0
WA,198406,8.7
WA,198407,8.6
WA,198408,8.6
WA,198409,8.2
WA,198410,8.2
WA,198411,8.6
WA,198412,9.0
WA,198413,9.3
WA,198501,10.4
WA,198502,10.3
WA,198503,9.2
WA,198504,8.3
WA,198505,8.1
WA,198506,8.1
WA,198507,7.8
WA,198508,7.4
WA,198509,7.3
WA,198510,7.3
WA,198511,7.8
WA,198512,7.9
WA,198513,8.3
WA,198601,8.9
WA,198602,9.4
WA,198603,8.7
WA,198604,8.0
WA,198605,7.9
WA,198606,7.9
WA,198607,7.7
WA,198608,7.5
WA,198609,7.4
WA,198610,7.6
WA,198611,8.1
WA,198612,7.9
WA,198613,8.1
WA,198701,9.1
WA,198702,9.2
WA,198703,8.4
WA,198704,7.2
WA,198705,7.1
WA,198706,6.7
WA,198707,6.5
WA,198708,6.4
WA,198709,6.5
WA,198710,6.6
WA,198711,6.8
WA,198712,6.8
WA,198713,7.3
WA,198801,7.7
WA,198802,7.8
WA,198803,7.2
WA,198804,6.1
WA,198805,6.1
WA,198806,6.0
WA,198807,5.8
WA,198808,5.9
WA,198809,5.8
WA,198810,5.3
WA,198811,5.8
WA,198812,5.8
WA,198813,6.3
WA,198901,7.2
WA,198902,7.1
WA,198903,6.3
WA,198904,5.8
WA,198905,5.5
WA,198906,5.7
WA,198907,5.5
WA,198908,5.5
WA,198909,5.3
WA,198910,5.3
WA,198911,5.7
WA,198912,5.6
WA,198913,5.9
WA,199001,6.3
WA,199002,6.4
WA,199003,5.8
WA,199004,5.0
WA,199005,4.9
WA,199006,4.6
WA,199007,4.6
WA,199008,4.5
WA,199009,4.3
WA,199010,4.3
WA,199011,5.3
WA,199012,5.7
WA,199013,5.1
WA,199101,7.0
WA,199102,7.1
WA,199103,6.7
WA,199104,5.8
WA,199105,5.7
WA,199106,5.8
WA,199107,5.6
WA,199108,5.7
WA,199109,5.5
WA,199110,5.6
WA,199111,6.4
WA,199112,6.8
WA,199113,6.1
WA,199201,8.0
WA,199202,8.2
WA,199203,7.6
WA,199204,6.6
WA,199205,6.8
WA,199206,6.9
WA,199207,6.9
WA,199208,6.8
WA,199209,6.6
WA,199210,6.8
WA,199211,7.4
WA,199212,7.6
WA,199213,7.2
WA,199301,8.9
WA,199302,8.6
WA,199303,8.0
WA,199304,7.1
WA,199305,6.9
WA,199306,7.0
WA,199307,6.9
WA,199308,6.7
WA,199309,6.3
WA,199310,6.3
WA,199311,6.5
WA,199312,6.8
WA,199313,7.2
WA,199401,8.0
WA,199402,8.0
WA,199403,7.5
WA,199404,6.5
WA,199405,6.1
WA,199406,6.0
WA,199407,5.9
WA,199408,5.8
WA,199409,5.3
WA,199410,5.4
WA,199411,5.9
WA,199412,5.9
WA,199413,6.4
WA,199501,7.0
WA,199502,7.1
WA,199503,6.5
WA,199504,6.2
WA,199505,6.0
WA,199506,6.0
WA,199507,6.0
WA,199508,6.1
WA,199509,5.6
WA,199510,5.6
WA,199511,6.3
WA,199512,6.3
WA,199513,6.2
WA,199601,7.4
WA,199602,7.0
WA,199603,6.6
WA,199604,6.0
WA,199605,6.2
WA,199606,5.7
WA,199607,5.7
WA,199608,5.4
WA,199609,5.1
WA,199610,5.0
WA,199611,5.4
WA,199612,5.6
WA,199613,5.9
WA,199701,6.2
WA,199702,6.1
WA,199703,5.6
WA,199704,4.9
WA,199705,4.6
WA,199706,4.7
WA,199707,4.6
WA,199708,4.5
WA,199709,4.3
WA,199710,4.1
WA,199711,4.3
WA,199712,4.6
WA,199713,4.9
WA,199801,5.7
WA,199802,5.5
WA,199803,5.3
WA,199804,4.3
WA,199805,4.3
WA,199806,4.6
WA,199807,4.6
WA,199808,4.6
WA,199809,4.5
WA,199810,4.5
WA,199811,4.7
WA,199812,4.9
WA,199813,4.8
WA,199901,5.6
WA,199902,5.8
WA,199903,5.2
WA,199904,4.6
WA,199905,4.7
WA,199906,4.9
WA,199907,4.7
WA,199908,4.6
WA,199909,4.4
WA,199910,4.2
WA,199911,4.5
WA,199912,4.7
WA,199913,4.8
WA,200001,5.7
WA,200002,5.9
WA,200003,5.4
WA,200004,4.6
WA,200005,4.8
WA,200006,4.8
WA,200007,5.0
WA,200008,5.1
WA,200009,4.5
WA,200010,4.5
WA,200011,5.1
WA,200012,5.2
WA,200013,5.1
WA,200101,6.2
WA,200102,6.4
WA,200103,6.3
WA,200104,5.7
WA,200105,5.5
WA,200106,5.7
WA,200107,5.6
WA,200108,5.9
WA,200109,5.5
WA,200110,6.0
WA,200111,6.8
WA,200112,7.2
WA,200113,6.1
WA,200201,8.3
WA,200202,7.9
WA,200203,7.8
WA,200204,7.4
WA,200205,6.9
WA,200206,7.0
WA,200207,6.9
WA,200208,6.7
WA,200209,6.3
WA,200210,6.3
WA,200211,7.1
WA,200212,7.3
WA,200213,7.2
WA,200301,8.0
WA,200302,8.1
WA,200303,7.8
WA,200304,7.3
WA,200305,7.1
WA,200306,7.4
WA,200307,7.2
WA,200308,7.1
WA,200309,6.8
WA,200310,6.6
WA,200311,7.0
WA,200312,7.0
WA,200313,7.3
WA,200401,7.7
WA,200402,7.4
WA,200403,7.2
WA,200404,6.2
WA,200405,6.0
WA,200406,6.1
WA,200407,5.9
WA,200408,5.8
WA,200409,5.4
WA,200410,5.5
WA,200411,5.8
WA,200412,6.1
WA,200413,6.3
WA,200501,6.6
WA,200502,6.7
WA,200503,6.0
WA,200504,5.5
WA,200505,5.4
WA,200506,5.4
WA,200507,5.3
WA,200508,5.3
WA,200509,5.1
WA,200510,5.0
WA,200511,5.4
WA,200512,5.3
WA,200513,5.6
WA,200601,5.7
WA,200602,5.8
WA,200603,5.2
WA,200604,4.8
WA,200605,4.9
WA,200606,4.9
WA,200607,5.0
WA,200608,4.9
WA,200609,4.6
WA,200610,4.3
WA,200611,4.9
WA,200612,4.9
WA,200613,5.0
WA,200701,5.6
WA,200702,5.3
WA,200703,4.8
WA,200704,4.3
WA,200705,4.3
WA,200706,4.3
WA,200707,4.5
WA,200708,4.3
WA,200709,4.2
WA,200710,4.1
WA,200711,4.5
WA,200712,4.8
WA,200713,4.6
WA,200801,5.3
WA,200802,5.3
WA,200803,5.1
WA,200804,4.4
WA,200805,4.8
WA,200806,4.9
WA,200807,5.0
WA,200808,5.1
WA,200809,4.8
WA,200810,5.1
WA,200811,5.6
WA,200812,6.4
WA,200813,5.2
WA,200901,7.8
WA,200902,8.4
WA,200903,8.5
WA,200904,8.1
WA,200905,8.6
WA,200906,9.0
WA,200907,9.2
WA,200908,9.5
WA,200909,9.6
WA,200910,9.6
WA,200911,9.8
WA,200912,10.5
WA,200913,9.1
WA,201001,11.3
WA,201002,11.2
WA,201003,10.9
WA,201004,9.8
WA,201005,9.7
WA,201006,9.6
WA,201007,9.5
WA,201008,9.6
WA,201009,9.3
WA,201010,9.3
WA,201011,9.9
WA,201012,9.9
WA,201013,10.0
WA,201101,10.7
WA,201102,10.4
WA,201103,10.0
WA,201104,9.2
WA,201105,9.3
WA,201106,9.4
WA,201107,9.3
WA,201108,9.2
WA,201109,8.9
WA,201110,8.9
WA,201111,8.8
WA,201112,9.1
WA,201113,9.4
WA,201201,9.8
WA,201202,9.8
WA,201203,9.4
WA,201204,8.5
WA,201205,8.8
WA,201206,8.9
WA,201207,8.8
WA,201208,8.3
WA,201209,7.5
WA,201210,7.3
WA,201211,7.0
WA,201212,7.3
WA,201213,8.5
WA,201301,8.2
WA,201302,7.4
WA,201303,6.9
WA,201304,6.3
WA,201305,6.4
WA,201306,6.6
WA,201307,6.6
WA,201308,6.5
WA,201309,6.1
WA,201310,6.4
WA,201311,6.3
WA,201312,6.4
WA,201313,6.7
WA,201401,6.8
WA,201402,7.0
WA,201403,6.6
WA,201404,5.5
WA,201405,5.7
WA,201406,5.5
WA,201407,5.8
WA,201408,5.8
WA,201409,5.5
WA,201410,5.5
WA,201411,5.7
WA,201412,5.8
WA,201413,5.9
WA,201501,6.3
WA,201502,6.1
WA,201503,5.6
WA,201504,5.0
WA,201505,5.3
WA,201506,5.2
WA,201507,5.4
WA,201508,5.2
WA,201509,5.1
WA,201510,5.2
WA,201511,5.5
WA,201512,5.8
WA,201513,5.5
WA,201601,5.9
WA,201602,5.8
WA,201603,5.7
WA,201604,5.1
WA,201605,4.9
WA,201606,5.0
WA,201607,5.2
WA,201608,5.1
WA,201609,4.9
WA,201610,4.8
WA,201611,4.7
WA,201612,4.9
WA,201613,5.2
WA,201701,5.5
WA,201702,5.3
WA,201703,4.9
WA,201704,4.3
WA,201705,4.3
WA,201706,4.4
WA,201707,4.5
WA,201708,4.8
WA,201709,4.4
WA,201710,4.3
WA,201711,4.5
WA,201712,4.7
WA,201713,4.7
WA,201801,5.2
WA,201802,5.1
WA,201803,4.7
WA,201804,4.1
WA,201805,3.9
WA,201806,4.3
WA,201807,4.2
WA,201808,4.2
WA,201809,4.0
WA,201810,4.1
WA,201811,4.2
WA,201812,4.7
WA,201813,4.4
WA,201901,5.3
WA,201902,5.3
WA,201903,4.9
WA,201904,4.0
WA,201905,3.9
WA,201906,4.1
WA,201907,4.2
WA,201908,4.2
WA,201909,3.6
WA,201910,3.6
WA,201911,3.6
WA,201912,3.7
WA,201913,4.2
WA,202001,4.3
WA,202002,3.9
WA,202003,6.3
WA,202004,16.5
WA,202005,14.2
WA,202006,11.7
WA,202007,10.9
WA,202008,8.7
WA,202009,7.9
WA,202010,6.8
WA,202011,6.6
WA,202012,6.9
WA,202013,8.7
WA,202101,7.2
WA,202102,6.7
WA,202103,6.1
WA,202104,5.2
WA,202105,5.0
WA,202106,5.5
WA,202107,5.3
WA,202108,5.1
WA,202109,4.6
WA,202110,4.1
WA,202111,3.8
WA,202112,3.8
WA,202113,5.2
WA,202201,4.7
WA,202202,4.4
WA,202203,4.1
WA,202204,3.6
WA,202205,3.7
WA,202206,3.9
WA,202207,4.0
WA,202208,4.4
WA,202209,3.9
WA,202210,4.0
WA,202211,4.1
WA,202212,4.2
WA,202213,4.1
WA,202301,4.5
WA,202302,4.5
WA,202303,4.1
WA,202304,3.6
WA,202305,3.7
WA,202306,3.8
WA,202307,4.0
WA,202308,4.5
WA,202309,4.2
WA,202310,4.4
WA,202311,4.4
WA,202312,4.7
WA,202313,4.2
WA,202401,5.0
WA,202402,5.1
WA,202403,4.7
WA,202404,4.1
WA,202405,4.2
WA,202406,4.4
WA,202407,4.7
WA,202408,4.6
WA,202409,4.1
WA,202410,4.2
WA,202411,4.3
WA,202412,4.3
WA,202413,4.5
WA,202501,4.7
WA,202502,5.0
WA,202503,4.5
WV,197601,9.1
WV,197602,8.7
WV,197603,8.2
WV,197604,7.6
WV,197605,6.8
WV,197606,7.3
WV,197607,6.8
WV,197608,6.6
WV,197609,6.2
WV,197610,5.9
WV,197611,6.4
WV,197612,6.6
WV,197613,7.2
WV,197701,7.7
WV,197702,10.0
WV,197703,7.9
WV,197704,6.7
WV,197705,5.9
WV,197706,6.8
WV,197707,6.2
WV,197708,6.5
WV,197709,6.2
WV,197710,6.0
WV,197711,6.4
WV,197712,6.7
WV,197713,6.9
WV,197801,7.9
WV,197802,8.1
WV,197803,8.1
WV,197804,5.9
WV,197805,5.3
WV,197806,5.8
WV,197807,5.8
WV,197808,6.0
WV,197809,6.3
WV,197810,5.4
WV,197811,5.9
WV,197812,6.5
WV,197813,6.4
WV,197901,7.8
WV,197902,8.2
WV,197903,7.6
WV,197904,7.1
WV,197905,6.7
WV,197906,7.5
WV,197907,7.2
WV,197908,7.1
WV,197909,6.9
WV,197910,7.1
WV,197911,7.4
WV,197912,7.9
WV,197913,7.4
WV,198001,9.3
WV,198002,9.6
WV,198003,9.7
WV,198004,10.0
WV,198005,9.9
WV,198006,10.5
WV,198007,10.6
WV,198008,10.7
WV,198009,10.1
WV,198010,10.1
WV,198011,10.4
WV,198012,10.5
WV,198013,10.1
WV,198101,12.2
WV,198102,12.2
WV,198103,12.0
WV,198104,11.4
WV,198105,11.5
WV,198106,10.7
WV,198107,9.2
WV,198108,9.1
WV,198109,9.2
WV,198110,9.3
WV,198111,9.9
WV,198112,10.5
WV,198113,10.6
WV,198201,12.0
WV,198202,12.5
WV,198203,12.5
WV,198204,12.6
WV,198205,12.6
WV,198206,13.5
WV,198207,13.6
WV,198208,13.8
WV,198209,14.4
WV,198210,15.7
WV,198211,16.9
WV,198212,17.9
WV,198213,14.0
WV,198301,19.3
WV,198302,19.7
WV,198303,19.2
WV,198304,18.2
WV,198305,17.6
WV,198306,17.7
WV,198307,16.4
WV,198308,16.4
WV,198309,15.6
WV,198310,15.2
WV,198311,14.9
WV,198312,15.0
WV,198313,17.1
WV,198401,15.6
WV,198402,15.3
WV,198403,14.9
WV,198404,14.4
WV,198405,13.8
WV,198406,13.5
WV,198407,13.3
WV,198408,13.2
WV,198409,13.1
WV,198410,13.8
WV,198411,13.8
WV,198412,14.4
WV,198413,14.1
WV,198501,15.2
WV,198502,15.1
WV,198503,14.4
WV,198504,14.1
WV,198505,13.1
WV,198506,13.3
WV,198507,12.9
WV,198508,12.2
WV,198509,12.2
WV,198510,11.9
WV,198511,12.0
WV,198512,11.9
WV,198513,13.2
WV,198601,12.5
WV,198602,13.6
WV,198603,13.1
WV,198604,12.5
WV,198605,12.2
WV,198606,12.3
WV,198607,11.6
WV,198608,11.3
WV,198609,11.5
WV,198610,11.3
WV,198611,11.4
WV,198612,11.0
WV,198613,12.0
WV,198701,12.2
WV,198702,12.6
WV,198703,12.2
WV,198704,11.4
WV,198705,11.0
WV,198706,10.8
WV,198707,10.4
WV,198708,10.3
WV,198709,10.1
WV,198710,10.1
WV,198711,10.1
WV,198712,10.0
WV,198713,10.9
WV,198801,10.8
WV,198802,11.4
WV,198803,10.9
WV,198804,10.3
WV,198805,10.2
WV,198806,9.7
WV,198807,9.3
WV,198808,9.5
WV,198809,9.2
WV,198810,8.9
WV,198811,9.0
WV,198812,9.0
WV,198813,9.8
WV,198901,10.0
WV,198902,10.1
WV,198903,9.1
WV,198904,9.2
WV,198905,8.8
WV,198906,8.9
WV,198907,8.5
WV,198908,8.1
WV,198909,8.0
WV,198910,7.8
WV,198911,7.9
WV,198912,7.9
WV,198913,8.7
WV,199001,9.0
WV,199002,9.1
WV,199003,8.3
WV,199004,8.3
WV,199005,8.1
WV,199006,8.2
WV,199007,8.2
WV,199008,8.6
WV,199009,8.7
WV,199010,8.5
WV,199011,9.3
WV,199012,9.7
WV,199013,8.7
WV,199101,10.7
WV,199102,11.3
WV,199103,11.1
WV,199104,10.5
WV,199105,10.6
WV,199106,10.7
WV,199107,10.4
WV,199108,10.6
WV,199109,10.3
WV,199110,10.2
WV,199111,10.5
WV,199112,11.1
WV,199113,10.7
WV,199201,12.4
WV,199202,12.6
WV,199203,12.1
WV,199204,11.3
WV,199205,11.0
WV,199206,11.6
WV,199207,11.0
WV,199208,10.9
WV,199209,10.6
WV,199210,10.1
WV,199211,10.4
WV,199212,10.6
WV,199213,11.2
WV,199301,11.4
WV,199302,11.7
WV,199303,11.3
WV,199304,10.8
WV,199305,10.4
WV,199306,10.5
WV,199307,10.0
WV,199308,9.9
WV,199309,9.4
WV,199310,9.3
WV,199311,9.1
WV,199312,9.1
WV,199313,10.2
WV,199401,10.9
WV,199402,11.0
WV,199403,10.4
WV,199404,9.5
WV,199405,8.7
WV,199406,8.8
WV,199407,8.5
WV,199408,8.4
WV,199409,7.6
WV,199410,7.4
WV,199411,7.3
WV,199412,7.5
WV,199413,8.8
WV,199501,8.8
WV,199502,8.8
WV,199503,8.2
WV,199504,8.2
WV,199505,7.9
WV,199506,8.1
WV,199507,8.0
WV,199508,7.9
WV,199509,7.5
WV,199510,7.2
WV,199511,7.6
WV,199512,7.6
WV,199513,8.0
WV,199601,9.5
WV,199602,9.2
WV,199603,8.6
WV,199604,8.0
WV,199605,7.6
WV,199606,7.4
WV,199607,7.3
WV,199608,7.0
WV,199609,6.7
WV,199610,6.7
WV,199611,7.0
WV,199612,7.2
WV,199613,7.7
WV,199701,8.5
WV,199702,8.6
WV,199703,7.9
WV,199704,7.3
WV,199705,6.6
WV,199706,7.0
WV,199707,6.7
WV,199708,6.7
WV,199709,6.3
WV,199710,6.0
WV,199711,6.1
WV,199712,6.5
WV,199713,7.0
WV,199801,7.5
WV,199802,7.7
WV,199803,7.9
WV,199804,6.6
WV,199805,6.3
WV,199806,6.8
WV,199807,6.5
WV,199808,6.5
WV,199809,6.1
WV,199810,6.0
WV,199811,5.9
WV,199812,6.0
WV,199813,6.6
WV,199901,7.4
WV,199902,7.6
WV,199903,7.4
WV,199904,6.9
WV,199905,6.3
WV,199906,6.5
WV,199907,6.3
WV,199908,6.4
WV,199909,5.9
WV,199910,5.6
WV,199911,5.7
WV,199912,5.6
WV,199913,6.5
WV,200001,6.5
WV,200002,6.9
WV,200003,6.3
WV,200004,5.5
WV,200005,5.5
WV,200006,5.7
WV,200007,5.4
WV,200008,5.4
WV,200009,4.9
WV,200010,4.7
WV,200011,4.9
WV,200012,5.0
WV,200013,5.6
WV,200101,6.0
WV,200102,6.1
WV,200103,5.9
WV,200104,5.4
WV,200105,4.9
WV,200106,5.2
WV,200107,5.0
WV,200108,5.2
WV,200109,4.6
WV,200110,4.7
WV,200111,5.0
WV,200112,5.2
WV,200113,5.3
WV,200201,6.7
WV,200202,6.8
WV,200203,6.7
WV,200204,6.3
WV,200205,6.0
WV,200206,6.4
WV,200207,6.1
WV,200208,5.9
WV,200209,5.4
WV,200210,5.3
WV,200211,5.7
WV,200212,5.9
WV,200213,6.1
WV,200301,7.0
WV,200302,7.3
WV,200303,6.8
WV,200304,6.4
WV,200305,6.0
WV,200306,6.6
WV,200307,6.2
WV,200308,6.0
WV,200309,5.4
WV,200310,5.2
WV,200311,5.3
WV,200312,5.3
WV,200313,6.1
WV,200401,6.3
WV,200402,6.5
WV,200403,6.3
WV,200404,5.6
WV,200405,5.2
WV,200406,5.6
WV,200407,5.3
WV,200408,5.1
WV,200409,4.5
WV,200410,4.5
WV,200411,4.6
WV,200412,4.9
WV,200413,5.4
WV,200501,5.8
WV,200502,6.2
WV,200503,5.8
WV,200504,5.1
WV,200505,4.7
WV,200506,5.2
WV,200507,5.1
WV,200508,5.0
WV,200509,4.6
WV,200510,4.3
WV,200511,4.5
WV,200512,4.5
WV,200513,5.1
WV,200601,5.1
WV,200602,5.6
WV,200603,5.1
WV,200604,4.8
WV,200605,4.6
WV,200606,4.9
WV,200607,5.0
WV,200608,5.0
WV,200609,4.4
WV,200610,4.0
WV,200611,4.3
WV,200612,4.2
WV,200613,4.8
WV,200701,5.1
WV,200702,5.6
WV,200703,4.9
WV,200704,4.5
WV,200705,4.2
WV,200706,4.5
WV,200707,4.5
WV,200708,4.4
WV,200709,4.0
WV,200710,3.8
WV,200711,3.9
WV,200712,4.3
WV,200713,4.5
WV,200801,5.0
WV,200802,5.1
WV,200803,4.9
WV,200804,4.2
WV,200805,4.2
WV,200806,4.5
WV,200807,4.2
WV,200808,4.3
WV,200809,4.0
WV,200810,4.0
WV,200811,4.4
WV,200812,5.1
WV,200813,4.5
WV,200901,6.9
WV,200902,7.8
WV,200903,8.0
WV,200904,7.9
WV,200905,8.0
WV,200906,8.5
WV,200907,8.4
WV,200908,8.3
WV,200909,7.8
WV,200910,7.8
WV,200911,7.8
WV,200912,8.2
WV,200913,8.0
WV,201001,9.5
WV,201002,10.0
WV,201003,9.4
WV,201004,8.3
WV,201005,8.0
WV,201006,8.2
WV,201007,8.2
WV,201008,8.3
WV,201009,7.7
WV,201010,7.5
WV,201011,7.9
WV,201012,8.2
WV,201013,8.4
WV,201101,9.1
WV,201102,9.0
WV,201103,8.5
WV,201104,7.7
WV,201105,7.4
WV,201106,7.9
WV,201107,7.6
WV,201108,7.7
WV,201109,7.2
WV,201110,6.8
WV,201111,6.7
WV,201112,7.0
WV,201113,7.7
WV,201201,7.7
WV,201202,7.9
WV,201203,7.5
WV,201204,7.0
WV,201205,7.0
WV,201206,7.5
WV,201207,7.5
WV,201208,7.4
WV,201209,6.7
WV,201210,6.6
WV,201211,6.6
WV,201212,7.0
WV,201213,7.2
WV,201301,8.0
WV,201302,7.8
WV,201303,7.2
WV,201304,6.5
WV,201305,6.2
WV,201306,6.8
WV,201307,6.7
WV,201308,6.6
WV,201309,6.1
WV,201310,6.2
WV,201311,6.1
WV,201312,6.3
WV,201313,6.7
WV,201401,7.4
WV,201402,7.8
WV,201403,7.4
WV,201404,6.3
WV,201405,6.3
WV,201406,6.4
WV,201407,6.6
WV,201408,6.6
WV,201409,5.8
WV,201410,5.7
WV,201411,5.8
WV,201412,5.9
WV,201413,6.5
WV,201501,7.2
WV,201502,7.4
WV,201503,7.3
WV,201504,6.6
WV,201505,6.6
WV,201506,6.8
WV,201507,6.9
WV,201508,6.5
WV,201509,5.8
WV,201510,5.6
WV,201511,5.8
WV,201512,6.0
WV,201513,6.5
WV,201601,7.1
WV,201602,7.3
WV,201603,6.9
WV,201604,6.2
WV,201605,5.8
WV,201606,6.3
WV,201607,6.0
WV,201608,6.1
WV,201609,5.6
WV,201610,5.4
WV,201611,5.0
WV,201612,5.3
WV,201613,6.1
WV,201701,6.3
WV,201702,6.2
WV,201703,5.7
WV,201704,5.0
WV,201705,4.6
WV,201706,5.2
WV,201707,5.2
WV,201708,5.4
WV,201709,4.5
WV,201710,4.5
WV,201711,4.9
WV,201712,5.1
WV,201713,5.2
WV,201801,6.0
WV,201802,6.4
WV,201803,6.1
WV,201804,5.3
WV,201805,4.8
WV,201806,5.4
WV,201807,5.1
WV,201808,4.9
WV,201809,4.3
WV,201810,4.3
WV,201811,4.3
WV,201812,4.8
WV,201813,5.1
WV,201901,6.0
WV,201902,5.9
WV,201903,5.5
WV,201904,4.5
WV,201905,4.5
WV,201906,5.0
WV,201907,4.9
WV,201908,4.9
WV,201909,4.3
WV,201910,4.5
WV,201911,4.6
WV,201912,4.8
WV,201913,4.9
WV,202001,5.7
WV,202002,5.8
WV,202003,6.7
WV,202004,15.6
WV,202005,12.8
WV,202006,10.1
WV,202007,9.7
WV,202008,8.0
WV,202009,7.3
WV,202010,6.1
WV,202011,5.9
WV,202012,6.2
WV,202013,8.3
WV,202101,6.9
WV,202102,6.9
WV,202103,6.4
WV,202104,5.8
WV,202105,5.3
WV,202106,5.7
WV,202107,5.1
WV,202108,4.9
WV,202109,3.9
WV,202110,3.6
WV,202111,3.6
WV,202112,3.5
WV,202113,5.1
WV,202201,4.7
WV,202202,4.7
WV,202203,4.3
WV,202204,3.7
WV,202205,3.5
WV,202206,4.3
WV,202207,4.1
WV,202208,4.2
WV,202209,3.3
WV,202210,3.3
WV,202211,3.3
WV,202212,3.2
WV,202213,3.9
WV,202301,4.1
WV,202302,4.2
WV,202303,4.0
WV,202304,3.4
WV,202305,3.5
WV,202306,4.1
WV,202307,3.9
WV,202308,4.4
WV,202309,3.7
WV,202310,3.6
WV,202311,3.6
WV,202312,3.8
WV,202313,3.9
WV,202401,4.6
WV,202402,4.8
WV,202403,4.5
WV,202404,3.8
WV,202405,3.7
WV,202406,4.4
WV,202407,4.4
WV,202408,4.3
WV,202409,3.6
WV,202410,3.5
WV,202411,3.6
WV,202412,3.6
WV,202413,4.1
WV,202501,4.5
WV,202502,4.2
WV,202503,4.0
WI,197601,6.7
WI,197602,7.0
WI,197603,6.8
WI,197604,5.9
WI,197605,5.0
WI,197606,5.9
WI,197607,5.5
WI,197608,5.3
WI,197609,4.8
WI,197610,4.5
WI,197611,4.8
WI,197612,4.9
WI,197613,5.6
WI,197701,5.8
WI,197702,6.3
WI,197703,6.4
WI,197704,5.2
WI,197705,4.7
WI,197706,5.7
WI,197707,5.0
WI,197708,4.7
WI,197709,4.5
WI,197710,4.2
WI,197711,4.3
WI,197712,4.1
WI,197713,5.1
WI,197801,5.5
WI,197802,5.9
WI,197803,5.7
WI,197804,4.9
WI,197805,4.5
WI,197806,5.3
WI,197807,5.0
WI,197808,4.7
WI,197809,4.3
WI,197810,4.1
WI,197811,4.3
WI,197812,4.6
WI,197813,4.9
WI,197901,5.1
WI,197902,5.6
WI,197903,5.4
WI,197904,4.6
WI,197905,4.0
WI,197906,4.8
WI,197907,4.3
WI,197908,4.2
WI,197909,3.7
WI,197910,3.8
WI,197911,4.1
WI,197912,4.5
WI,197913,4.5
WI,198001,5.9
WI,198002,6.6
WI,198003,6.8
WI,198004,7.0
WI,198005,7.3
WI,198006,7.9
WI,198007,7.6
WI,198008,8.2
WI,198009,7.7
WI,198010,7.6
WI,198011,7.7
WI,198012,7.6
WI,198013,7.3
WI,198101,8.7
WI,198102,9.0
WI,198103,8.8
WI,198104,7.5
WI,198105,7.3
WI,198106,7.9
WI,198107,7.5
WI,198108,7.2
WI,198109,7.0
WI,198110,7.3
WI,198111,7.8
WI,198112,8.4
WI,198113,7.9
WI,198201,9.5
WI,198202,10.2
WI,198203,10.6
WI,198204,10.3
WI,198205,10.1
WI,198206,10.7
WI,198207,10.4
WI,198208,10.2
WI,198209,10.0
WI,198210,10.1
WI,198211,10.7
WI,198212,11.3
WI,198213,10.4
WI,198301,12.3
WI,198302,12.5
WI,198303,12.1
WI,198304,10.8
WI,198305,10.1
WI,198306,10.3
WI,198307,9.3
WI,198308,9.1
WI,198309,8.3
WI,198310,8.0
WI,198311,7.9
WI,198312,7.8
WI,198313,9.9
WI,198401,8.5
WI,198402,8.7
WI,198403,8.4
WI,198404,7.7
WI,198405,7.3
WI,198406,7.4
WI,198407,7.1
WI,198408,6.8
WI,198409,6.3
WI,198410,6.3
WI,198411,6.2
WI,198412,6.6
WI,198413,7.3
WI,198501,7.9
WI,198502,8.2
WI,198503,8.2
WI,198504,7.5
WI,198505,7.1
WI,198506,7.4
WI,198507,7.0
WI,198508,6.6
WI,198509,6.4
WI,198510,6.4
WI,198511,6.5
WI,198512,6.7
WI,198513,7.2
WI,198601,7.4
WI,198602,8.3
WI,198603,7.9
WI,198604,7.3
WI,198605,6.9
WI,198606,7.2
WI,198607,6.6
WI,198608,6.2
WI,198609,6.0
WI,198610,5.8
WI,198611,5.9
WI,198612,6.0
WI,198613,6.8
WI,198701,7.1
WI,198702,7.5
WI,198703,7.2
WI,198704,6.0
WI,198705,5.7
WI,198706,5.9
WI,198707,5.4
WI,198708,5.1
WI,198709,4.8
WI,198710,4.8
WI,198711,4.9
WI,198712,4.7
WI,198713,5.7
WI,198801,5.6
WI,198802,5.8
WI,198803,5.6
WI,198804,4.6
WI,198805,4.3
WI,198806,4.4
WI,198807,4.1
WI,198808,3.9
WI,198809,3.6
WI,198810,3.3
WI,198811,3.7
WI,198812,3.9
WI,198813,4.4
WI,198901,4.9
WI,198902,5.2
WI,198903,5.0
WI,198904,4.5
WI,198905,4.2
WI,198906,4.7
WI,198907,4.2
WI,198908,3.9
WI,198909,3.7
WI,198910,3.5
WI,198911,3.9
WI,198912,4.0
WI,198913,4.3
WI,199001,5.0
WI,199002,5.1
WI,199003,4.9
WI,199004,4.4
WI,199005,3.8
WI,199006,4.3
WI,199007,4.1
WI,199008,4.2
WI,199009,3.9
WI,199010,3.9
WI,199011,4.4
WI,199012,4.8
WI,199013,4.4
WI,199101,5.9
WI,199102,6.7
WI,199103,6.7
WI,199104,5.7
WI,199105,5.4
WI,199106,5.8
WI,199107,5.2
WI,199108,4.9
WI,199109,4.5
WI,199110,4.4
WI,199111,4.6
WI,199112,4.8
WI,199113,5.4
WI,199201,5.7
WI,199202,6.2
WI,199203,5.8
WI,199204,5.0
WI,199205,4.9
WI,199206,5.7
WI,199207,5.2
WI,199208,5.0
WI,199209,4.7
WI,199210,4.3
WI,199211,4.2
WI,199212,4.4
WI,199213,5.1
WI,199301,5.3
WI,199302,5.6
WI,199303,5.2
WI,199304,4.6
WI,199305,4.4
WI,199306,4.7
WI,199307,4.2
WI,199308,4.0
WI,199309,3.6
WI,199310,3.6
WI,199311,3.9
WI,199312,4.1
WI,199313,4.4
WI,199401,5.3
WI,199402,5.7
WI,199403,5.5
WI,199404,4.6
WI,199405,4.0
WI,199406,4.5
WI,199407,4.2
WI,199408,4.0
WI,199409,3.5
WI,199410,3.3
WI,199411,3.4
WI,199412,3.4
WI,199413,4.3
WI,199501,4.3
WI,199502,4.4
WI,199503,4.5
WI,199504,4.1
WI,199505,3.6
WI,199506,3.9
WI,199507,3.6
WI,199508,3.3
WI,199509,3.2
WI,199510,3.1
WI,199511,3.3
WI,199512,3.4
WI,199513,3.7
WI,199601,4.4
WI,199602,4.6
WI,199603,4.4
WI,199604,3.8
WI,199605,3.6
WI,199606,3.8
WI,199607,3.6
WI,199608,3.2
WI,199609,2.8
WI,199610,2.7
WI,199611,3.0
WI,199612,3.3
WI,199613,3.6
WI,199701,4.3
WI,199702,4.5
WI,199703,4.4
WI,199704,3.7
WI,199705,3.3
WI,199706,3.8
WI,199707,3.5
WI,199708,3.2
WI,199709,2.9
WI,199710,2.7
WI,199711,2.8
WI,199712,3.0
WI,199713,3.5
WI,199801,3.8
WI,199802,4.0
WI,199803,4.0
WI,199804,3.0
WI,199805,2.9
WI,199806,3.6
WI,199807,3.3
WI,199808,3.1
WI,199809,2.9
WI,199810,2.8
WI,199811,3.0
WI,199812,3.1
WI,199813,3.3
WI,199901,3.8
WI,199902,4.1
WI,199903,3.7
WI,199904,3.2
WI,199905,2.8
WI,199906,3.2
WI,199907,3.0
WI,199908,2.7
WI,199909,2.4
WI,199910,2.4
WI,199911,2.7
WI,199912,2.8
WI,199913,3.1
WI,200001,3.6
WI,200002,4.0
WI,200003,4.0
WI,200004,3.4
WI,200005,3.2
WI,200006,3.8
WI,200007,3.5
WI,200008,3.3
WI,200009,2.9
WI,200010,2.6
WI,200011,3.0
WI,200012,3.3
WI,200013,3.4
WI,200101,4.3
WI,200102,4.7
WI,200103,4.9
WI,200104,4.4
WI,200105,3.9
WI,200106,4.6
WI,200107,4.3
WI,200108,4.3
WI,200109,3.9
WI,200110,4.2
WI,200111,4.6
WI,200112,4.9
WI,200113,4.4
WI,200201,6.0
WI,200202,6.3
WI,200203,6.3
WI,200204,5.6
WI,200205,5.0
WI,200206,5.6
WI,200207,5.2
WI,200208,5.0
WI,200209,4.5
WI,200210,4.4
WI,200211,4.9
WI,200212,5.1
WI,200213,5.3
WI,200301,6.1
WI,200302,6.4
WI,200303,6.4
WI,200304,5.9
WI,200305,5.5
WI,200306,6.3
WI,200307,5.7
WI,200308,5.5
WI,200309,5.0
WI,200310,4.7
WI,200311,4.8
WI,200312,4.9
WI,200313,5.6
WI,200401,5.8
WI,200402,6.0
WI,200403,6.1
WI,200404,5.2
WI,200405,4.9
WI,200406,5.3
WI,200407,4.9
WI,200408,4.6
WI,200409,4.2
WI,200410,4.1
WI,200411,4.3
WI,200412,4.4
WI,200413,5.0
WI,200501,5.2
WI,200502,5.7
WI,200503,5.4
WI,200504,4.9
WI,200505,4.6
WI,200506,5.0
WI,200507,4.7
WI,200508,4.3
WI,200509,4.2
WI,200510,4.0
WI,200511,4.4
WI,200512,4.4
WI,200513,4.7
WI,200601,5.0
WI,200602,5.5
WI,200603,5.3
WI,200604,4.9
WI,200605,4.4
WI,200606,4.9
WI,200607,4.8
WI,200608,4.4
WI,200609,4.2
WI,200610,4.0
WI,200611,4.3
WI,200612,4.5
WI,200613,4.7
WI,200701,5.4
WI,200702,5.6
WI,200703,5.3
WI,200704,5.0
WI,200705,4.6
WI,200706,5.1
WI,200707,4.9
WI,200708,4.7
WI,200709,4.4
WI,200710,4.2
WI,200711,4.3
WI,200712,4.4
WI,200713,4.8
WI,200801,5.0
WI,200802,5.1
WI,200803,4.9
WI,200804,4.2
WI,200805,4.2
WI,200806,4.9
WI,200807,4.8
WI,200808,4.8
WI,200809,4.6
WI,200810,4.8
WI,200811,5.4
WI,200812,6.2
WI,200813,4.9
WI,200901,7.9
WI,200902,9.0
WI,200903,9.3
WI,200904,8.8
WI,200905,8.8
WI,200906,9.4
WI,200907,9.1
WI,200908,8.9
WI,200909,8.6
WI,200910,8.5
WI,200911,8.6
WI,200912,9.0
WI,200913,8.8
WI,201001,9.9
WI,201002,10.0
WI,201003,9.8
WI,201004,8.7
WI,201005,8.2
WI,201006,8.5
WI,201007,8.2
WI,201008,7.9
WI,201009,7.4
WI,201010,7.3
WI,201011,7.5
WI,201012,7.5
WI,201013,8.4
WI,201101,8.4
WI,201102,8.5
WI,201103,8.2
WI,201104,7.7
WI,201105,7.5
WI,201106,8.1
WI,201107,7.7
WI,201108,7.4
WI,201109,7.0
WI,201110,6.7
WI,201111,6.6
WI,201112,6.8
WI,201113,7.5
WI,201201,7.6
WI,201202,7.9
WI,201203,7.6
WI,201204,6.9
WI,201205,6.8
WI,201206,7.4
WI,201207,7.3
WI,201208,6.8
WI,201209,6.1
WI,201210,5.9
WI,201211,6.1
WI,201212,6.6
WI,201213,6.9
WI,201301,7.8
WI,201302,7.9
WI,201303,7.5
WI,201304,6.9
WI,201305,6.6
WI,201306,7.1
WI,201307,6.8
WI,201308,6.3
WI,201309,6.0
WI,201310,5.9
WI,201311,5.8
WI,201312,5.8
WI,201313,6.7
WI,201401,6.4
WI,201402,6.7
WI,201403,6.5
WI,201404,5.5
WI,201405,5.3
WI,201406,5.6
WI,201407,5.4
WI,201408,5.0
WI,201409,4.5
WI,201410,4.3
WI,201411,4.4
WI,201412,4.5
WI,201413,5.3
WI,201501,5.3
WI,201502,5.4
WI,201503,5.2
WI,201504,4.5
WI,201505,4.6
WI,201506,4.7
WI,201507,4.4
WI,201508,4.0
WI,201509,3.7
WI,201510,3.7
WI,201511,3.9
WI,201512,4.1
WI,201513,4.4
WI,201601,4.6
WI,201602,4.8
WI,201603,4.6
WI,201604,4.1
WI,201605,3.6
WI,201606,4.3
WI,201607,4.0
WI,201608,3.7
WI,201609,3.3
WI,201610,3.3
WI,201611,3.2
WI,201612,3.4
WI,201613,3.9
WI,201701,4.1
WI,201702,4.3
WI,201703,3.8
WI,201704,3.2
WI,201705,3.0
WI,201706,3.6
WI,201707,3.4
WI,201708,3.2
WI,201709,2.8
WI,201710,2.5
WI,201711,2.6
WI,201712,2.7
WI,201713,3.3
WI,201801,3.3
WI,201802,3.7
WI,201803,3.6
WI,201804,3.0
WI,201805,2.8
WI,201806,3.5
WI,201807,3.2
WI,201808,2.9
WI,201809,2.4
WI,201810,2.4
WI,201811,2.5
WI,201812,2.8
WI,201813,3.0
WI,201901,3.6
WI,201902,3.6
WI,201903,3.7
WI,201904,3.1
WI,201905,3.1
WI,201906,3.6
WI,201907,3.5
WI,201908,3.3
WI,201909,2.8
WI,201910,2.6
WI,201911,2.7
WI,201912,2.9
WI,201913,3.2
WI,202001,3.6
WI,202002,3.5
WI,202003,3.9
WI,202004,14.0
WI,202005,10.6
WI,202006,9.0
WI,202007,7.9
WI,202008,6.1
WI,202009,5.3
WI,202010,4.5
WI,202011,4.4
WI,202012,4.6
WI,202013,6.4
WI,202101,5.0
WI,202102,5.2
WI,202103,4.9
WI,202104,4.2
WI,202105,3.8
WI,202106,4.4
WI,202107,3.9
WI,202108,3.6
WI,202109,2.9
WI,202110,2.5
WI,202111,2.4
WI,202112,2.5
WI,202113,3.8
WI,202201,3.5
WI,202202,3.6
WI,202203,3.4
WI,202204,2.8
WI,202205,2.6
WI,202206,3.2
WI,202207,3.0
WI,202208,2.9
WI,202209,2.4
WI,202210,2.2
WI,202211,2.2
WI,202212,2.2
WI,202213,2.8
WI,202301,2.9
WI,202302,3.2
WI,202303,3.0
WI,202304,2.6
WI,202305,2.7
WI,202306,3.3
WI,202307,3.0
WI,202308,3.1
WI,202309,2.6
WI,202310,2.4
WI,202311,2.4
WI,202312,2.5
WI,202313,2.8
WI,202401,3.0
WI,202402,3.5
WI,202403,3.5
WI,202404,2.9
WI,202405,2.8
WI,202406,3.3
WI,202407,3.2
WI,202408,2.9
WI,202409,2.5
WI,202410,2.5
WI,202411,2.7
WI,202412,2.9
WI,202413,3.0
WI,202501,3.6
WI,202502,3.8
WI,202503,3.7
WY,197601,5.9
WY,197602,5.4
WY,197603,4.8
WY,197604,4.1
WY,197605,3.3
WY,197606,3.9
WY,197607,3.2
WY,197608,3.0
WY,197609,2.9
WY,197610,3.1
WY,197611,3.7
WY,197612,3.8
WY,197613,3.9
WY,197701,5.3
WY,197702,5.0
WY,197703,4.5
WY,197704,3.5
WY,197705,3.0
WY,197706,3.3
WY,197707,2.6
WY,197708,2.2
WY,197709,2.2
WY,197710,2.5
WY,197711,3.1
WY,197712,3.0
WY,197713,3.3
WY,197801,4.1
WY,197802,3.9
WY,197803,3.5
WY,197804,2.8
WY,197805,2.5
WY,197806,2.9
WY,197807,2.5
WY,197808,2.3
WY,197809,2.4
WY,197810,2.5
WY,197811,2.8
WY,197812,2.8
WY,197813,2.9
WY,197901,3.4
WY,197902,3.1
WY,197903,3.2
WY,197904,2.7
WY,197905,1.9
WY,197906,2.4
WY,197907,2.1
WY,197908,2.0
WY,197909,2.1
WY,197910,2.1
WY,197911,2.8
WY,197912,3.1
WY,197913,2.6
WY,198001,4.3
WY,198002,3.9
WY,198003,4.1
WY,198004,3.7
WY,198005,3.5
WY,198006,3.8
WY,198007,3.6
WY,198008,3.4
WY,198009,3.3
WY,198010,3.8
WY,198011,4.4
WY,198012,4.4
WY,198013,3.9
WY,198101,5.6
WY,198102,5.1
WY,198103,5.0
WY,198104,4.5
WY,198105,4.0
WY,198106,4.1
WY,198107,3.5
WY,198108,3.3
WY,198109,3.3
WY,198110,3.6
WY,198111,4.0
WY,198112,4.3
WY,198113,4.2
WY,198201,5.1
WY,198202,5.0
WY,198203,5.4
WY,198204,5.3
WY,198205,5.1
WY,198206,5.5
WY,198207,5.5
WY,198208,5.7
WY,198209,6.0
WY,198210,6.7
WY,198211,7.5
WY,198212,8.3
WY,198213,5.9
WY,198301,9.5
WY,198302,9.5
WY,198303,9.5
WY,198304,9.0
WY,198305,8.6
WY,198306,8.4
WY,198307,7.2
WY,198308,6.8
WY,198309,6.4
WY,198310,6.3
WY,198311,6.4
WY,198312,6.6
WY,198313,7.8
WY,198401,7.4
WY,198402,6.9
WY,198403,7.0
WY,198404,6.5
WY,198405,5.9
WY,198406,5.7
WY,198407,5.6
WY,198408,5.6
WY,198409,5.6
WY,198410,6.0
WY,198411,6.2
WY,198412,6.6
WY,198413,6.3
WY,198501,7.6
WY,198502,7.3
WY,198503,7.4
WY,198504,7.0
WY,198505,6.6
WY,198506,6.7
WY,198507,6.6
WY,198508,6.4
WY,198509,6.5
WY,198510,6.9
WY,198511,7.3
WY,198512,7.8
WY,198513,7.0
WY,198601,8.5
WY,198602,8.9
WY,198603,9.1
WY,198604,8.7
WY,198605,8.4
WY,198606,8.4
WY,198607,7.8
WY,198608,7.6
WY,198609,7.9
WY,198610,8.4
WY,198611,8.9
WY,198612,8.9
WY,198613,8.5
WY,198701,10.1
WY,198702,9.8
WY,198703,9.5
WY,198704,8.7
WY,198705,8.1
WY,198706,7.7
WY,198707,7.0
WY,198708,6.8
WY,198709,6.7
WY,198710,6.8
WY,198711,7.1
WY,198712,7.1
WY,198713,8.0
WY,198801,7.9
WY,198802,7.4
WY,198803,7.1
WY,198804,6.5
WY,198805,6.2
WY,198806,5.8
WY,198807,5.6
WY,198808,5.7
WY,198809,5.7
WY,198810,5.8
WY,198811,6.3
WY,198812,6.3
WY,198813,6.4
WY,198901,7.5
WY,198902,6.9
WY,198903,6.6
WY,198904,6.3
WY,198905,6.0
WY,198906,5.9
WY,198907,5.5
WY,198908,5.2
WY,198909,5.3
WY,198910,5.4
WY,198911,5.9
WY,198912,5.7
WY,198913,6.0
WY,199001,6.8
WY,199002,6.2
WY,199003,6.0
WY,199004,5.5
WY,199005,4.8
WY,199006,4.4
WY,199007,4.2
WY,199008,4.3
WY,199009,4.4
WY,199010,4.5
WY,199011,5.2
WY,199012,5.4
WY,199013,5.1
WY,199101,6.4
WY,199102,6.1
WY,199103,6.0
WY,199104,5.2
WY,199105,4.8
WY,199106,4.6
WY,199107,4.0
WY,199108,4.1
WY,199109,4.3
WY,199110,4.5
WY,199111,5.0
WY,199112,5.4
WY,199113,5.0
WY,199201,6.9
WY,199202,6.7
WY,199203,6.3
WY,199204,5.6
WY,199205,5.4
WY,199206,5.5
WY,199207,5.0
WY,199208,4.7
WY,199209,4.6
WY,199210,4.5
WY,199211,5.1
WY,199212,5.3
WY,199213,5.5
WY,199301,6.5
WY,199302,6.2
WY,199303,6.2
WY,199304,5.6
WY,199305,5.3
WY,199306,5.4
WY,199307,4.9
WY,199308,4.7
WY,199309,4.5
WY,199310,4.6
WY,199311,5.0
WY,199312,5.2
WY,199313,5.3
WY,199401,6.7
WY,199402,6.2
WY,199403,6.1
WY,199404,5.5
WY,199405,4.8
WY,199406,4.8
WY,199407,4.3
WY,199408,4.1
WY,199409,3.8
WY,199410,4.0
WY,199411,4.3
WY,199412,4.4
WY,199413,4.9
WY,199501,5.8
WY,199502,5.3
WY,199503,5.4
WY,199504,5.1
WY,199505,4.7
WY,199506,4.6
WY,199507,4.3
WY,199508,4.1
WY,199509,4.2
WY,199510,4.2
WY,199511,4.7
WY,199512,4.8
WY,199513,4.8
WY,199601,6.2
WY,199602,5.6
WY,199603,5.8
WY,199604,5.4
WY,199605,4.8
WY,199606,4.4
WY,199607,4.6
WY,199608,4.3
WY,199609,4.3
WY,199610,4.5
WY,199611,5.0
WY,199612,5.2
WY,199613,5.0
WY,199701,6.2
WY,199702,6.0
WY,199703,6.0
WY,199704,5.3
WY,199705,4.8
WY,199706,4.7
WY,199707,4.1
WY,199708,3.8
WY,199709,3.7
WY,199710,3.8
WY,199711,4.2
WY,199712,4.6
WY,199713,4.8
WY,199801,5.8
WY,199802,5.6
WY,199803,5.7
WY,199804,4.9
WY,199805,4.7
WY,199806,4.8
WY,199807,4.4
WY,199808,4.2
WY,199809,4.1
WY,199810,4.4
WY,199811,4.6
WY,199812,4.7
WY,199813,4.8
WY,199901,5.9
WY,199902,5.8
WY,199903,5.6
WY,199904,5.3
WY,199905,4.8
WY,199906,4.8
WY,199907,4.3
WY,199908,4.0
WY,199909,4.0
WY,199910,4.0
WY,199911,4.3
WY,199912,4.3
WY,199913,4.7
WY,200001,5.1
WY,200002,4.9
WY,200003,4.7
WY,200004,3.9
WY,200005,3.5
WY,200006,3.5
WY,200007,3.3
WY,200008,3.4
WY,200009,3.2
WY,200010,3.0
WY,200011,3.5
WY,200012,3.7
WY,200013,3.8
WY,200101,4.8
WY,200102,4.5
WY,200103,4.6
WY,200104,4.1
WY,200105,3.6
WY,200106,3.7
WY,200107,3.4
WY,200108,3.5
WY,200109,3.3
WY,200110,3.4
WY,200111,3.8
WY,200112,4.0
WY,200113,3.9
WY,200201,5.1
WY,200202,4.6
WY,200203,4.7
WY,200204,4.5
WY,200205,3.9
WY,200206,4.0
WY,200207,3.3
WY,200208,3.3
WY,200209,3.3
WY,200210,3.5
WY,200211,4.2
WY,200212,4.5
WY,200213,4.1
WY,200301,5.4
WY,200302,5.1
WY,200303,5.0
WY,200304,4.6
WY,200305,4.3
WY,200306,4.6
WY,200307,4.0
WY,200308,3.8
WY,200309,3.6
WY,200310,3.6
WY,200311,4.1
WY,200312,4.1
WY,200313,4.3
WY,200401,5.1
WY,200402,4.5
WY,200403,4.5
WY,200404,4.0
WY,200405,3.7
WY,200406,3.8
WY,200407,3.5
WY,200408,3.3
WY,200409,3.2
WY,200410,3.3
WY,200411,3.6
WY,200412,3.7
WY,200413,3.8
WY,200501,4.5
WY,200502,4.2
WY,200503,4.1
WY,200504,3.8
WY,200505,3.6
WY,200506,3.6
WY,200507,3.3
WY,200508,3.1
WY,200509,3.0
WY,200510,3.1
WY,200511,3.4
WY,200512,3.3
WY,200513,3.6
WY,200601,4.1
WY,200602,4.0
WY,200603,3.7
WY,200604,3.4
WY,200605,3.0
WY,200606,2.9
WY,200607,2.6
WY,200608,2.6
WY,200609,2.6
WY,200610,2.5
WY,200611,2.8
WY,200612,2.9
WY,200613,3.1
WY,200701,3.6
WY,200702,3.2
WY,200703,3.2
WY,200704,2.9
WY,200705,2.7
WY,200706,2.8
WY,200707,2.6
WY,200708,2.3
WY,200709,2.1
WY,200710,2.2
WY,200711,2.6
WY,200712,2.8
WY,200713,2.7
WY,200801,3.5
WY,200802,3.2
WY,200803,3.2
WY,200804,2.6
WY,200805,2.6
WY,200806,2.8
WY,200807,2.8
WY,200808,2.8
WY,200809,2.5
WY,200810,2.8
WY,200811,3.3
WY,200812,3.8
WY,200813,3.0
WY,200901,5.2
WY,200902,5.4
WY,200903,5.9
WY,200904,5.8
WY,200905,5.9
WY,200906,6.5
WY,200907,6.4
WY,200908,6.3
WY,200909,6.4
WY,200910,6.8
WY,200911,7.1
WY,200912,7.5
WY,200913,6.3
WY,201001,8.5
WY,201002,8.1
WY,201003,7.8
WY,201004,7.2
WY,201005,6.7
WY,201006,6.6
WY,201007,6.4
WY,201008,6.2
WY,201009,6.0
WY,201010,6.0
WY,201011,6.5
WY,201012,6.5
WY,201013,6.9
WY,201101,7.3
WY,201102,6.9
WY,201103,6.7
WY,201104,6.3
WY,201105,5.8
WY,201106,5.9
WY,201107,5.7
WY,201108,5.7
WY,201109,5.5
WY,201110,5.6
WY,201111,5.8
WY,201112,5.9
WY,201113,6.1
WY,201201,6.5
WY,201202,6.3
WY,201203,6.1
WY,201204,5.6
WY,201205,5.3
WY,201206,5.6
WY,201207,5.4
WY,201208,5.1
WY,201209,4.6
WY,201210,4.7
WY,201211,5.0
WY,201212,5.2
WY,201213,5.4
WY,201301,6.1
WY,201302,5.6
WY,201303,5.3
WY,201304,4.9
WY,201305,4.5
WY,201306,4.7
WY,201307,4.4
WY,201308,4.2
WY,201309,4.0
WY,201310,4.3
WY,201311,4.4
WY,201312,4.6
WY,201313,4.7
WY,201401,5.3
WY,201402,5.1
WY,201403,4.9
WY,201404,4.2
WY,201405,4.3
WY,201406,4.4
WY,201407,4.3
WY,201408,4.1
WY,201409,3.8
WY,201410,3.9
WY,201411,4.1
WY,201412,4.0
WY,201413,4.4
WY,201501,4.8
WY,201502,4.6
WY,201503,4.5
WY,201504,4.0
WY,201505,3.9
WY,201506,4.1
WY,201507,4.1
WY,201508,3.8
WY,201509,3.7
WY,201510,4.1
WY,201511,4.6
WY,201512,4.8
WY,201513,4.2
WY,201601,5.8
WY,201602,5.7
WY,201603,5.9
WY,201604,5.7
WY,201605,5.3
WY,201606,5.5
WY,201607,5.1
WY,201608,4.8
WY,201609,4.7
WY,201610,4.7
WY,201611,4.8
WY,201612,5.0
WY,201613,5.3
WY,201701,5.7
WY,201702,5.3
WY,201703,4.9
WY,201704,4.4
WY,201705,4.1
WY,201706,4.1
WY,201707,4.0
WY,201708,3.7
WY,201709,3.6
WY,201710,3.8
WY,201711,4.2
WY,201712,4.1
WY,201713,4.3
WY,201801,5.0
WY,201802,4.8
WY,201803,4.6
WY,201804,4.3
WY,201805,3.9
WY,201806,4.2
WY,201807,3.8
WY,201808,3.6
WY,201809,3.3
WY,201810,3.4
WY,201811,3.7
WY,201812,4.0
WY,201813,4.1
WY,201901,4.7
WY,201902,4.1
WY,201903,4.0
WY,201904,3.5
WY,201905,3.4
WY,201906,3.7
WY,201907,3.6
WY,201908,3.3
WY,201909,3.1
WY,201910,3.4
WY,201911,3.9
WY,201912,4.2
WY,201913,3.7
WY,202001,5.1
WY,202002,5.0
WY,202003,6.0
WY,202004,4.9
WY,202005,8.9
WY,202006,7.2
WY,202007,6.8
WY,202008,5.6
WY,202009,5.4
WY,202010,4.9
WY,202011,5.1
WY,202012,5.5
WY,202013,5.9
WY,202101,6.3
WY,202102,6.1
WY,202103,5.7
WY,202104,5.3
WY,202105,4.7
WY,202106,4.9
WY,202107,4.3
WY,202108,3.9
WY,202109,3.3
WY,202110,3.3
WY,202111,3.5
WY,202112,3.5
WY,202113,4.5
WY,202201,4.4
WY,202202,4.1
WY,202203,3.8
WY,202204,3.5
WY,202205,3.2
WY,202206,3.5
WY,202207,3.1
WY,202208,3.2
WY,202209,2.9
WY,202210,3.0
WY,202211,3.3
WY,202212,3.3
WY,202213,3.4
WY,202301,4.1
WY,202302,3.8
WY,202303,3.6
WY,202304,2.9
WY,202305,2.7
WY,202306,2.8
WY,202307,2.5
WY,202308,2.5
WY,202309,2.3
WY,202310,2.4
WY,202311,2.7
WY,202312,2.7
WY,202313,2.9
WY,202401,3.6
WY,202402,3.6
WY,202403,3.4
WY,202404,3.0
WY,202405,2.9
WY,202406,3.1
WY,202407,3.1
WY,202408,3.1
WY,202409,2.7
WY,202410,3.1
WY,202411,3.6
WY,202412,3.7
WY,202413,3.2
WY,202501,4.3
WY,202502,3.7
WY,202503,3.7
,197601,21.9
,197602,20.6
,197603,19.2
,197604,17.4
,197605,16.8
,197606,20.6
,197607,19.7
,197608,20.4
,197609,19.5
,197610,19.4
,197611,20.1
,197612,19.1
,197613,19.6
,197701,21.3
,197702,18.7
,197703,19.1
,197704,20.2
,197705,20.8
,197706,22.1
,197707,21.0
,197708,20.2
,197709,20.1
,197710,19.1
,197711,18.7
,197712,18.0
,197713,19.9
,197801,20.0
,197802,19.0
,197803,17.5
,197804,16.5
,197805,16.9
,197806,18.6
,197807,16.9
,197808,18.8
,197809,18.5
,197810,18.5
,197811,17.5
,197812,18.1
,197813,18.1
,197901,18.7
,197902,17.4
,197903,16.7
,197904,16.2
,197905,16.1
,197906,16.8
,197907,16.6
,197908,17.1
,197909,17.7
,197910,17.2
,197911,17.3
,197912,16.6
,197913,17.0
,198001,18.2
,198002,17.4
,198003,16.7
,198004,16.5
,198005,16.4
,198006,16.6
,198007,17.0
,198008,17.7
,198009,17.1
,198010,17.3
,198011,17.0
,198012,17.0
,198013,17.1
,198101,18.9
,198102,18.2
,198103,17.7
,198104,18.5
,198105,18.8
,198106,20.4
,198107,20.7
,198108,21.1
,198109,20.8
,198110,20.4
,198111,21.6
,198112,21.0
,198113,19.9
,198201,22.4
,198202,22.1
,198203,21.9
,198204,22.6
,198205,22.7
,198206,23.5
,198207,24.6
,198208,24.1
,198209,22.2
,198210,22.8
,198211,22.1
,198212,22.8
,198213,22.8
,198301,25.3
,198302,24.4
,198303,24.1
,198304,22.4
,198305,23.1
,198306,23.7
,198307,24.7
,198308,24.1
,198309,24.2
,198310,22.1
,198311,22.1
,198312,20.4
,198313,23.4
,198401,23.0
,198402,21.0
,198403,21.6
,198404,20.1
,198405,20.1
,198406,20.4
,198407,21.7
,198408,21.6
,198409,20.5
,198410,19.7
,198411,19.3
,198412,19.4
,198413,20.7
,198501,21.6
,198502,22.1
,198503,22.4
,198504,23.0
,198505,22.0
,198506,23.3
,198507,22.5
,198508,22.3
,198509,20.9
,198510,21.1
,198511,20.3
,198512,19.8
,198513,21.8
,198601,19.9
,198602,20.3
,198603,20.5
,198604,19.1
,198605,19.9
,198606,19.6
,198607,19.1
,198608,18.8
,198609,17.9
,198610,17.0
,198611,17.9
,198612,17.0
,198613,18.9
,198701,17.4
,198702,18.4
,198703,17.3
,198704,17.8
,198705,16.6
,198706,16.7
,198707,17.8
,198708,16.4
,198709,15.8
,198710,15.9
,198711,15.2
,198712,16.0
,198713,16.8
,198801,16.4
,198802,16.6
,198803,14.8
,198804,15.4
,198805,15.4
,198806,15.3
,198807,14.8
,198808,14.9
,198809,14.4
,198810,14.5
,198811,14.2
,198812,12.8
,198813,15.0
,198901,15.3
,198902,14.4
,198903,14.5
,198904,14.0
,198905,14.3
,198906,15.0
,198907,15.4
,198908,15.4
,198909,15.1
,198910,15.2
,198911,13.9
,198912,13.0
,198913,14.6
,199001,14.6
,199002,14.3
,199003,14.1
,199004,14.7
,199005,11.4
,199006,14.4
,199007,13.8
,199008,15.2
,199009,14.5
,199010,14.8
,199011,14.0
,199012,14.2
,199013,14.2
,199101,15.1
,199102,16.6
,199103,15.4
,199104,16.0
,199105,15.8
,199106,16.8
,199107,15.7
,199108,17.0
,199109,16.0
,199110,15.5
,199111,16.1
,199112,15.8
,199113,16.0
,199201,17.5
,199202,18.0
,199203,16.9
,199204,16.2
,199205,16.8
,199206,16.6
,199207,17.6
,199208,16.7
,199209,17.3
,199210,15.8
,199211,15.6
,199212,15.0
,199213,16.7
,199301,17.3
,199302,18.1
,199303,17.3
,199304,16.8
,199305,17.3
,199306,17.1
,199307,17.5
,199308,18.4
,199309,17.0
,199310,16.6
,199311,15.9
,199312,15.0
,199313,17.0
,199401,16.7
,199402,15.8
,199403,15.1
,199404,14.6
,199405,13.7
,199406,14.9
,199407,14.6
,199408,14.8
,199409,14.2
,199410,14.2
,199411,13.7
,199412,12.6
,199413,14.6
,199501,13.8
,199502,13.0
,199503,13.7
,199504,13.6
,199505,13.4
,199506,14.0
,199507,14.7
,199508,13.8
,199509,14.2
,199510,14.6
,199511,12.8
,199512,12.5
,199513,13.7
,199601,13.9
,199602,13.0
,199603,12.8
,199604,13.6
,199605,14.4
,199606,15.6
,199607,14.4
,199608,14.4
,199609,13.8
,199610,12.9
,199611,11.7
,199612,10.1
,199613,13.4
,199701,12.6
,199702,12.7
,199703,12.9
,199704,13.6
,199705,13.5
,199706,14.6
,199707,14.5
,199708,13.7
,199709,13.5
,199710,13.6
,199711,13.3
,199712,13.1
,199713,13.5
,199801,14.5
,199802,13.9
,199803,13.4
,199804,13.3
,199805,12.9
,199806,13.7
,199807,13.5
,199808,13.2
,199809,13.8
,199810,14.1
,199811,12.5
,199812,11.1
,199813,13.3
,199901,12.8
,199902,12.5
,199903,12.7
,199904,10.9
,199905,11.0
,199906,11.6
,199907,10.9
,199908,12.1
,199909,12.1
,199910,12.5
,199911,11.7
,199912,10.1
,199913,11.7
,200001,11.7
,200002,10.5
,200003,10.4
,200004,10.0
,200005,10.0
,200006,10.1
,200007,10.0
,200008,11.2
,200009,9.7
,200010,10.1
,200011,8.9
,200012,8.9
,200013,10.1
,200101,10.4
,200102,11.4
,200103,10.7
,200104,11.2
,200105,11.4
,200106,11.4
,200107,10.8
,200108,12.8
,200109,12.6
,200110,12.7
,200111,11.1
,200112,9.7
,200113,11.4
,200201,11.4
,200202,13.7
,200203,12.3
,200204,12.0
,200205,12.2
,200206,12.9
,200207,12.9
,200208,13.1
,200209,12.6
,200210,12.0
,200211,11.0
,200212,10.9
,200213,12.3
,200301,11.4
,200302,12.5
,200303,12.1
,200304,12.3
,200305,12.0
,200306,12.7
,200307,12.4
,200308,12.2
,200309,12.2
,200310,11.7
,200311,12.0
,200312,10.1
,200313,12.0
,200401,11.3
,200402,10.8
,200403,11.7
,200404,11.0
,200405,10.8
,200406,10.3
,200407,10.0
,200408,11.4
,200409,9.8
,200410,10.1
,200411,9.9
,200412,9.8
,200413,10.6
,200501,10.8
,200502,10.0
,200503,11.4
,200504,11.4
,200505,10.9
,200506,11.8
,200507,11.9
,200508,11.2
,200509,10.6
,200510,12.5
,200511,12.6
,200512,10.8
,200513,11.3
,200601,11.0
,200602,9.9
,200603,9.3
,200604,9.8
,200605,11.3
,200606,11.5
,200607,11.9
,200608,10.9
,200609,11.0
,200610,9.8
,200611,9.9
,200612,9.7
,200613,10.5
,200701,10.2
,200702,10.9
,200703,10.2
,200704,10.1
,200705,10.8
,200706,12.0
,200707,12.3
,200708,12.2
,200709,11.3
,200710,12.3
,200711,11.1
,200712,10.8
,200713,11.2
,200801,11.0
,200802,10.8
,200803,9.3
,200804,10.1
,200805,11.6
,200806,12.1
,200807,12.4
,200808,12.8
,200809,12.2
,200810,12.9
,200811,12.7
,200812,13.3
,200813,11.8
,200901,13.3
,200902,14.4
,200903,14.9
,200904,15.0
,200905,14.6
,200906,15.5
,200907,16.8
,200908,16.2
,200909,16.8
,200910,16.2
,200911,15.8
,200912,14.5
,200913,15.3
,201001,16.0
,201002,16.1
,201003,16.3
,201004,17.2
,201005,17.1
,201006,16.9
,201007,17.3
,201008,16.4
,201009,16.5
,201010,16.0
,201011,15.6
,201012,14.9
,201013,16.4
,201101,15.9
,201102,16.3
,201103,17.1
,201104,16.5
,201105,16.3
,201106,15.4
,201107,16.5
,201108,16.4
,201109,15.6
,201110,16.5
,201111,15.4
,201112,13.4
,201113,16.0
,201201,15.5
,201202,15.2
,201203,15.1
,201204,14.5
,201205,13.7
,201206,14.2
,201207,15.1
,201208,14.4
,201209,14.3
,201210,14.5
,201211,13.5
,201212,13.6
,201213,14.5
,201301,14.9
,201302,13.9
,201303,13.5
,201304,13.0
,201305,13.5
,201306,13.8
,201307,14.7
,201308,14.9
,201309,15.1
,201310,14.7
,201311,14.1
,201312,15.4
,201313,14.3
,201401,14.4
,201402,14.6
,201403,14.2
,201404,13.4
,201405,13.6
,201406,12.8
,201407,13.9
,201408,15.3
,201409,15.1
,201410,13.7
,201411,13.6
,201412,12.0
,201413,13.9
,201501,10.8
,201502,11.2
,201503,12.5
,201504,12.6
,201505,12.3
,201506,12.6
,201507,11.1
,201508,12.3
,201509,12.2
,201510,14.1
,201511,11.7
,201512,10.3
,201513,12.0
,201601,11.1
,201602,11.6
,201603,12.2
,201604,11.4
,201605,11.2
,201606,10.8
,201607,12.4
,201608,12.0
,201609,13.1
,201610,12.5
,201611,10.9
,201612,12.0
,201613,11.8
,201701,11.6
,201702,11.3
,201703,11.0
,201704,11.5
,201705,10.3
,201706,9.4
,201707,10.5
,201708,11.8
,201709,11.0
,201710,11.4
,201711,10.4
,201712,9.9
,201713,10.8
,201801,10.7
,201802,10.0
,201803,9.8
,201804,9.4
,201805,9.3
,201806,9.2
,201807,9.5
,201808,9.2
,201809,8.7
,201810,8.3
,201811,7.7
,201812,8.5
,201813,9.2
,201901,8.0
,201902,9.0
,201903,9.3
,201904,7.8
,201905,7.8
,201906,8.0
,201907,7.9
,201908,7.0
,201909,8.2
,201910,9.0
,201911,8.5
,201912,9.2
,201913,8.3
,202001,9.6
,202002,7.8
,202003,-
,202004,-
,202005,9.6
,202006,8.5
,202007,7.3
,202008,8.5
,202009,9.4
,202010,8.5
,202011,9.5
,202012,10.6
,202013,-
,202101,9.1
,202102,7.9
,202103,7.4
,202104,7.1
,202105,8.1
,202106,8.2
,202107,9.3
,202108,9.2
,202109,7.9
,202110,7.1
,202111,7.3
,202112,6.7
,202113,7.9
,202201,6.4
,202202,6.0
,202203,5.8
,202204,5.8
,202205,5.8
,202206,5.8
,202207,5.7
,202208,6.0
,202209,6.3
,202210,6.5
,202211,6.2
,202212,6.0
,202213,6.0
,202301,5.6
,202302,5.9
,202303,5.8
,202304,5.6
,202305,6.1
,202306,6.2
,202307,6.8
,202308,6.1
,202309,5.6
,202310,5.5
,202311,5.7
,202312,5.8
,202313,5.9
,202401,5.8
,202402,5.8
,202403,5.7
,202404,5.6
,202405,5.6
,202406,5.6
,202407,6.0
,202408,5.7
,202409,5.5
,202410,5.5
,202411,5.5
,202412,5.4
,202413,5.6
,202501,5.4
,202502,5.3
,202503,5.3
