Property State,YearMonth,UnemploymentRate,HPI (Seasonally Adjusted)
AL,199901,4.9,135.16
AL,199902,5.1,135.16
AL,199903,4.5,135.16
AL,199904,4.4,136.02
AL,199905,4.3,136.02
AL,199906,5.1,136.02
AL,199907,5.0,137.29
AL,199908,5.0,137.29
AL,199909,4.8,137.29
AL,199910,4.6,137.96
AL,199911,4.5,137.96
AL,199912,4.4,137.96
AL,200001,5.1,139.42
AL,200002,5.1,139.42
AL,200003,4.7,139.42
AL,200004,4.1,140.76
AL,200005,4.3,140.76
AL,200006,4.9,140.76
AL,200007,4.9,141.46
AL,200008,5.0,141.46
AL,200009,4.5,141.46
AL,200010,4.5,142.05
AL,200011,4.4,142.05
AL,200012,4.3,142.05
AL,200101,5.2,142.52
AL,200102,5.0,142.52
AL,200103,4.8,142.52
AL,200104,4.5,143.92
AL,200105,4.3,143.92
AL,200106,5.3,143.92
AL,200107,5.1,145.04
AL,200108,5.6,145.04
AL,200109,5.3,145.04
AL,200110,5.5,146.0
AL,200111,5.6,146.0
AL,200112,5.6,146.0
AL,200201,6.3,147.09
AL,200202,6.2,147.09
AL,200203,5.9,147.09
AL,200204,5.4,148.14
AL,200205,5.3,148.14
AL,200206,6.3,148.14
AL,200207,6.2,149.35
AL,200208,6.2,149.35
AL,200209,5.7,149.35
AL,200210,5.7,150.18
AL,200211,5.8,150.18
AL,200212,5.7,150.18
AL,200301,6.3,152.96
AL,200302,6.2,152.96
AL,200303,5.8,152.96
AL,200304,5.4,153.98
AL,200305,5.5,153.98
AL,200306,6.6,153.98
AL,200307,6.1,155.31
AL,200308,6.2,155.31
AL,200309,5.9,155.31
AL,200310,5.8,158.17
AL,200311,5.9,158.17
AL,200312,5.6,158.17
AL,200401,6.4,158.75
AL,200402,6.1,158.75
AL,200403,5.9,158.75
AL,200404,5.3,160.05
AL,200405,5.3,160.05
AL,200406,6.0,160.05
AL,200407,5.8,162.65
AL,200408,5.7,162.65
AL,200409,5.3,162.65
AL,200410,5.2,165.94
AL,200411,5.1,165.94
AL,200412,4.9,165.94
AL,200501,5.4,168.26
AL,200502,5.4,168.26
AL,200503,4.6,168.26
AL,200504,4.1,171.3
AL,200505,4.0,171.3
AL,200506,4.8,171.3
AL,200507,4.5,173.99
AL,200508,4.3,173.99
AL,200509,4.2,173.99
AL,200510,4.1,177.65
AL,200511,4.0,177.65
AL,200512,3.9,177.65
AL,200601,4.6,182.62
AL,200602,4.5,182.62
AL,200603,4.1,182.62
AL,200604,3.7,187.1
AL,200605,3.6,187.1
AL,200606,4.4,187.1
AL,200607,4.4,190.49
AL,200608,4.2,190.49
AL,200609,3.8,190.49
AL,200610,3.6,193.17
AL,200611,3.7,193.17
AL,200612,3.6,193.17
AL,200701,4.3,195.74
AL,200702,4.2,195.74
AL,200703,3.8,195.74
AL,200704,3.4,198.28
AL,200705,3.5,198.28
AL,200706,4.4,198.28
AL,200707,4.4,200.5
AL,200708,4.3,200.5
AL,200709,4.1,200.5
AL,200710,3.9,200.01
AL,200711,4.1,200.01
AL,200712,4.4,200.01
AL,200801,5.1,200.29
AL,200802,5.0,200.29
AL,200803,4.9,200.29
AL,200804,4.4,198.59
AL,200805,5.1,198.59
AL,200806,6.1,198.59
AL,200807,6.3,196.59
AL,200808,6.5,196.59
AL,200809,6.4,196.59
AL,200810,6.7,193.55
AL,200811,6.9,193.55
AL,200812,7.4,193.55
AL,200901,8.5,190.85
AL,200902,9.0,190.85
AL,200903,8.8,190.85
AL,200904,8.4,191.46
AL,200905,8.9,191.46
AL,200906,10.0,191.46
AL,200907,10.3,190.53
AL,200908,10.5,190.53
AL,200909,10.6,190.53
AL,200910,10.7,185.38
AL,200911,10.5,185.38
AL,200912,10.7,185.38
AL,201001,11.6,192.06
AL,201002,11.3,192.06
AL,201003,10.9,192.06
AL,201004,10.1,184.14
AL,201005,9.9,184.14
AL,201006,10.4,184.14
AL,201007,10.3,180.73
AL,201008,10.3,180.73
AL,201009,10.0,180.73
AL,201010,9.9,179.14
AL,201011,10.1,179.14
AL,201012,9.9,179.14
AL,201101,10.5,175.02
AL,201102,10.3,175.02
AL,201103,9.8,175.02
AL,201104,9.3,171.33
AL,201105,9.3,171.33
AL,201106,10.3,171.33
AL,201107,10.0,170.17
AL,201108,9.7,170.17
AL,201109,9.5,170.17
AL,201110,9.0,171.02
AL,201111,8.5,171.02
AL,201112,8.4,171.02
AL,201201,9.0,170.95
AL,201202,8.8,170.95
AL,201203,8.4,170.95
AL,201204,7.7,172.89
AL,201205,7.9,172.89
AL,201206,8.8,172.89
AL,201207,8.7,176.3
AL,201208,8.4,176.3
AL,201209,7.8,176.3
AL,201210,7.6,172.42
AL,201211,7.3,172.42
AL,201212,7.5,172.42
AL,201301,8.3,176.32
AL,201302,8.0,176.32
AL,201303,7.3,176.32
AL,201304,6.7,177.28
AL,201305,6.9,177.28
AL,201306,7.8,177.28
AL,201307,7.6,179.33
AL,201308,7.5,179.33
AL,201309,7.2,179.33
AL,201310,7.2,180.03
AL,201311,6.9,180.03
AL,201312,6.8,180.03
AL,201401,7.5,180.69
AL,201402,7.5,180.69
AL,201403,7.2,180.69
AL,201404,6.3,182.14
AL,201405,6.5,182.14
AL,201406,7.1,182.14
AL,201407,7.3,181.47
AL,201408,7.1,181.47
AL,201409,6.5,181.47
AL,201410,6.2,183.0
AL,201411,6.1,183.0
AL,201412,5.9,183.0
AL,201501,6.7,185.64
AL,201502,6.4,185.64
AL,201503,6.0,185.64
AL,201504,5.6,185.37
AL,201505,5.9,185.37
AL,201506,6.4,185.37
AL,201507,6.5,188.72
AL,201508,6.2,188.72
AL,201509,5.9,188.72
AL,201510,5.9,189.42
AL,201511,5.8,189.42
AL,201512,5.8,189.42
AL,201601,6.3,189.84
AL,201602,6.2,189.84
AL,201603,5.9,189.84
AL,201604,5.4,192.15
AL,201605,5.3,192.15
AL,201606,6.1,192.15
AL,201607,6.0,193.98
AL,201608,5.9,193.98
AL,201609,5.9,193.98
AL,201610,5.7,196.31
AL,201611,5.3,196.31
AL,201612,5.4,196.31
AL,201701,6.0,198.2
AL,201702,5.6,198.2
AL,201703,4.9,198.2
AL,201704,4.3,199.64
AL,201705,4.2,199.64
AL,201706,4.8,199.64
AL,201707,4.7,202.19
AL,201708,4.5,202.19
AL,201709,4.0,202.19
AL,201710,3.8,204.43
AL,201711,3.8,204.43
AL,201712,3.7,204.43
AL,201801,4.4,207.8
AL,201802,4.3,207.8
AL,201803,4.0,207.8
AL,201804,3.5,209.96
AL,201805,3.5,209.96
AL,201806,4.5,209.96
AL,201807,4.2,213.33
AL,201808,4.1,213.33
AL,201809,3.7,213.33
AL,201810,3.7,215.81
AL,201811,3.4,215.81
AL,201812,3.6,215.81
AL,201901,4.3,218.03
AL,201902,3.8,218.03
AL,201903,3.5,218.03
AL,201904,2.8,222.09
AL,201905,2.7,222.09
AL,201906,3.4,222.09
AL,201907,3.3,224.41
AL,201908,3.3,224.41
AL,201909,2.8,224.41
AL,201910,2.8,228.09
AL,201911,2.8,228.09
AL,201912,2.9,228.09
AL,202001,3.6,232.41
AL,202002,3.4,232.41
AL,202003,3.7,232.41
AL,202004,13.1,238.26
AL,202005,10.2,238.26
AL,202006,8.9,238.26
AL,202007,8.0,239.47
AL,202008,6.4,239.47
AL,202009,6.0,239.47
AL,202010,4.9,246.68
AL,202011,4.6,246.68
AL,202012,4.3,246.68
AL,202101,4.5,258.35
AL,202102,4.1,258.35
AL,202103,3.7,258.35
AL,202104,3.3,265.2
AL,202105,3.1,265.2
AL,202106,4.0,265.2
AL,202107,3.7,277.88
AL,202108,3.5,277.88
AL,202109,2.9,277.88
AL,202110,2.7,290.67
AL,202111,2.4,290.67
AL,202112,2.3,290.67
AL,202201,3.1,302.9
AL,202202,2.9,302.9
AL,202203,2.4,302.9
AL,202204,2.0,314.59
AL,202205,2.2,314.59
AL,202206,3.0,314.59
AL,202207,2.9,323.49
AL,202208,2.9,323.49
AL,202209,2.4,323.49
AL,202210,2.4,328.59
AL,202211,2.2,328.59
AL,202212,2.0,328.59
AL,202301,2.6,332.94
AL,202302,2.5,332.94
AL,202303,2.2,332.94
AL,202304,1.8,338.55
AL,202305,2.0,338.55
AL,202306,2.7,338.55
AL,202307,2.6,338.77
AL,202308,2.8,338.77
AL,202309,2.6,338.77
AL,202310,2.6,346.96
AL,202311,2.5,346.96
AL,202312,2.6,346.96
AL,202401,3.2,348.95
AL,202402,3.2,348.95
AL,202403,2.8,348.95
AL,202404,2.4,349.75
AL,202405,2.4,349.75
AL,202406,3.3,349.75
AL,202407,3.4,358.48
AL,202408,3.5,358.48
AL,202409,3.1,358.48
AL,202410,3.2,360.53
AL,202411,3.3,360.53
AL,202412,3.2,360.53
AL,202501,3.4,365.64
AL,202502,3.4,365.64
AL,202503,3.4,365.64
AK,199901,7.3,131.37
AK,199902,7.8,131.37
AK,199903,7.3,131.37
AK,199904,6.8,132.39
AK,199905,6.5,132.39
AK,199906,6.4,132.39
AK,199907,5.7,132.4
AK,199908,5.1,132.4
AK,199909,5.3,132.4
AK,199910,5.7,133.82
AK,199911,6.2,133.82
AK,199912,6.2,133.82
AK,200001,7.1,131.92
AK,200002,7.2,131.92
AK,200003,7.1,131.92
AK,200004,6.7,133.14
AK,200005,6.4,133.14
AK,200006,6.4,133.14
AK,200007,5.5,135.54
AK,200008,5.3,135.54
AK,200009,5.6,135.54
AK,200010,5.6,137.0
AK,200011,6.3,137.0
AK,200012,6.3,137.0
AK,200101,7.3,137.34
AK,200102,7.1,137.34
AK,200103,7.0,137.34
AK,200104,6.6,140.71
AK,200105,6.0,140.71
AK,200106,6.2,140.71
AK,200107,5.3,143.18
AK,200108,5.2,143.18
AK,200109,5.4,143.18
AK,200110,5.9,145.34
AK,200111,6.6,145.34
AK,200112,6.9,145.34
AK,200201,7.8,149.26
AK,200202,7.7,149.26
AK,200203,7.9,149.26
AK,200204,7.6,149.57
AK,200205,6.8,149.57
AK,200206,7.3,149.57
AK,200207,6.4,152.57
AK,200208,6.2,152.57
AK,200209,6.4,152.57
AK,200210,6.6,156.29
AK,200211,7.5,156.29
AK,200212,7.8,156.29
AK,200301,8.5,157.72
AK,200302,8.7,157.72
AK,200303,8.4,157.72
AK,200304,8.1,161.03
AK,200305,7.5,161.03
AK,200306,8.0,161.03
AK,200307,7.0,163.27
AK,200308,6.6,163.27
AK,200309,6.8,163.27
AK,200310,7.0,165.62
AK,200311,7.8,165.62
AK,200312,7.7,165.62
AK,200401,8.6,171.27
AK,200402,8.6,171.27
AK,200403,8.6,171.27
AK,200404,7.9,175.51
AK,200405,7.4,175.51
AK,200406,7.6,175.51
AK,200407,6.5,177.49
AK,200408,6.1,177.49
AK,200409,6.4,177.49
AK,200410,6.7,183.48
AK,200411,7.3,183.48
AK,200412,7.4,183.48
AK,200501,8.0,187.9
AK,200502,8.2,187.9
AK,200503,7.7,187.9
AK,200504,7.2,192.56
AK,200505,6.7,192.56
AK,200506,6.7,192.56
AK,200507,6.1,197.1
AK,200508,5.6,197.1
AK,200509,6.2,197.1
AK,200510,6.5,203.99
AK,200511,7.3,203.99
AK,200512,7.2,203.99
AK,200601,7.7,207.53
AK,200602,8.0,207.53
AK,200603,7.5,207.53
AK,200604,7.2,212.89
AK,200605,6.6,212.89
AK,200606,6.5,212.89
AK,200607,6.0,215.8
AK,200608,5.4,215.8
AK,200609,5.7,215.8
AK,200610,5.7,218.02
AK,200611,6.4,218.02
AK,200612,6.6,218.02
AK,200701,7.3,219.67
AK,200702,7.2,219.67
AK,200703,6.9,219.67
AK,200704,6.6,223.31
AK,200705,6.1,223.31
AK,200706,6.2,223.31
AK,200707,5.6,225.96
AK,200708,5.2,225.96
AK,200709,5.6,225.96
AK,200710,5.6,223.9
AK,200711,6.2,223.9
AK,200712,6.6,223.9
AK,200801,7.2,222.54
AK,200802,7.1,222.54
AK,200803,7.1,222.54
AK,200804,6.5,219.24
AK,200805,6.5,219.24
AK,200806,6.5,219.24
AK,200807,5.9,222.89
AK,200808,5.6,222.89
AK,200809,5.8,222.89
AK,200810,6.1,220.77
AK,200811,6.6,220.77
AK,200812,7.0,220.77
AK,200901,8.2,223.82
AK,200902,8.5,223.82
AK,200903,8.5,223.82
AK,200904,7.9,225.81
AK,200905,7.8,225.81
AK,200906,8.0,225.81
AK,200907,7.2,215.88
AK,200908,6.8,215.88
AK,200909,7.3,215.88
AK,200910,7.8,214.69
AK,200911,8.0,214.69
AK,200912,8.2,214.69
AK,201001,9.2,215.16
AK,201002,9.5,215.16
AK,201003,9.3,215.16
AK,201004,8.4,213.98
AK,201005,7.9,213.98
AK,201006,7.8,213.98
AK,201007,7.1,220.16
AK,201008,6.8,220.16
AK,201009,7.0,220.16
AK,201010,7.3,221.21
AK,201011,8.0,221.21
AK,201012,8.2,221.21
AK,201101,8.8,219.98
AK,201102,8.7,219.98
AK,201103,8.4,219.98
AK,201104,7.9,225.47
AK,201105,7.5,225.47
AK,201106,7.7,225.47
AK,201107,6.9,221.04
AK,201108,6.5,221.04
AK,201109,6.8,221.04
AK,201110,7.0,224.43
AK,201111,7.5,224.43
AK,201112,7.8,224.43
AK,201201,8.2,222.35
AK,201202,8.2,222.35
AK,201203,7.9,222.35
AK,201204,7.3,218.53
AK,201205,7.1,218.53
AK,201206,7.3,218.53
AK,201207,6.7,222.14
AK,201208,6.1,222.14
AK,201209,6.1,222.14
AK,201210,6.3,226.44
AK,201211,6.9,226.44
AK,201212,7.3,226.44
AK,201301,8.2,225.87
AK,201302,7.8,225.87
AK,201303,7.4,225.87
AK,201304,7.0,228.92
AK,201305,6.8,228.92
AK,201306,7.1,228.92
AK,201307,6.3,228.83
AK,201308,5.9,228.83
AK,201309,6.1,228.83
AK,201310,6.7,228.12
AK,201311,6.9,228.12
AK,201312,6.9,228.12
AK,201401,7.7,230.65
AK,201402,8.0,230.65
AK,201403,7.7,230.65
AK,201404,6.9,229.86
AK,201405,6.6,229.86
AK,201406,6.8,229.86
AK,201407,6.3,233.81
AK,201408,6.0,233.81
AK,201409,6.0,233.81
AK,201410,6.0,234.96
AK,201411,6.5,234.96
AK,201412,6.4,234.96
AK,201501,7.1,239.25
AK,201502,7.2,239.25
AK,201503,6.9,239.25
AK,201504,6.5,240.63
AK,201505,6.3,240.63
AK,201506,6.3,240.63
AK,201507,5.6,240.25
AK,201508,5.2,240.25
AK,201509,5.5,240.25
AK,201510,6.0,241.07
AK,201511,6.4,241.07
AK,201512,6.7,241.07
AK,201601,7.1,244.89
AK,201602,7.4,244.89
AK,201603,7.2,244.89
AK,201604,6.9,245.2
AK,201605,6.4,245.2
AK,201606,6.7,245.2
AK,201607,6.1,247.58
AK,201608,5.7,247.58
AK,201609,6.2,247.58
AK,201610,6.3,246.82
AK,201611,6.6,246.82
AK,201612,6.8,246.82
AK,201701,7.6,246.46
AK,201702,7.5,246.46
AK,201703,7.2,246.46
AK,201704,6.8,249.62
AK,201705,6.4,249.62
AK,201706,6.6,249.62
AK,201707,6.1,247.49
AK,201708,5.9,247.49
AK,201709,5.9,247.49
AK,201710,6.0,252.64
AK,201711,6.5,252.64
AK,201712,6.8,252.64
AK,201801,7.4,249.71
AK,201802,7.3,249.71
AK,201803,6.8,249.71
AK,201804,6.5,254.64
AK,201805,5.8,254.64
AK,201806,6.2,254.64
AK,201807,5.3,253.34
AK,201808,5.0,253.34
AK,201809,5.1,253.34
AK,201810,5.4,253.06
AK,201811,5.9,253.06
AK,201812,6.3,253.06
AK,201901,7.2,255.19
AK,201902,6.7,255.19
AK,201903,6.5,255.19
AK,201904,5.7,258.89
AK,201905,5.5,258.89
AK,201906,5.7,258.89
AK,201907,5.2,263.82
AK,201908,4.8,263.82
AK,201909,4.7,263.82
AK,201910,4.8,263.85
AK,201911,5.3,263.85
AK,201912,5.4,263.85
AK,202001,5.9,264.14
AK,202002,5.6,264.14
AK,202003,6.9,264.14
AK,202004,11.8,267.4
AK,202005,12.0,267.4
AK,202006,11.2,267.4
AK,202007,10.4,271.82
AK,202008,7.2,271.82
AK,202009,7.3,271.82
AK,202010,6.7,273.02
AK,202011,7.2,273.02
AK,202012,7.2,273.02
AK,202101,7.5,287.41
AK,202102,7.8,287.41
AK,202103,7.7,287.41
AK,202104,7.5,290.1
AK,202105,6.8,290.1
AK,202106,7.0,290.1
AK,202107,5.9,296.81
AK,202108,5.1,296.81
AK,202109,5.2,296.81
AK,202110,5.2,309.82
AK,202111,5.4,309.82
AK,202112,5.3,309.82
AK,202201,6.1,317.42
AK,202202,5.7,317.42
AK,202203,5.0,317.42
AK,202204,4.5,323.65
AK,202205,4.1,323.65
AK,202206,4.3,323.65
AK,202207,3.6,332.12
AK,202208,3.0,332.12
AK,202209,3.2,332.12
AK,202210,3.6,339.96
AK,202211,4.1,339.96
AK,202212,4.0,339.96
AK,202301,4.7,336.73
AK,202302,4.8,336.73
AK,202303,4.4,336.73
AK,202304,4.0,343.97
AK,202305,4.0,343.97
AK,202306,4.4,343.97
AK,202307,3.7,347.84
AK,202308,3.7,347.84
AK,202309,3.9,347.84
AK,202310,4.1,349.18
AK,202311,4.4,349.18
AK,202312,4.6,349.18
AK,202401,5.1,358.13
AK,202402,5.3,358.13
AK,202403,4.8,358.13
AK,202404,4.5,361.04
AK,202405,4.3,361.04
AK,202406,4.9,361.04
AK,202407,4.4,365.32
AK,202408,4.1,365.32
AK,202409,4.0,365.32
AK,202410,4.4,371.44
AK,202411,4.9,371.44
AK,202412,4.7,371.44
AK,202501,5.4,376.01
AK,202502,5.4,376.01
AK,202503,4.9,376.01
AZ,199901,4.5,138.78
AZ,199902,4.4,138.78
AZ,199903,4.3,138.78
AZ,199904,4.5,141.06
AZ,199905,4.5,141.06
AZ,199906,5.0,141.06
AZ,199907,5.2,142.94
AZ,199908,4.9,142.94
AZ,199909,4.6,142.94
AZ,199910,4.2,145.19
AZ,199911,3.9,145.19
AZ,199912,3.8,145.19
AZ,200001,4.3,146.93
AZ,200002,3.9,146.93
AZ,200003,3.8,146.93
AZ,200004,3.5,149.48
AZ,200005,3.8,149.48
AZ,200006,4.3,149.48
AZ,200007,4.5,151.3
AZ,200008,4.5,151.3
AZ,200009,4.0,151.3
AZ,200010,3.8,152.94
AZ,200011,3.6,152.94
AZ,200012,3.5,152.94
AZ,200101,4.2,155.54
AZ,200102,3.9,155.54
AZ,200103,4.1,155.54
AZ,200104,4.0,157.64
AZ,200105,4.0,157.64
AZ,200106,4.8,157.64
AZ,200107,4.8,160.25
AZ,200108,5.3,160.25
AZ,200109,5.2,160.25
AZ,200110,5.4,162.44
AZ,200111,5.4,162.44
AZ,200112,5.6,162.44
AZ,200201,6.3,165.49
AZ,200202,6.0,165.49
AZ,200203,6.0,165.49
AZ,200204,6.0,166.7
AZ,200205,6.0,166.7
AZ,200206,6.7,166.7
AZ,200207,6.8,169.38
AZ,200208,6.6,169.38
AZ,200209,6.1,169.38
AZ,200210,6.0,172.08
AZ,200211,6.0,172.08
AZ,200212,5.7,172.08
AZ,200301,6.1,175.88
AZ,200302,5.8,175.88
AZ,200303,5.7,175.88
AZ,200304,5.6,179.41
AZ,200305,5.7,179.41
AZ,200306,6.5,179.41
AZ,200307,6.4,182.27
AZ,200308,6.2,182.27
AZ,200309,5.8,182.27
AZ,200310,5.4,186.05
AZ,200311,5.1,186.05
AZ,200312,5.0,186.05
AZ,200401,5.6,192.41
AZ,200402,5.2,192.41
AZ,200403,5.1,192.41
AZ,200404,5.0,198.36
AZ,200405,4.9,198.36
AZ,200406,5.4,198.36
AZ,200407,5.3,204.94
AZ,200408,5.1,204.94
AZ,200409,4.9,204.94
AZ,200410,4.6,215.18
AZ,200411,4.4,215.18
AZ,200412,4.1,215.18
AZ,200501,4.6,227.92
AZ,200502,4.5,227.92
AZ,200503,4.5,227.92
AZ,200504,4.5,244.16
AZ,200505,4.5,244.16
AZ,200506,4.9,244.16
AZ,200507,5.1,267.1
AZ,200508,4.9,267.1
AZ,200509,4.9,267.1
AZ,200510,4.6,288.18
AZ,200511,4.5,288.18
AZ,200512,4.2,288.18
AZ,200601,4.5,302.8
AZ,200602,4.2,302.8
AZ,200603,4.0,302.8
AZ,200604,4.1,314.58
AZ,200605,4.1,314.58
AZ,200606,4.7,314.58
AZ,200607,5.0,317.96
AZ,200608,4.6,317.96
AZ,200609,4.3,317.96
AZ,200610,4.0,313.69
AZ,200611,3.9,313.69
AZ,200612,3.7,313.69
AZ,200701,4.1,320.1
AZ,200702,3.7,320.1
AZ,200703,3.4,320.1
AZ,200704,3.4,317.86
AZ,200705,3.2,317.86
AZ,200706,3.7,317.86
AZ,200707,4.0,313.3
AZ,200708,3.8,313.3
AZ,200709,3.7,313.3
AZ,200710,3.7,305.51
AZ,200711,3.8,305.51
AZ,200712,4.1,305.51
AZ,200801,4.4,290.26
AZ,200802,4.1,290.26
AZ,200803,4.2,290.26
AZ,200804,4.2,277.04
AZ,200805,5.0,277.04
AZ,200806,5.8,277.04
AZ,200807,6.4,261.3
AZ,200808,6.8,261.3
AZ,200809,6.7,261.3
AZ,200810,6.8,242.07
AZ,200811,7.0,242.07
AZ,200812,7.5,242.07
AZ,200901,8.4,225.6
AZ,200902,8.6,225.6
AZ,200903,8.9,225.6
AZ,200904,8.8,214.8
AZ,200905,9.3,214.8
AZ,200906,10.2,214.8
AZ,200907,10.6,202.09
AZ,200908,10.5,202.09
AZ,200909,10.5,202.09
AZ,200910,10.4,199.87
AZ,200911,10.1,199.87
AZ,200912,10.2,199.87
AZ,201001,10.9,195.62
AZ,201002,10.7,195.62
AZ,201003,10.4,195.62
AZ,201004,10.1,191.24
AZ,201005,10.2,191.24
AZ,201006,10.6,191.24
AZ,201007,10.9,186.1
AZ,201008,10.7,186.1
AZ,201009,10.3,186.1
AZ,201010,10.0,179.56
AZ,201011,10.0,179.56
AZ,201012,9.6,179.56
AZ,201101,10.2,172.77
AZ,201102,9.7,172.77
AZ,201103,9.3,172.77
AZ,201104,9.1,166.69
AZ,201105,9.0,166.69
AZ,201106,10.4,166.69
AZ,201107,10.3,161.38
AZ,201108,9.9,161.38
AZ,201109,9.5,161.38
AZ,201110,9.3,162.29
AZ,201111,8.6,162.29
AZ,201112,8.6,162.29
AZ,201201,8.9,166.9
AZ,201202,8.6,166.9
AZ,201203,8.2,166.9
AZ,201204,7.9,173.24
AZ,201205,8.3,173.24
AZ,201206,8.9,173.24
AZ,201207,9.3,182.51
AZ,201208,8.8,182.51
AZ,201209,8.2,182.51
AZ,201210,8.1,192.83
AZ,201211,7.7,192.83
AZ,201212,7.9,192.83
AZ,201301,8.4,197.63
AZ,201302,7.9,197.63
AZ,201303,7.6,197.63
AZ,201304,7.5,204.9
AZ,201305,7.7,204.9
AZ,201306,8.5,204.9
AZ,201307,8.5,215.21
AZ,201308,8.3,215.21
AZ,201309,7.9,215.21
AZ,201310,7.7,219.68
AZ,201311,7.1,219.68
AZ,201312,7.0,219.68
AZ,201401,7.2,226.55
AZ,201402,7.0,226.55
AZ,201403,6.9,226.55
AZ,201404,6.2,228.47
AZ,201405,6.7,228.47
AZ,201406,7.2,228.47
AZ,201407,7.5,230.38
AZ,201408,7.3,230.38
AZ,201409,6.8,230.38
AZ,201410,6.6,232.5
AZ,201411,6.4,232.5
AZ,201412,6.1,232.5
AZ,201501,6.5,235.73
AZ,201502,6.1,235.73
AZ,201503,5.8,235.73
AZ,201504,5.9,241.09
AZ,201505,6.0,241.09
AZ,201506,6.5,241.09
AZ,201507,6.8,244.25
AZ,201508,6.5,244.25
AZ,201509,6.1,244.25
AZ,201510,6.0,250.0
AZ,201511,5.7,250.0
AZ,201512,5.5,250.0
AZ,201601,5.6,253.92
AZ,201602,5.4,253.92
AZ,201603,5.3,253.92
AZ,201604,5.4,258.27
AZ,201605,5.3,258.27
AZ,201606,5.9,258.27
AZ,201607,6.0,263.57
AZ,201608,5.8,263.57
AZ,201609,5.6,263.57
AZ,201610,5.4,266.33
AZ,201611,5.0,266.33
AZ,201612,5.0,266.33
AZ,201701,5.3,272.6
AZ,201702,5.1,272.6
AZ,201703,4.8,272.6
AZ,201704,4.7,277.94
AZ,201705,4.8,277.94
AZ,201706,5.3,277.94
AZ,201707,5.4,283.93
AZ,201708,5.3,283.93
AZ,201709,4.9,283.93
AZ,201710,4.6,289.68
AZ,201711,4.6,289.68
AZ,201712,4.6,289.68
AZ,201801,5.0,293.71
AZ,201802,4.8,293.71
AZ,201803,4.5,293.71
AZ,201804,4.5,302.62
AZ,201805,4.4,302.62
AZ,201806,5.2,302.62
AZ,201807,5.2,306.62
AZ,201808,5.1,306.62
AZ,201809,4.8,306.62
AZ,201810,4.7,311.72
AZ,201811,4.6,311.72
AZ,201812,4.9,311.72
AZ,201901,5.3,318.99
AZ,201902,4.8,318.99
AZ,201903,4.7,318.99
AZ,201904,4.5,321.23
AZ,201905,4.7,321.23
AZ,201906,5.2,321.23
AZ,201907,5.4,327.77
AZ,201908,5.1,327.77
AZ,201909,4.6,327.77
AZ,201910,4.6,335.35
AZ,201911,4.4,335.35
AZ,201912,4.3,335.35
AZ,202001,4.7,344.33
AZ,202002,4.5,344.33
AZ,202003,5.3,344.33
AZ,202004,13.2,352.83
AZ,202005,11.2,352.83
AZ,202006,10.2,352.83
AZ,202007,9.9,359.0
AZ,202008,8.1,359.0
AZ,202009,7.5,359.0
AZ,202010,6.6,373.63
AZ,202011,6.3,373.63
AZ,202012,6.3,373.63
AZ,202101,6.4,393.78
AZ,202102,6.2,393.78
AZ,202103,5.7,393.78
AZ,202104,5.6,416.25
AZ,202105,5.5,416.25
AZ,202106,6.0,416.25
AZ,202107,5.4,444.77
AZ,202108,4.9,444.77
AZ,202109,4.3,444.77
AZ,202110,3.8,476.97
AZ,202111,3.4,476.97
AZ,202112,3.1,476.97
AZ,202201,3.8,501.49
AZ,202202,3.6,501.49
AZ,202203,3.3,501.49
AZ,202204,3.4,529.57
AZ,202205,3.6,529.57
AZ,202206,4.2,529.57
AZ,202207,4.2,552.1
AZ,202208,4.3,552.1
AZ,202209,3.9,552.1
AZ,202210,3.8,539.58
AZ,202211,3.5,539.58
AZ,202212,3.3,539.58
AZ,202301,3.5,530.07
AZ,202302,3.5,530.07
AZ,202303,3.4,530.07
AZ,202304,3.3,532.58
AZ,202305,3.7,532.58
AZ,202306,4.1,532.58
AZ,202307,4.2,537.51
AZ,202308,4.2,537.51
AZ,202309,3.9,537.51
AZ,202310,3.8,550.57
AZ,202311,3.4,550.57
AZ,202312,3.2,550.57
AZ,202401,3.4,565.23
AZ,202402,3.3,565.23
AZ,202403,3.0,565.23
AZ,202404,2.9,561.43
AZ,202405,3.3,561.43
AZ,202406,4.0,561.43
AZ,202407,4.3,567.18
AZ,202408,4.2,567.18
AZ,202409,3.8,567.18
AZ,202410,3.8,566.85
AZ,202411,3.7,566.85
AZ,202412,3.5,566.85
AZ,202501,3.9,572.13
AZ,202502,3.9,572.13
AZ,202503,4.0,572.13
AR,199901,5.4,132.37
AR,199902,5.2,132.37
AR,199903,4.6,132.37
AR,199904,4.3,133.77
AR,199905,4.3,133.77
AR,199906,4.9,133.77
AR,199907,5.0,134.63
AR,199908,4.4,134.63
AR,199909,4.3,134.63
AR,199910,3.8,135.63
AR,199911,3.9,135.63
AR,199912,4.1,135.63
AR,200001,4.9,136.5
AR,200002,4.9,136.5
AR,200003,4.5,136.5
AR,200004,3.8,136.97
AR,200005,4.1,136.97
AR,200006,4.3,136.97
AR,200007,4.5,139.18
AR,200008,4.2,139.18
AR,200009,3.8,139.18
AR,200010,3.4,139.39
AR,200011,3.7,139.39
AR,200012,3.9,139.39
AR,200101,5.0,140.73
AR,200102,4.9,140.73
AR,200103,4.6,140.73
AR,200104,4.4,142.68
AR,200105,4.4,142.68
AR,200106,5.0,142.68
AR,200107,5.0,143.17
AR,200108,4.7,143.17
AR,200109,4.5,143.17
AR,200110,4.4,144.8
AR,200111,4.8,144.8
AR,200112,5.3,144.8
AR,200201,6.2,145.74
AR,200202,5.9,145.74
AR,200203,5.6,145.74
AR,200204,5.3,146.93
AR,200205,5.2,146.93
AR,200206,5.6,146.93
AR,200207,5.6,149.2
AR,200208,5.1,149.2
AR,200209,4.7,149.2
AR,200210,4.5,150.38
AR,200211,4.9,150.38
AR,200212,5.3,150.38
AR,200301,6.2,152.17
AR,200302,6.0,152.17
AR,200303,5.7,152.17
AR,200304,5.5,154.35
AR,200305,5.7,154.35
AR,200306,6.4,154.35
AR,200307,6.3,156.22
AR,200308,5.8,156.22
AR,200309,5.6,156.22
AR,200310,5.2,159.12
AR,200311,5.4,159.12
AR,200312,5.4,159.12
AR,200401,6.4,160.76
AR,200402,6.1,160.76
AR,200403,6.0,160.76
AR,200404,5.4,164.36
AR,200405,5.5,164.36
AR,200406,6.0,164.36
AR,200407,6.0,166.84
AR,200408,5.3,166.84
AR,200409,5.1,166.84
AR,200410,4.9,169.14
AR,200411,5.0,169.14
AR,200412,5.4,169.14
AR,200501,6.0,172.34
AR,200502,5.9,172.34
AR,200503,5.3,172.34
AR,200504,4.9,175.08
AR,200505,5.1,175.08
AR,200506,5.4,175.08
AR,200507,5.6,177.28
AR,200508,5.1,177.28
AR,200509,5.2,177.28
AR,200510,4.8,181.01
AR,200511,5.0,181.01
AR,200512,5.0,181.01
AR,200601,5.5,185.02
AR,200602,5.6,185.02
AR,200603,5.2,185.02
AR,200604,5.1,186.7
AR,200605,5.1,186.7
AR,200606,5.5,186.7
AR,200607,5.7,189.18
AR,200608,5.2,189.18
AR,200609,5.0,189.18
AR,200610,4.6,190.62
AR,200611,4.9,190.62
AR,200612,5.1,190.62
AR,200701,6.0,192.3
AR,200702,5.8,192.3
AR,200703,5.3,192.3
AR,200704,5.2,192.21
AR,200705,5.3,192.21
AR,200706,5.7,192.21
AR,200707,6.0,194.26
AR,200708,5.4,194.26
AR,200709,5.3,194.26
AR,200710,4.8,194.4
AR,200711,4.8,194.4
AR,200712,5.3,194.4
AR,200801,5.8,193.29
AR,200802,5.3,193.29
AR,200803,5.0,193.29
AR,200804,4.5,189.72
AR,200805,5.0,189.72
AR,200806,5.4,189.72
AR,200807,5.6,188.25
AR,200808,5.4,188.25
AR,200809,5.3,188.25
AR,200810,5.3,188.08
AR,200811,5.7,188.08
AR,200812,6.5,188.08
AR,200901,7.8,184.94
AR,200902,8.0,184.94
AR,200903,7.8,184.94
AR,200904,7.4,184.11
AR,200905,7.8,184.11
AR,200906,8.2,184.11
AR,200907,8.2,183.22
AR,200908,7.6,183.22
AR,200909,7.4,183.22
AR,200910,7.3,183.5
AR,200911,7.3,183.5
AR,200912,7.8,183.5
AR,201001,8.7,188.05
AR,201002,8.6,188.05
AR,201003,8.1,188.05
AR,201004,7.5,178.07
AR,201005,7.5,178.07
AR,201006,7.8,178.07
AR,201007,8.1,181.87
AR,201008,7.7,181.87
AR,201009,7.5,181.87
AR,201010,7.2,176.68
AR,201011,7.6,176.68
AR,201012,7.8,176.68
AR,201101,8.9,175.34
AR,201102,8.6,175.34
AR,201103,8.0,175.34
AR,201104,7.5,177.21
AR,201105,7.7,177.21
AR,201106,8.3,177.21
AR,201107,8.3,173.13
AR,201108,7.9,173.13
AR,201109,7.7,173.13
AR,201110,7.2,174.84
AR,201111,7.1,174.84
AR,201112,7.5,174.84
AR,201201,8.2,177.8
AR,201202,7.9,177.8
AR,201203,7.3,177.8
AR,201204,6.7,177.63
AR,201205,7.1,177.63
AR,201206,7.6,177.63
AR,201207,7.9,181.79
AR,201208,7.2,181.79
AR,201209,6.8,181.79
AR,201210,6.6,180.74
AR,201211,6.5,180.74
AR,201212,7.1,180.74
AR,201301,8.2,180.89
AR,201302,7.7,180.89
AR,201303,7.1,180.89
AR,201304,6.7,185.31
AR,201305,7.0,185.31
AR,201306,7.5,185.31
AR,201307,7.5,184.89
AR,201308,7.0,184.89
AR,201309,6.7,184.89
AR,201310,6.5,185.29
AR,201311,6.3,185.29
AR,201312,6.4,185.29
AR,201401,7.0,183.75
AR,201402,6.8,183.75
AR,201403,6.3,183.75
AR,201404,5.5,185.26
AR,201405,5.7,185.26
AR,201406,6.0,185.26
AR,201407,6.4,186.93
AR,201408,5.9,186.93
AR,201409,5.4,186.93
AR,201410,5.0,187.77
AR,201411,5.1,187.77
AR,201412,5.3,187.77
AR,201501,6.2,191.62
AR,201502,5.8,191.62
AR,201503,5.4,191.62
AR,201504,5.0,187.8
AR,201505,5.2,187.8
AR,201506,5.3,187.8
AR,201507,5.4,191.76
AR,201508,4.7,191.76
AR,201509,4.4,191.76
AR,201510,4.0,194.74
AR,201511,4.0,194.74
AR,201512,4.2,194.74
AR,201601,4.7,195.0
AR,201602,4.6,195.0
AR,201603,4.1,195.0
AR,201604,3.6,195.88
AR,201605,3.7,195.88
AR,201606,4.3,195.88
AR,201607,4.4,197.21
AR,201608,4.0,197.21
AR,201609,3.8,197.21
AR,201610,3.4,199.21
AR,201611,3.4,199.21
AR,201612,3.7,199.21
AR,201701,4.4,199.79
AR,201702,4.3,199.79
AR,201703,3.7,199.79
AR,201704,3.3,202.76
AR,201705,3.5,202.76
AR,201706,4.0,202.76
AR,201707,4.2,203.21
AR,201708,3.9,203.21
AR,201709,3.5,203.21
AR,201710,3.2,206.31
AR,201711,3.3,206.31
AR,201712,3.6,206.31
AR,201801,4.4,210.39
AR,201802,4.2,210.39
AR,201803,3.8,210.39
AR,201804,3.4,211.68
AR,201805,3.3,211.68
AR,201806,4.0,211.68
AR,201807,4.0,212.68
AR,201808,3.5,212.68
AR,201809,3.3,212.68
AR,201810,3.1,214.72
AR,201811,3.1,214.72
AR,201812,3.5,214.72
AR,201901,4.4,217.3
AR,201902,4.0,217.3
AR,201903,3.5,217.3
AR,201904,3.0,221.01
AR,201905,3.2,221.01
AR,201906,3.8,221.01
AR,201907,4.1,222.83
AR,201908,3.5,222.83
AR,201909,3.2,222.83
AR,201910,2.9,224.15
AR,201911,3.0,224.15
AR,201912,3.3,224.15
AR,202001,4.0,225.73
AR,202002,3.7,225.73
AR,202003,5.3,225.73
AR,202004,9.6,228.17
AR,202005,8.8,228.17
AR,202006,8.2,228.17
AR,202007,8.1,233.93
AR,202008,6.3,233.93
AR,202009,5.7,233.93
AR,202010,4.6,240.09
AR,202011,4.5,240.09
AR,202012,4.8,240.09
AR,202101,5.4,250.19
AR,202102,5.3,250.19
AR,202103,4.7,250.19
AR,202104,4.3,255.69
AR,202105,4.2,255.69
AR,202106,4.8,255.69
AR,202107,4.5,269.36
AR,202108,3.8,269.36
AR,202109,3.2,269.36
AR,202110,2.7,280.85
AR,202111,2.6,280.85
AR,202112,2.8,280.85
AR,202201,3.8,296.99
AR,202202,3.6,296.99
AR,202203,3.1,296.99
AR,202204,2.9,305.52
AR,202205,3.0,305.52
AR,202206,3.6,305.52
AR,202207,3.7,315.79
AR,202208,3.4,315.79
AR,202209,3.0,315.79
AR,202210,2.6,322.32
AR,202211,2.6,322.32
AR,202212,2.7,322.32
AR,202301,3.4,325.2
AR,202302,3.2,325.2
AR,202303,2.9,325.2
AR,202304,2.5,331.45
AR,202305,2.8,331.45
AR,202306,3.4,331.45
AR,202307,3.6,335.57
AR,202308,3.5,335.57
AR,202309,3.3,335.57
AR,202310,3.0,339.31
AR,202311,3.0,339.31
AR,202312,3.2,339.31
AR,202401,3.8,346.45
AR,202402,3.8,346.45
AR,202403,3.4,346.45
AR,202404,3.0,349.9
AR,202405,3.2,349.9
AR,202406,3.8,349.9
AR,202407,4.0,354.99
AR,202408,3.6,354.99
AR,202409,3.2,354.99
AR,202410,3.1,360.12
AR,202411,3.3,360.12
AR,202412,3.4,360.12
AR,202501,3.9,358.17
AR,202502,4.2,358.17
AR,202503,3.7,358.17
CA,199901,6.1,98.03
CA,199902,6.0,98.03
CA,199903,5.7,98.03
CA,199904,5.3,100.52
CA,199905,4.7,100.52
CA,199906,5.3,100.52
CA,199907,5.5,102.86
CA,199908,5.1,102.86
CA,199909,5.0,102.86
CA,199910,4.8,105.25
CA,199911,4.9,105.25
CA,199912,4.7,105.25
CA,200001,5.4,108.2
CA,200002,5.3,108.2
CA,200003,5.4,108.2
CA,200004,4.7,111.62
CA,200005,4.8,111.62
CA,200006,5.0,111.62
CA,200007,5.2,114.98
CA,200008,5.1,114.98
CA,200009,4.6,114.98
CA,200010,4.5,118.69
CA,200011,4.6,118.69
CA,200012,4.4,118.69
CA,200101,5.2,123.53
CA,200102,5.0,123.53
CA,200103,5.2,123.53
CA,200104,4.9,127.84
CA,200105,4.6,127.84
CA,200106,5.3,127.84
CA,200107,5.5,131.24
CA,200108,5.7,131.24
CA,200109,5.5,131.24
CA,200110,6.0,134.03
CA,200111,6.3,134.03
CA,200112,6.3,134.03
CA,200201,7.1,137.66
CA,200202,6.9,137.66
CA,200203,7.0,137.66
CA,200204,6.7,142.18
CA,200205,6.3,142.18
CA,200206,6.8,142.18
CA,200207,7.0,148.4
CA,200208,6.8,148.4
CA,200209,6.4,148.4
CA,200210,6.5,155.2
CA,200211,6.8,155.2
CA,200212,6.8,155.2
CA,200301,7.4,161.24
CA,200302,7.2,161.24
CA,200303,7.2,161.24
CA,200304,6.8,167.29
CA,200305,6.5,167.29
CA,200306,7.3,167.29
CA,200307,7.2,173.23
CA,200308,6.9,173.23
CA,200309,6.6,173.23
CA,200310,6.6,180.35
CA,200311,6.7,180.35
CA,200312,6.3,180.35
CA,200401,7.0,190.88
CA,200402,6.7,190.88
CA,200403,7.0,190.88
CA,200404,6.3,200.88
CA,200405,6.0,200.88
CA,200406,6.4,200.88
CA,200407,6.5,213.37
CA,200408,6.0,213.37
CA,200409,5.7,213.37
CA,200410,5.7,227.66
CA,200411,5.8,227.66
CA,200412,5.6,227.66
CA,200501,6.2,239.35
CA,200502,6.1,239.35
CA,200503,5.8,239.35
CA,200504,5.3,251.9
CA,200505,5.0,251.9
CA,200506,5.4,251.9
CA,200507,5.5,264.68
CA,200508,5.2,264.68
CA,200509,5.1,264.68
CA,200510,5.0,276.82
CA,200511,5.2,276.82
CA,200512,4.9,276.82
CA,200601,5.3,283.61
CA,200602,5.3,283.61
CA,200603,5.1,283.61
CA,200604,4.8,286.62
CA,200605,4.5,286.62
CA,200606,4.9,286.62
CA,200607,5.2,284.57
CA,200608,4.9,284.57
CA,200609,4.6,284.57
CA,200610,4.4,278.79
CA,200611,4.7,278.79
CA,200612,4.7,278.79
CA,200701,5.5,273.38
CA,200702,5.3,273.38
CA,200703,5.2,273.38
CA,200704,5.0,272.57
CA,200705,4.7,272.57
CA,200706,5.3,272.57
CA,200707,5.6,266.05
CA,200708,5.4,266.05
CA,200709,5.4,266.05
CA,200710,5.3,251.77
CA,200711,5.5,251.77
CA,200712,5.8,251.77
CA,200801,6.4,233.49
CA,200802,6.2,233.49
CA,200803,6.5,233.49
CA,200804,6.0,213.61
CA,200805,6.4,213.61
CA,200806,7.0,213.61
CA,200807,7.6,193.74
CA,200808,7.8,193.74
CA,200809,7.7,193.74
CA,200810,8.0,180.55
CA,200811,8.4,180.55
CA,200812,9.1,180.55
CA,200901,10.5,170.39
CA,200902,10.9,170.39
CA,200903,11.2,170.39
CA,200904,10.8,163.98
CA,200905,11.0,163.98
CA,200906,11.7,163.98
CA,200907,12.0,161.75
CA,200908,11.9,161.75
CA,200909,11.8,161.75
CA,200910,11.9,164.51
CA,200911,11.9,164.51
CA,200912,12.1,164.51
CA,201001,13.0,167.1
CA,201002,12.8,167.1
CA,201003,12.8,167.1
CA,201004,12.1,166.61
CA,201005,11.8,166.61
CA,201006,12.2,166.61
CA,201007,12.6,165.91
CA,201008,12.4,165.91
CA,201009,12.0,165.91
CA,201010,11.9,162.58
CA,201011,12.3,162.58
CA,201012,12.1,162.58
CA,201101,12.6,159.3
CA,201102,12.3,159.3
CA,201103,12.1,159.3
CA,201104,11.5,155.45
CA,201105,11.3,155.45
CA,201106,12.1,155.45
CA,201107,12.2,152.17
CA,201108,11.9,152.17
CA,201109,11.5,152.17
CA,201110,11.3,151.65
CA,201111,11.0,151.65
CA,201112,11.0,151.65
CA,201201,11.4,151.89
CA,201202,11.2,151.89
CA,201203,11.0,151.89
CA,201204,10.3,153.66
CA,201205,10.1,153.66
CA,201206,10.7,153.66
CA,201207,10.9,158.07
CA,201208,10.5,158.07
CA,201209,9.7,158.07
CA,201210,9.7,161.8
CA,201211,9.5,161.8
CA,201212,9.7,161.8
CA,201301,10.4,169.23
CA,201302,9.8,169.23
CA,201303,9.4,169.23
CA,201304,8.8,177.93
CA,201305,8.6,177.93
CA,201306,9.4,177.93
CA,201307,9.4,187.64
CA,201308,9.1,187.64
CA,201309,8.6,187.64
CA,201310,8.6,195.69
CA,201311,8.3,195.69
CA,201312,8.0,195.69
CA,201401,8.5,199.92
CA,201402,8.4,199.92
CA,201403,8.3,199.92
CA,201404,7.3,204.17
CA,201405,7.2,204.17
CA,201406,7.5,204.17
CA,201407,8.0,207.62
CA,201408,7.7,207.62
CA,201409,7.1,207.62
CA,201410,7.0,211.07
CA,201411,7.0,211.07
CA,201412,6.7,211.07
CA,201501,7.3,214.85
CA,201502,6.9,214.85
CA,201503,6.7,214.85
CA,201504,6.2,218.95
CA,201505,6.2,218.95
CA,201506,6.3,218.95
CA,201507,6.5,222.04
CA,201508,6.1,222.04
CA,201509,5.7,222.04
CA,201510,5.7,225.75
CA,201511,5.7,225.75
CA,201512,5.6,225.75
CA,201601,6.0,230.32
CA,201602,5.8,230.32
CA,201603,5.8,230.32
CA,201604,5.4,234.06
CA,201605,4.9,234.06
CA,201606,5.7,234.06
CA,201607,5.8,238.04
CA,201608,5.7,238.04
CA,201609,5.4,238.04
CA,201610,5.4,241.67
CA,201611,5.1,241.67
CA,201612,5.2,241.67
CA,201701,5.7,246.27
CA,201702,5.4,246.27
CA,201703,5.1,246.27
CA,201704,4.7,250.9
CA,201705,4.4,250.9
CA,201706,4.9,250.9
CA,201707,5.2,255.96
CA,201708,5.1,255.96
CA,201709,4.5,255.96
CA,201710,4.3,261.27
CA,201711,4.3,261.27
CA,201712,4.3,261.27
CA,201801,4.8,265.88
CA,201802,4.6,265.88
CA,201803,4.5,265.88
CA,201804,4.1,271.29
CA,201805,3.7,271.29
CA,201806,4.4,271.29
CA,201807,4.4,273.45
CA,201808,4.4,273.45
CA,201809,4.0,273.45
CA,201810,4.0,276.92
CA,201811,4.0,276.92
CA,201812,4.2,276.92
CA,201901,4.9,278.98
CA,201902,4.4,278.98
CA,201903,4.5,278.98
CA,201904,3.8,280.37
CA,201905,3.6,280.37
CA,201906,4.2,280.37
CA,201907,4.4,283.99
CA,201908,4.2,283.99
CA,201909,3.7,283.99
CA,201910,3.8,287.87
CA,201911,3.8,287.87
CA,201912,3.9,287.87
CA,202001,4.5,291.49
CA,202002,4.3,291.49
CA,202003,6.3,291.49
CA,202004,15.7,297.02
CA,202005,15.6,297.02
CA,202006,13.9,297.02
CA,202007,13.6,297.51
CA,202008,11.8,297.51
CA,202009,9.9,297.51
CA,202010,8.8,309.78
CA,202011,8.7,309.78
CA,202012,8.9,309.78
CA,202101,9.1,325.68
CA,202102,8.8,325.68
CA,202103,8.5,325.68
CA,202104,8.3,339.26
CA,202105,7.6,339.26
CA,202106,8.2,339.26
CA,202107,7.7,356.7
CA,202108,7.3,356.7
CA,202109,6.3,356.7
CA,202110,5.9,374.22
CA,202111,5.4,374.22
CA,202112,5.0,374.22
CA,202201,5.6,388.92
CA,202202,5.0,388.92
CA,202203,4.5,388.92
CA,202204,4.0,405.29
CA,202205,3.7,405.29
CA,202206,4.2,405.29
CA,202207,4.1,410.32
CA,202208,4.2,410.32
CA,202209,3.8,410.32
CA,202210,4.0,400.44
CA,202211,4.1,400.44
CA,202212,4.0,400.44
CA,202301,4.7,395.18
CA,202302,4.8,395.18
CA,202303,4.7,395.18
CA,202304,4.1,394.21
CA,202305,4.3,394.21
CA,202306,4.7,394.21
CA,202307,4.8,402.52
CA,202308,5.1,402.52
CA,202309,4.8,402.52
CA,202310,4.9,410.14
CA,202311,4.8,410.14
CA,202312,4.9,410.14
CA,202401,5.4,415.94
CA,202402,5.4,415.94
CA,202403,5.2,415.94
CA,202404,4.8,419.59
CA,202405,4.7,419.59
CA,202406,5.4,419.59
CA,202407,5.9,419.44
CA,202408,5.9,419.44
CA,202409,5.2,419.44
CA,202410,5.3,422.89
CA,202411,5.4,422.89
CA,202412,5.2,422.89
CA,202501,5.5,424.9
CA,202502,5.5,424.9
CA,202503,5.3,424.9
CO,199901,3.5,174.63
CO,199902,3.2,174.63
CO,199903,3.1,174.63
CO,199904,2.9,178.63
CO,199905,2.8,178.63
CO,199906,3.4,178.63
CO,199907,3.2,183.54
CO,199908,3.0,183.54
CO,199909,2.9,183.54
CO,199910,2.8,189.43
CO,199911,2.8,189.43
CO,199912,2.7,189.43
CO,200001,3.1,193.59
CO,200002,3.0,193.59
CO,200003,2.8,193.59
CO,200004,2.5,199.01
CO,200005,2.5,199.01
CO,200006,2.9,199.01
CO,200007,2.9,204.1
CO,200008,2.9,204.1
CO,200009,2.6,204.1
CO,200010,2.5,210.04
CO,200011,2.7,210.04
CO,200012,2.4,210.04
CO,200101,3.0,215.67
CO,200102,3.1,215.67
CO,200103,3.2,215.67
CO,200104,3.0,222.04
CO,200105,3.1,222.04
CO,200106,3.6,222.04
CO,200107,3.7,225.53
CO,200108,3.9,225.53
CO,200109,3.8,225.53
CO,200110,4.6,227.11
CO,200111,5.3,227.11
CO,200112,5.5,227.11
CO,200201,6.4,228.71
CO,200202,6.1,228.71
CO,200203,6.1,228.71
CO,200204,5.8,232.42
CO,200205,5.3,232.42
CO,200206,5.8,232.42
CO,200207,5.6,233.27
CO,200208,5.4,233.27
CO,200209,5.3,233.27
CO,200210,5.3,235.78
CO,200211,5.7,235.78
CO,200212,5.6,235.78
CO,200301,6.4,237.89
CO,200302,6.3,237.89
CO,200303,6.4,237.89
CO,200304,6.2,238.68
CO,200305,6.0,238.68
CO,200306,6.6,238.68
CO,200307,6.3,239.12
CO,200308,6.0,239.12
CO,200309,5.8,239.12
CO,200310,5.7,240.55
CO,200311,6.0,240.55
CO,200312,5.7,240.55
CO,200401,6.3,242.42
CO,200402,6.1,242.42
CO,200403,6.1,242.42
CO,200404,5.5,244.64
CO,200405,5.3,244.64
CO,200406,5.7,244.64
CO,200407,5.6,248.49
CO,200408,5.3,248.49
CO,200409,5.1,248.49
CO,200410,5.2,251.46
CO,200411,5.4,251.46
CO,200412,5.4,251.46
CO,200501,5.6,252.54
CO,200502,5.8,252.54
CO,200503,5.6,252.54
CO,200504,5.3,257.39
CO,200505,5.1,257.39
CO,200506,5.2,257.39
CO,200507,5.1,259.53
CO,200508,4.7,259.53
CO,200509,4.7,259.53
CO,200510,4.5,262.83
CO,200511,4.8,262.83
CO,200512,4.6,262.83
CO,200601,4.9,267.58
CO,200602,4.6,267.58
CO,200603,4.5,267.58
CO,200604,4.4,269.37
CO,200605,4.3,269.37
CO,200606,4.5,269.37
CO,200607,4.5,269.87
CO,200608,4.2,269.87
CO,200609,3.8,269.87
CO,200610,3.6,270.53
CO,200611,3.7,270.53
CO,200612,3.6,270.53
CO,200701,4.2,273.64
CO,200702,3.9,273.64
CO,200703,3.6,273.64
CO,200704,3.3,272.85
CO,200705,3.3,272.85
CO,200706,3.7,272.85
CO,200707,3.7,272.97
CO,200708,3.6,272.97
CO,200709,3.6,272.97
CO,200710,3.5,271.81
CO,200711,3.8,271.81
CO,200712,4.0,271.81
CO,200801,4.6,267.49
CO,200802,4.6,267.49
CO,200803,4.6,267.49
CO,200804,4.2,263.67
CO,200805,4.5,263.67
CO,200806,4.9,263.67
CO,200807,5.0,262.65
CO,200808,4.9,262.65
CO,200809,4.7,262.65
CO,200810,5.0,259.36
CO,200811,5.2,259.36
CO,200812,5.7,259.36
CO,200901,7.2,253.9
CO,200902,7.8,253.9
CO,200903,8.0,253.9
CO,200904,8.0,259.5
CO,200905,8.1,259.5
CO,200906,8.5,259.5
CO,200907,8.3,259.51
CO,200908,7.9,259.51
CO,200909,7.7,259.51
CO,200910,7.8,259.86
CO,200911,7.8,259.86
CO,200912,8.5,259.86
CO,201001,9.5,259.5
CO,201002,9.6,259.5
CO,201003,9.7,259.5
CO,201004,9.0,259.89
CO,201005,8.9,259.89
CO,201006,9.1,259.89
CO,201007,9.1,256.35
CO,201008,9.0,256.35
CO,201009,8.7,256.35
CO,201010,8.9,251.07
CO,201011,9.3,251.07
CO,201012,9.2,251.07
CO,201101,9.5,253.5
CO,201102,9.4,253.5
CO,201103,9.1,253.5
CO,201104,8.5,248.42
CO,201105,8.9,248.42
CO,201106,8.7,248.42
CO,201107,8.6,244.67
CO,201108,8.5,244.67
CO,201109,8.3,244.67
CO,201110,8.2,247.4
CO,201111,8.2,247.4
CO,201112,8.3,247.4
CO,201201,8.8,247.41
CO,201202,8.9,247.41
CO,201203,8.6,247.41
CO,201204,8.1,248.9
CO,201205,8.1,248.9
CO,201206,8.4,248.9
CO,201207,8.2,258.05
CO,201208,7.8,258.05
CO,201209,7.2,258.05
CO,201210,7.2,263.6
CO,201211,7.1,263.6
CO,201212,7.2,263.6
CO,201301,7.9,268.88
CO,201302,7.8,268.88
CO,201303,7.2,268.88
CO,201304,6.7,273.02
CO,201305,6.8,273.02
CO,201306,7.2,273.02
CO,201307,6.9,281.36
CO,201308,6.5,281.36
CO,201309,6.2,281.36
CO,201310,6.2,286.79
CO,201311,6.0,286.79
CO,201312,5.6,286.79
CO,201401,6.3,291.3
CO,201402,6.4,291.3
CO,201403,6.0,291.3
CO,201404,5.5,296.55
CO,201405,5.0,296.55
CO,201406,5.0,296.55
CO,201407,4.9,301.34
CO,201408,4.6,301.34
CO,201409,4.0,301.34
CO,201410,4.0,306.99
CO,201411,4.1,306.99
CO,201412,3.9,306.99
CO,201501,4.5,317.6
CO,201502,4.5,317.6
CO,201503,4.2,317.6
CO,201504,3.8,328.65
CO,201505,3.9,328.65
CO,201506,3.9,328.65
CO,201507,3.7,335.39
CO,201508,3.4,335.39
CO,201509,3.1,335.39
CO,201510,3.1,345.13
CO,201511,3.2,345.13
CO,201512,3.2,345.13
CO,201601,3.5,350.77
CO,201602,3.7,350.77
CO,201603,3.5,350.77
CO,201604,3.2,360.14
CO,201605,3.1,360.14
CO,201606,3.4,360.14
CO,201607,3.3,368.84
CO,201608,3.1,368.84
CO,201609,2.8,368.84
CO,201610,2.7,378.74
CO,201611,2.6,378.74
CO,201612,2.5,378.74
CO,201701,3.0,388.06
CO,201702,2.9,388.06
CO,201703,2.3,388.06
CO,201704,2.2,395.53
CO,201705,2.3,395.53
CO,201706,2.7,395.53
CO,201707,2.7,405.43
CO,201708,2.7,405.43
CO,201709,2.5,405.43
CO,201710,2.6,412.17
CO,201711,2.7,412.17
CO,201712,2.7,412.17
CO,201801,3.1,423.17
CO,201802,3.3,423.17
CO,201803,3.0,423.17
CO,201804,2.8,435.91
CO,201805,2.8,435.91
CO,201806,3.3,435.91
CO,201807,3.4,441.02
CO,201808,3.2,441.02
CO,201809,2.9,441.02
CO,201810,2.9,447.08
CO,201811,2.9,447.08
CO,201812,3.0,447.08
CO,201901,3.3,451.7
CO,201902,3.1,451.7
CO,201903,2.8,451.7
CO,201904,2.4,455.67
CO,201905,2.4,455.67
CO,201906,2.7,455.67
CO,201907,2.7,464.34
CO,201908,2.6,464.34
CO,201909,2.4,464.34
CO,201910,2.5,471.12
CO,201911,2.5,471.12
CO,201912,2.6,471.12
CO,202001,3.1,479.48
CO,202002,3.3,479.48
CO,202003,3.9,479.48
CO,202004,10.9,487.65
CO,202005,11.8,487.65
CO,202006,11.3,487.65
CO,202007,6.8,488.12
CO,202008,6.0,488.12
CO,202009,6.2,488.12
CO,202010,5.9,508.29
CO,202011,6.1,508.29
CO,202012,6.4,508.29
CO,202101,6.6,531.84
CO,202102,6.3,531.84
CO,202103,6.2,531.84
CO,202104,6.1,552.0
CO,202105,5.8,552.0
CO,202106,6.3,552.0
CO,202107,5.8,583.95
CO,202108,5.4,583.95
CO,202109,4.8,583.95
CO,202110,4.7,611.44
CO,202111,4.1,611.44
CO,202112,3.9,611.44
CO,202201,4.2,629.1
CO,202202,4.0,629.1
CO,202203,3.4,629.1
CO,202204,2.9,668.68
CO,202205,2.8,668.68
CO,202206,3.0,668.68
CO,202207,3.0,682.44
CO,202208,2.9,682.44
CO,202209,2.6,682.44
CO,202210,2.8,663.95
CO,202211,2.9,663.95
CO,202212,2.7,663.95
CO,202301,3.2,663.78
CO,202302,3.4,663.78
CO,202303,3.0,663.78
CO,202304,2.7,660.49
CO,202305,3.1,660.49
CO,202306,3.6,660.49
CO,202307,3.4,666.32
CO,202308,3.5,666.32
CO,202309,3.3,666.32
CO,202310,3.4,680.72
CO,202311,3.5,680.72
CO,202312,3.7,680.72
CO,202401,4.1,683.9
CO,202402,4.2,683.9
CO,202403,3.8,683.9
CO,202404,3.7,685.1
CO,202405,3.9,685.1
CO,202406,4.4,685.1
CO,202407,4.6,688.39
CO,202408,4.6,688.39
CO,202409,4.3,688.39
CO,202410,4.4,691.47
CO,202411,4.7,691.47
CO,202412,4.5,691.47
CO,202501,5.0,696.73
CO,202502,5.2,696.73
CO,202503,4.6,696.73
CT,199901,3.2,99.26
CT,199902,3.2,99.26
CT,199903,2.8,99.26
CT,199904,2.5,101.61
CT,199905,2.5,101.61
CT,199906,2.7,101.61
CT,199907,2.7,103.38
CT,199908,2.3,103.38
CT,199909,2.2,103.38
CT,199910,2.1,105.42
CT,199911,2.1,105.42
CT,199912,1.8,105.42
CT,200001,2.8,107.62
CT,200002,2.9,107.62
CT,200003,2.4,107.62
CT,200004,1.9,110.34
CT,200005,2.1,110.34
CT,200006,2.2,110.34
CT,200007,2.4,113.26
CT,200008,2.1,113.26
CT,200009,1.8,113.26
CT,200010,1.6,114.66
CT,200011,1.7,114.66
CT,200012,1.6,114.66
CT,200101,2.9,117.4
CT,200102,3.0,117.4
CT,200103,2.9,117.4
CT,200104,2.5,120.34
CT,200105,2.7,120.34
CT,200106,3.0,120.34
CT,200107,3.3,123.29
CT,200108,3.2,123.29
CT,200109,2.8,123.29
CT,200110,2.9,126.74
CT,200111,3.0,126.74
CT,200112,2.9,126.74
CT,200201,4.2,129.32
CT,200202,4.2,129.32
CT,200203,4.0,129.32
CT,200204,3.9,132.49
CT,200205,4.0,132.49
CT,200206,4.4,132.49
CT,200207,4.7,136.75
CT,200208,4.6,136.75
CT,200209,4.4,136.75
CT,200210,4.4,140.63
CT,200211,4.7,140.63
CT,200212,4.7,140.63
CT,200301,5.8,145.35
CT,200302,5.9,145.35
CT,200303,5.7,145.35
CT,200304,5.3,148.8
CT,200305,5.4,148.8
CT,200306,5.8,148.8
CT,200307,5.8,151.3
CT,200308,5.6,151.3
CT,200309,5.3,151.3
CT,200310,5.1,155.14
CT,200311,5.1,155.14
CT,200312,4.7,155.14
CT,200401,5.8,159.1
CT,200402,5.7,159.1
CT,200403,5.6,159.1
CT,200404,4.8,162.95
CT,200405,5.1,162.95
CT,200406,5.2,162.95
CT,200407,5.3,168.23
CT,200408,5.0,168.23
CT,200409,4.6,168.23
CT,200410,4.5,173.76
CT,200411,4.6,173.76
CT,200412,4.3,173.76
CT,200501,5.5,177.78
CT,200502,5.6,177.78
CT,200503,5.2,177.78
CT,200504,4.7,182.34
CT,200505,4.9,182.34
CT,200506,5.0,182.34
CT,200507,5.1,186.37
CT,200508,4.7,186.37
CT,200509,4.6,186.37
CT,200510,4.4,189.96
CT,200511,4.5,189.96
CT,200512,4.1,189.96
CT,200601,5.0,193.49
CT,200602,5.1,193.49
CT,200603,4.6,193.49
CT,200604,4.1,195.86
CT,200605,4.3,195.86
CT,200606,4.4,195.86
CT,200607,4.8,196.08
CT,200608,4.5,196.08
CT,200609,4.2,196.08
CT,200610,3.9,193.46
CT,200611,4.1,193.46
CT,200612,3.9,193.46
CT,200701,5.0,193.9
CT,200702,5.0,193.9
CT,200703,4.5,193.9
CT,200704,4.1,196.63
CT,200705,4.4,196.63
CT,200706,4.5,196.63
CT,200707,4.8,194.74
CT,200708,4.5,194.74
CT,200709,4.4,194.74
CT,200710,4.3,194.29
CT,200711,4.4,194.29
CT,200712,4.5,194.29
CT,200801,5.5,192.07
CT,200802,5.4,192.07
CT,200803,5.3,192.07
CT,200804,4.6,188.72
CT,200805,5.4,188.72
CT,200806,5.5,188.72
CT,200807,6.0,185.56
CT,200808,6.0,185.56
CT,200809,5.7,185.56
CT,200810,5.8,181.83
CT,200811,5.9,181.83
CT,200812,6.3,181.83
CT,200901,7.7,178.39
CT,200902,8.1,178.39
CT,200903,8.0,178.39
CT,200904,7.6,175.97
CT,200905,8.0,175.97
CT,200906,8.2,175.97
CT,200907,8.6,172.63
CT,200908,8.6,172.63
CT,200909,8.5,172.63
CT,200910,8.5,172.02
CT,200911,8.4,172.02
CT,200912,8.7,172.02
CT,201001,10.1,171.06
CT,201002,10.2,171.06
CT,201003,9.9,171.06
CT,201004,9.3,169.23
CT,201005,9.4,169.23
CT,201006,9.3,169.23
CT,201007,9.7,168.36
CT,201008,9.6,168.36
CT,201009,9.2,168.36
CT,201010,9.2,165.73
CT,201011,9.3,165.73
CT,201012,9.1,165.73
CT,201101,10.1,164.22
CT,201102,10.0,164.22
CT,201103,9.5,164.22
CT,201104,8.8,163.19
CT,201105,9.1,163.19
CT,201106,9.2,163.19
CT,201107,9.3,163.06
CT,201108,9.1,163.06
CT,201109,8.7,163.06
CT,201110,8.5,160.48
CT,201111,8.0,160.48
CT,201112,7.9,160.48
CT,201201,8.9,159.78
CT,201202,8.9,159.78
CT,201203,8.5,159.78
CT,201204,7.9,158.24
CT,201205,8.3,158.24
CT,201206,8.5,158.24
CT,201207,9.0,157.47
CT,201208,8.8,157.47
CT,201209,8.1,157.47
CT,201210,8.1,158.33
CT,201211,7.8,158.33
CT,201212,7.8,158.33
CT,201301,9.0,158.43
CT,201302,8.8,158.43
CT,201303,8.3,158.43
CT,201304,7.7,158.51
CT,201305,8.1,158.51
CT,201306,8.2,158.51
CT,201307,8.4,159.72
CT,201308,8.0,159.72
CT,201309,7.6,159.72
CT,201310,7.6,160.46
CT,201311,7.0,160.46
CT,201312,6.7,160.46
CT,201401,7.6,159.82
CT,201402,7.7,159.82
CT,201403,7.4,159.82
CT,201404,6.3,161.37
CT,201405,6.6,161.37
CT,201406,6.5,161.37
CT,201407,7.1,159.46
CT,201408,6.8,159.46
CT,201409,6.2,159.46
CT,201410,6.0,159.99
CT,201411,5.8,159.99
CT,201412,5.4,159.99
CT,201501,6.5,159.57
CT,201502,6.4,159.57
CT,201503,6.0,159.57
CT,201504,5.4,160.85
CT,201505,5.7,160.85
CT,201506,5.6,160.85
CT,201507,5.9,161.6
CT,201508,5.6,161.6
CT,201509,5.2,161.6
CT,201510,5.2,160.9
CT,201511,5.0,160.9
CT,201512,4.9,160.9
CT,201601,5.7,161.51
CT,201602,5.7,161.51
CT,201603,5.4,161.51
CT,201604,4.8,161.29
CT,201605,4.8,161.29
CT,201606,5.0,161.29
CT,201607,5.1,161.75
CT,201608,4.9,161.75
CT,201609,4.5,161.75
CT,201610,4.4,161.8
CT,201611,3.9,161.8
CT,201612,4.0,161.8
CT,201701,5.2,163.26
CT,201702,5.2,163.26
CT,201703,4.7,163.26
CT,201704,4.3,163.76
CT,201705,4.4,163.76
CT,201706,4.4,163.76
CT,201707,4.7,164.84
CT,201708,4.5,164.84
CT,201709,4.0,164.84
CT,201710,4.0,166.64
CT,201711,3.8,166.64
CT,201712,3.7,166.64
CT,201801,4.8,166.99
CT,201802,4.8,166.99
CT,201803,4.3,166.99
CT,201804,3.8,168.07
CT,201805,3.8,168.07
CT,201806,4.0,168.07
CT,201807,4.2,168.36
CT,201808,3.9,168.36
CT,201809,3.4,168.36
CT,201810,3.4,169.61
CT,201811,3.0,169.61
CT,201812,3.2,169.61
CT,201901,4.4,170.7
CT,201902,4.1,170.7
CT,201903,3.9,170.7
CT,201904,3.1,171.57
CT,201905,3.5,171.57
CT,201906,3.5,171.57
CT,201907,3.9,172.6
CT,201908,3.7,172.6
CT,201909,3.3,172.6
CT,201910,3.3,173.84
CT,201911,3.1,173.84
CT,201912,3.1,173.84
CT,202001,4.3,174.82
CT,202002,4.2,174.82
CT,202003,4.7,174.82
CT,202004,7.8,178.05
CT,202005,12.1,178.05
CT,202006,11.4,178.05
CT,202007,12.1,178.71
CT,202008,9.4,178.71
CT,202009,8.5,178.71
CT,202010,7.4,188.01
CT,202011,7.0,188.01
CT,202012,6.9,188.01
CT,202101,7.8,198.96
CT,202102,7.9,198.96
CT,202103,7.4,198.96
CT,202104,7.0,207.22
CT,202105,7.0,207.22
CT,202106,7.1,207.22
CT,202107,7.0,213.92
CT,202108,6.4,213.92
CT,202109,5.6,213.92
CT,202110,5.4,220.9
CT,202111,4.7,220.9
CT,202112,4.4,220.9
CT,202201,5.4,226.45
CT,202202,5.2,226.45
CT,202203,4.5,226.45
CT,202204,4.0,235.57
CT,202205,4.2,235.57
CT,202206,4.1,235.57
CT,202207,4.2,242.84
CT,202208,4.0,242.84
CT,202209,3.4,242.84
CT,202210,3.5,244.54
CT,202211,3.2,244.54
CT,202212,2.9,244.54
CT,202301,3.9,247.13
CT,202302,4.0,247.13
CT,202303,3.4,247.13
CT,202304,2.6,253.82
CT,202305,3.1,253.82
CT,202306,3.1,253.82
CT,202307,3.3,261.5
CT,202308,3.3,261.5
CT,202309,2.9,261.5
CT,202310,3.1,268.8
CT,202311,2.9,268.8
CT,202312,2.9,268.8
CT,202401,3.7,276.93
CT,202402,3.8,276.93
CT,202403,3.3,276.93
CT,202404,2.7,279.78
CT,202405,3.1,279.78
CT,202406,3.0,279.78
CT,202407,3.6,283.85
CT,202408,3.4,283.85
CT,202409,2.8,283.85
CT,202410,2.9,291.77
CT,202411,2.9,291.77
CT,202412,2.7,291.77
CT,202501,4.0,299.98
CT,202502,4.5,299.98
CT,202503,4.1,299.98
DE,199901,3.7,105.69
DE,199902,3.7,105.69
DE,199903,3.4,105.69
DE,199904,3.2,107.37
DE,199905,2.8,107.37
DE,199906,3.5,107.37
DE,199907,3.5,109.61
DE,199908,3.3,109.61
DE,199909,3.1,109.61
DE,199910,3.1,111.0
DE,199911,2.8,111.0
DE,199912,2.8,111.0
DE,200001,3.8,112.69
DE,200002,3.8,112.69
DE,200003,3.6,112.69
DE,200004,3.3,114.38
DE,200005,3.2,114.38
DE,200006,3.7,114.38
DE,200007,3.7,116.08
DE,200008,3.7,116.08
DE,200009,3.3,116.08
DE,200010,3.1,118.1
DE,200011,3.0,118.1
DE,200012,3.2,118.1
DE,200101,4.3,121.19
DE,200102,4.0,121.19
DE,200103,3.7,121.19
DE,200104,3.3,123.78
DE,200105,2.8,123.78
DE,200106,3.5,123.78
DE,200107,3.3,125.51
DE,200108,3.5,125.51
DE,200109,3.2,125.51
DE,200110,3.3,127.26
DE,200111,3.2,127.26
DE,200112,3.5,127.26
DE,200201,4.7,131.26
DE,200202,4.5,131.26
DE,200203,4.5,131.26
DE,200204,4.4,133.08
DE,200205,3.8,133.08
DE,200206,4.4,133.08
DE,200207,4.1,136.96
DE,200208,4.0,136.96
DE,200209,3.7,136.96
DE,200210,3.6,141.25
DE,200211,3.6,141.25
DE,200212,3.7,141.25
DE,200301,4.8,144.35
DE,200302,4.9,144.35
DE,200303,4.8,144.35
DE,200304,4.4,147.36
DE,200305,3.9,147.36
DE,200306,4.7,147.36
DE,200307,4.5,151.48
DE,200308,4.5,151.48
DE,200309,4.0,151.48
DE,200310,3.7,154.4
DE,200311,3.5,154.4
DE,200312,3.5,154.4
DE,200401,4.4,159.41
DE,200402,4.3,159.41
DE,200403,4.3,159.41
DE,200404,3.9,165.21
DE,200405,3.5,165.21
DE,200406,4.3,165.21
DE,200407,4.2,169.72
DE,200408,4.1,169.72
DE,200409,3.9,169.72
DE,200410,3.8,178.94
DE,200411,3.6,178.94
DE,200412,3.8,178.94
DE,200501,4.7,183.59
DE,200502,4.6,183.59
DE,200503,4.3,183.59
DE,200504,3.9,188.75
DE,200505,3.8,188.75
DE,200506,4.5,188.75
DE,200507,4.3,196.54
DE,200508,4.1,196.54
DE,200509,4.0,196.54
DE,200510,3.9,201.59
DE,200511,3.7,201.59
DE,200512,3.7,201.59
DE,200601,4.2,208.16
DE,200602,4.2,208.16
DE,200603,3.8,208.16
DE,200604,3.6,213.92
DE,200605,3.3,213.92
DE,200606,3.8,213.92
DE,200607,3.8,214.37
DE,200608,3.7,214.37
DE,200609,3.4,214.37
DE,200610,3.1,217.28
DE,200611,2.9,217.28
DE,200612,2.9,217.28
DE,200701,3.8,221.14
DE,200702,3.8,221.14
DE,200703,3.6,221.14
DE,200704,3.4,217.54
DE,200705,2.9,217.54
DE,200706,3.5,217.54
DE,200707,3.5,217.91
DE,200708,3.3,217.91
DE,200709,3.1,217.91
DE,200710,3.3,220.5
DE,200711,3.1,220.5
DE,200712,3.4,220.5
DE,200801,4.3,214.34
DE,200802,4.2,214.34
DE,200803,4.1,214.34
DE,200804,3.8,211.7
DE,200805,4.0,211.7
DE,200806,4.7,211.7
DE,200807,5.0,207.51
DE,200808,5.4,207.51
DE,200809,5.2,207.51
DE,200810,5.5,202.26
DE,200811,5.5,202.26
DE,200812,6.2,202.26
DE,200901,7.8,197.46
DE,200902,8.2,197.46
DE,200903,8.2,197.46
DE,200904,7.8,198.92
DE,200905,7.9,198.92
DE,200906,8.6,198.92
DE,200907,8.4,202.61
DE,200908,8.3,202.61
DE,200909,8.2,202.61
DE,200910,8.3,192.06
DE,200911,8.0,192.06
DE,200912,8.4,192.06
DE,201001,9.4,188.96
DE,201002,9.4,188.96
DE,201003,9.0,188.96
DE,201004,8.3,188.43
DE,201005,7.9,188.43
DE,201006,8.4,188.43
DE,201007,8.4,184.59
DE,201008,8.3,184.59
DE,201009,7.9,184.59
DE,201010,7.7,182.84
DE,201011,7.6,182.84
DE,201012,7.5,182.84
DE,201101,8.3,185.08
DE,201102,8.1,185.08
DE,201103,7.7,185.08
DE,201104,7.2,179.25
DE,201105,7.0,179.25
DE,201106,7.8,179.25
DE,201107,7.7,172.8
DE,201108,7.6,172.8
DE,201109,7.3,172.8
DE,201110,7.1,169.5
DE,201111,6.6,169.5
DE,201112,6.7,169.5
DE,201201,7.4,174.68
DE,201202,7.4,174.68
DE,201203,7.2,174.68
DE,201204,6.7,168.47
DE,201205,6.6,168.47
DE,201206,7.3,168.47
DE,201207,7.4,171.35
DE,201208,7.3,171.35
DE,201209,6.7,171.35
DE,201210,6.7,175.13
DE,201211,6.2,175.13
DE,201212,6.6,175.13
DE,201301,7.6,175.05
DE,201302,7.3,175.05
DE,201303,6.9,175.05
DE,201304,6.4,177.96
DE,201305,6.3,177.96
DE,201306,7.0,177.96
DE,201307,6.8,178.83
DE,201308,6.6,178.83
DE,201309,6.2,178.83
DE,201310,6.1,180.15
DE,201311,5.6,180.15
DE,201312,5.6,180.15
DE,201401,6.4,180.16
DE,201402,6.4,180.16
DE,201403,6.3,180.16
DE,201404,5.5,176.58
DE,201405,5.5,176.58
DE,201406,5.9,176.58
DE,201407,6.0,182.43
DE,201408,5.9,182.43
DE,201409,5.3,182.43
DE,201410,5.1,180.16
DE,201411,4.6,180.16
DE,201412,4.5,180.16
DE,201501,5.5,177.88
DE,201502,5.3,177.88
DE,201503,5.0,177.88
DE,201504,4.7,182.85
DE,201505,4.7,182.85
DE,201506,5.1,182.85
DE,201507,5.1,182.81
DE,201508,4.9,182.81
DE,201509,4.6,182.81
DE,201510,4.6,185.22
DE,201511,4.2,185.22
DE,201512,4.2,185.22
DE,201601,4.9,187.39
DE,201602,4.7,187.39
DE,201603,4.7,187.39
DE,201604,4.3,187.72
DE,201605,4.1,187.72
DE,201606,4.8,187.72
DE,201607,4.8,189.42
DE,201608,4.7,189.42
DE,201609,4.5,189.42
DE,201610,4.5,190.31
DE,201611,4.0,190.31
DE,201612,4.2,190.31
DE,201701,5.1,190.12
DE,201702,5.0,190.12
DE,201703,4.7,190.12
DE,201704,4.3,190.2
DE,201705,4.1,190.2
DE,201706,4.7,190.2
DE,201707,4.7,191.87
DE,201708,4.7,191.87
DE,201709,4.1,191.87
DE,201710,4.0,194.95
DE,201711,3.8,194.95
DE,201712,3.8,194.95
DE,201801,4.5,194.5
DE,201802,4.3,194.5
DE,201803,4.1,194.5
DE,201804,3.7,203.95
DE,201805,3.3,203.95
DE,201806,4.1,203.95
DE,201807,3.9,203.33
DE,201808,3.8,203.33
DE,201809,3.3,203.33
DE,201810,3.2,201.96
DE,201811,2.9,201.96
DE,201812,3.1,201.96
DE,201901,4.1,202.22
DE,201902,3.8,202.22
DE,201903,3.7,202.22
DE,201904,3.3,198.65
DE,201905,3.2,198.65
DE,201906,3.8,198.65
DE,201907,4.0,209.05
DE,201908,4.0,209.05
DE,201909,3.4,209.05
DE,201910,3.4,213.14
DE,201911,3.1,213.14
DE,201912,3.1,213.14
DE,202001,3.9,216.68
DE,202002,3.6,216.68
DE,202003,5.6,216.68
DE,202004,12.7,216.2
DE,202005,13.4,216.2
DE,202006,12.9,216.2
DE,202007,8.0,219.26
DE,202008,7.4,219.26
DE,202009,7.7,219.26
DE,202010,4.8,226.39
DE,202011,4.7,226.39
DE,202012,5.2,226.39
DE,202101,6.2,235.28
DE,202102,6.2,235.28
DE,202103,6.1,235.28
DE,202104,5.9,246.2
DE,202105,5.4,246.2
DE,202106,6.2,246.2
DE,202107,5.9,253.13
DE,202108,5.6,253.13
DE,202109,4.9,253.13
DE,202110,4.7,260.8
DE,202111,4.2,260.8
DE,202112,4.0,260.8
DE,202201,5.1,270.36
DE,202202,4.7,270.36
DE,202203,4.4,270.36
DE,202204,4.1,282.53
DE,202205,3.9,282.53
DE,202206,4.5,282.53
DE,202207,4.3,293.93
DE,202208,4.4,293.93
DE,202209,3.8,293.93
DE,202210,4.0,286.24
DE,202211,3.7,286.24
DE,202212,3.5,286.24
DE,202301,4.2,304.71
DE,202302,4.2,304.71
DE,202303,4.0,304.71
DE,202304,3.5,295.88
DE,202305,3.6,295.88
DE,202306,4.1,295.88
DE,202307,3.9,302.46
DE,202308,4.2,302.46
DE,202309,3.7,302.46
DE,202310,3.8,309.86
DE,202311,3.4,309.86
DE,202312,3.4,309.86
DE,202401,4.0,319.85
DE,202402,4.0,319.85
DE,202403,3.8,319.85
DE,202404,3.5,330.94
DE,202405,3.4,330.94
DE,202406,4.1,330.94
DE,202407,4.2,331.07
DE,202408,4.1,331.07
DE,202409,3.4,331.07
DE,202410,3.4,335.42
DE,202411,3.2,335.42
DE,202412,3.1,335.42
DE,202501,4.0,335.33
DE,202502,4.1,335.33
DE,202503,4.1,335.33
DC,199901,7.5,104.68
DC,199902,7.5,104.68
DC,199903,6.9,104.68
DC,199904,6.4,105.68
DC,199905,6.3,105.68
DC,199906,6.9,105.68
DC,199907,6.9,107.08
DC,199908,6.6,107.08
DC,199909,6.5,107.08
DC,199910,5.9,113.66
DC,199911,5.7,113.66
DC,199912,5.4,113.66
DC,200001,6.0,114.11
DC,200002,6.0,114.11
DC,200003,5.8,114.11
DC,200004,4.9,124.22
DC,200005,5.4,124.22
DC,200006,5.8,124.22
DC,200007,6.0,124.75
DC,200008,6.0,124.75
DC,200009,5.8,124.75
DC,200010,5.6,127.95
DC,200011,5.5,127.95
DC,200012,5.4,127.95
DC,200101,6.2,129.61
DC,200102,6.1,129.61
DC,200103,6.1,129.61
DC,200104,5.5,137.92
DC,200105,5.6,137.92
DC,200106,6.6,137.92
DC,200107,6.4,142.19
DC,200108,6.8,142.19
DC,200109,6.6,142.19
DC,200110,6.7,149.79
DC,200111,6.7,149.79
DC,200112,6.3,149.79
DC,200201,7.1,155.26
DC,200202,7.0,155.26
DC,200203,6.8,155.26
DC,200204,6.1,162.9
DC,200205,6.3,162.9
DC,200206,7.0,162.9
DC,200207,6.9,171.87
DC,200208,6.7,171.87
DC,200209,6.4,171.87
DC,200210,6.3,176.41
DC,200211,6.4,176.41
DC,200212,6.3,176.41
DC,200301,6.9,185.83
DC,200302,7.0,185.83
DC,200303,6.6,185.83
DC,200304,6.2,182.71
DC,200305,6.4,182.71
DC,200306,7.6,182.71
DC,200307,7.3,199.75
DC,200308,7.2,199.75
DC,200309,6.8,199.75
DC,200310,6.7,207.17
DC,200311,6.7,207.17
DC,200312,6.4,207.17
DC,200401,7.2,212.03
DC,200402,7.2,212.03
DC,200403,7.4,212.03
DC,200404,6.8,233.38
DC,200405,7.1,233.38
DC,200406,8.1,233.38
DC,200407,8.2,238.97
DC,200408,7.9,238.97
DC,200409,7.7,238.97
DC,200410,7.7,243.31
DC,200411,7.6,243.31
DC,200412,7.4,243.31
DC,200501,7.5,267.31
DC,200502,7.5,267.31
DC,200503,7.0,267.31
DC,200504,6.3,277.23
DC,200505,6.5,277.23
DC,200506,6.9,277.23
DC,200507,6.5,302.73
DC,200508,6.1,302.73
DC,200509,6.1,302.73
DC,200510,5.8,315.57
DC,200511,5.8,315.57
DC,200512,5.5,315.57
DC,200601,5.8,313.48
DC,200602,5.9,313.48
DC,200603,5.7,313.48
DC,200604,5.4,314.35
DC,200605,5.5,314.35
DC,200606,6.1,314.35
DC,200607,6.4,313.44
DC,200608,6.2,313.44
DC,200609,6.0,313.44
DC,200610,5.5,322.65
DC,200611,5.6,322.65
DC,200612,5.5,322.65
DC,200701,6.0,327.54
DC,200702,5.8,327.54
DC,200703,5.4,327.54
DC,200704,4.9,327.55
DC,200705,5.1,327.55
DC,200706,5.9,327.55
DC,200707,5.9,331.62
DC,200708,5.7,331.62
DC,200709,5.7,331.62
DC,200710,5.4,329.02
DC,200711,5.3,329.02
DC,200712,5.5,329.02
DC,200801,6.1,321.04
DC,200802,5.8,321.04
DC,200803,5.8,321.04
DC,200804,5.1,323.74
DC,200805,5.9,323.74
DC,200806,6.6,323.74
DC,200807,6.9,310.63
DC,200808,7.0,310.63
DC,200809,6.9,310.63
DC,200810,7.0,313.34
DC,200811,7.3,313.34
DC,200812,7.7,313.34
DC,200901,8.6,305.69
DC,200902,8.9,305.69
DC,200903,8.9,305.69
DC,200904,8.5,291.33
DC,200905,9.2,291.33
DC,200906,10.0,291.33
DC,200907,10.0,299.7
DC,200908,10.2,299.7
DC,200909,10.3,299.7
DC,200910,10.2,298.38
DC,200911,10.0,298.38
DC,200912,9.9,298.38
DC,201001,10.6,312.08
DC,201002,10.4,312.08
DC,201003,10.0,312.08
DC,201004,9.1,314.75
DC,201005,9.1,314.75
DC,201006,9.8,314.75
DC,201007,10.0,302.54
DC,201008,10.0,302.54
DC,201009,9.7,302.54
DC,201010,9.6,313.35
DC,201011,9.7,313.35
DC,201012,9.5,313.35
DC,201101,10.1,310.68
DC,201102,10.0,310.68
DC,201103,9.9,310.68
DC,201104,9.4,308.19
DC,201105,9.8,308.19
DC,201106,10.9,308.19
DC,201107,10.8,328.37
DC,201108,10.6,328.37
DC,201109,10.4,328.37
DC,201110,10.0,313.74
DC,201111,9.6,313.74
DC,201112,9.5,313.74
DC,201201,9.8,325.97
DC,201202,9.7,325.97
DC,201203,9.3,325.97
DC,201204,8.3,331.36
DC,201205,8.6,331.36
DC,201206,9.3,331.36
DC,201207,9.4,334.58
DC,201208,9.2,334.58
DC,201209,8.6,334.58
DC,201210,8.5,348.48
DC,201211,8.2,348.48
DC,201212,8.5,348.48
DC,201301,9.2,350.26
DC,201302,8.7,350.26
DC,201303,8.4,350.26
DC,201304,7.8,371.1
DC,201305,8.1,371.1
DC,201306,9.0,371.1
DC,201307,8.9,378.48
DC,201308,8.8,378.48
DC,201309,8.5,378.48
DC,201310,8.7,397.89
DC,201311,7.7,397.89
DC,201312,7.5,397.89
DC,201401,8.0,384.14
DC,201402,8.2,384.14
DC,201403,8.0,384.14
DC,201404,7.0,414.61
DC,201405,7.4,414.61
DC,201406,7.9,414.61
DC,201407,8.4,406.49
DC,201408,8.3,406.49
DC,201409,7.7,406.49
DC,201410,7.4,401.35
DC,201411,7.2,401.35
DC,201412,7.1,401.35
DC,201501,7.7,418.73
DC,201502,7.4,418.73
DC,201503,7.0,418.73
DC,201504,6.4,419.92
DC,201505,6.9,419.92
DC,201506,7.2,419.92
DC,201507,7.3,431.79
DC,201508,7.1,431.79
DC,201509,6.7,431.79
DC,201510,6.6,450.3
DC,201511,6.4,450.3
DC,201512,6.2,450.3
DC,201601,6.5,441.73
DC,201602,6.4,441.73
DC,201603,6.2,441.73
DC,201604,5.5,436.48
DC,201605,5.5,436.48
DC,201606,6.5,436.48
DC,201607,6.6,461.58
DC,201608,6.7,461.58
DC,201609,6.5,461.58
DC,201610,6.2,455.37
DC,201611,5.9,455.37
DC,201612,5.9,455.37
DC,201701,6.6,472.94
DC,201702,6.5,472.94
DC,201703,6.1,472.94
DC,201704,5.6,477.59
DC,201705,5.8,477.59
DC,201706,6.5,477.59
DC,201707,6.7,477.82
DC,201708,6.6,477.82
DC,201709,6.1,477.82
DC,201710,5.9,490.51
DC,201711,5.6,490.51
DC,201712,5.5,490.51
DC,201801,6.1,501.11
DC,201802,6.0,501.11
DC,201803,5.9,501.11
DC,201804,5.2,513.39
DC,201805,5.2,513.39
DC,201806,6.2,513.39
DC,201807,6.1,519.79
DC,201808,6.0,519.79
DC,201809,5.5,519.79
DC,201810,5.4,503.86
DC,201811,5.2,503.86
DC,201812,5.5,503.86
DC,201901,6.6,534.06
DC,201902,6.0,534.06
DC,201903,5.8,534.06
DC,201904,4.9,514.3
DC,201905,5.3,514.3
DC,201906,5.9,514.3
DC,201907,6.0,522.65
DC,201908,5.8,522.65
DC,201909,5.2,522.65
DC,201910,5.2,532.4
DC,201911,4.9,532.4
DC,201912,5.0,532.4
DC,202001,5.5,561.29
DC,202002,5.3,561.29
DC,202003,6.5,561.29
DC,202004,10.5,555.93
DC,202005,8.8,555.93
DC,202006,8.9,555.93
DC,202007,9.3,541.85
DC,202008,8.6,541.85
DC,202009,9.0,541.85
DC,202010,8.4,575.39
DC,202011,8.2,575.39
DC,202012,7.3,575.39
DC,202101,6.6,580.89
DC,202102,7.0,580.89
DC,202103,6.9,580.89
DC,202104,6.6,604.15
DC,202105,6.7,604.15
DC,202106,8.0,604.15
DC,202107,7.6,621.18
DC,202108,7.4,621.18
DC,202109,6.8,621.18
DC,202110,6.4,619.92
DC,202111,6.2,619.92
DC,202112,5.2,619.92
DC,202201,6.2,624.2
DC,202202,5.5,624.2
DC,202203,5.1,624.2
DC,202204,4.2,639.47
DC,202205,4.4,639.47
DC,202206,4.9,639.47
DC,202207,4.7,640.59
DC,202208,4.6,640.59
DC,202209,4.2,640.59
DC,202210,4.4,628.78
DC,202211,4.2,628.78
DC,202212,4.1,628.78
DC,202301,4.8,606.87
DC,202302,5.0,606.87
DC,202303,4.9,606.87
DC,202304,4.0,621.06
DC,202305,4.6,621.06
DC,202306,5.2,621.06
DC,202307,5.1,602.57
DC,202308,5.3,602.57
DC,202309,5.0,602.57
DC,202310,5.0,621.55
DC,202311,4.6,621.55
DC,202312,4.7,621.55
DC,202401,5.1,609.32
DC,202402,5.3,609.32
DC,202403,5.0,609.32
DC,202404,4.5,613.4
DC,202405,5.0,613.4
DC,202406,5.7,613.4
DC,202407,6.0,637.59
DC,202408,6.0,637.59
DC,202409,5.2,637.59
DC,202410,5.2,610.51
DC,202411,5.0,610.51
DC,202412,4.9,610.51
DC,202501,5.6,632.18
DC,202502,5.8,632.18
DC,202503,6.0,632.18
FL,199901,4.2,120.71
FL,199902,4.0,120.71
FL,199903,3.8,120.71
FL,199904,3.8,122.35
FL,199905,3.7,122.35
FL,199906,4.1,122.35
FL,199907,4.3,124.33
FL,199908,4.2,124.33
FL,199909,4.2,124.33
FL,199910,3.9,125.88
FL,199911,3.8,125.88
FL,199912,3.4,125.88
FL,200001,3.8,128.0
FL,200002,3.6,128.0
FL,200003,3.6,128.0
FL,200004,3.4,130.45
FL,200005,3.6,130.45
FL,200006,4.0,130.45
FL,200007,4.1,132.73
FL,200008,4.1,132.73
FL,200009,3.9,132.73
FL,200010,3.7,135.54
FL,200011,3.7,135.54
FL,200012,3.4,135.54
FL,200101,4.1,138.76
FL,200102,3.9,138.76
FL,200103,4.0,138.76
FL,200104,4.1,142.22
FL,200105,4.0,142.22
FL,200106,4.7,142.22
FL,200107,4.8,145.97
FL,200108,5.1,145.97
FL,200109,5.1,145.97
FL,200110,5.5,150.08
FL,200111,5.7,150.08
FL,200112,5.5,150.08
FL,200201,5.9,154.17
FL,200202,5.6,154.17
FL,200203,5.6,154.17
FL,200204,5.5,157.94
FL,200205,5.4,157.94
FL,200206,5.9,157.94
FL,200207,5.9,162.75
FL,200208,5.9,162.75
FL,200209,5.6,162.75
FL,200210,5.5,167.17
FL,200211,5.6,167.17
FL,200212,5.3,167.17
FL,200301,5.7,172.34
FL,200302,5.3,172.34
FL,200303,5.2,172.34
FL,200304,5.1,178.02
FL,200305,5.1,178.02
FL,200306,5.8,178.02
FL,200307,5.6,183.01
FL,200308,5.5,183.01
FL,200309,5.4,183.01
FL,200310,5.1,188.75
FL,200311,5.0,188.75
FL,200312,4.5,188.75
FL,200401,5.0,196.22
FL,200402,4.6,196.22
FL,200403,4.7,196.22
FL,200404,4.4,204.05
FL,200405,4.4,204.05
FL,200406,5.0,204.05
FL,200407,4.9,214.21
FL,200408,4.7,214.21
FL,200409,4.6,214.21
FL,200410,4.5,225.6
FL,200411,4.4,225.6
FL,200412,4.1,225.6
FL,200501,4.3,237.59
FL,200502,4.1,237.59
FL,200503,3.8,237.59
FL,200504,3.7,252.77
FL,200505,3.6,252.77
FL,200506,4.0,252.77
FL,200507,3.9,269.54
FL,200508,3.7,269.54
FL,200509,3.7,269.54
FL,200510,3.4,286.99
FL,200511,3.5,286.99
FL,200512,3.0,286.99
FL,200601,3.3,298.81
FL,200602,3.2,298.81
FL,200603,3.0,298.81
FL,200604,3.0,306.5
FL,200605,3.0,306.5
FL,200606,3.5,306.5
FL,200607,3.7,309.12
FL,200608,3.5,309.12
FL,200609,3.5,309.12
FL,200610,3.3,308.54
FL,200611,3.4,308.54
FL,200612,3.2,308.54
FL,200701,3.7,307.78
FL,200702,3.4,307.78
FL,200703,3.4,307.78
FL,200704,3.4,305.58
FL,200705,3.5,305.58
FL,200706,4.1,305.58
FL,200707,4.4,300.92
FL,200708,4.3,300.92
FL,200709,4.4,300.92
FL,200710,4.4,286.69
FL,200711,4.5,286.69
FL,200712,4.6,286.69
FL,200801,5.0,274.94
FL,200802,4.9,274.94
FL,200803,5.1,274.94
FL,200804,5.0,255.73
FL,200805,5.6,255.73
FL,200806,6.3,255.73
FL,200807,6.8,234.64
FL,200808,7.1,234.64
FL,200809,7.1,234.64
FL,200810,7.3,216.34
FL,200811,7.5,216.34
FL,200812,7.8,216.34
FL,200901,8.8,202.36
FL,200902,9.0,202.36
FL,200903,9.2,202.36
FL,200904,9.1,192.56
FL,200905,9.9,192.56
FL,200906,10.7,192.56
FL,200907,10.9,187.96
FL,200908,10.9,187.96
FL,200909,11.1,187.96
FL,200910,11.1,184.93
FL,200911,11.0,184.93
FL,200912,11.1,184.93
FL,201001,11.7,184.18
FL,201002,11.4,184.18
FL,201003,11.3,184.18
FL,201004,11.0,182.48
FL,201005,10.9,182.48
FL,201006,11.2,182.48
FL,201007,11.6,179.12
FL,201008,11.5,179.12
FL,201009,11.3,179.12
FL,201010,11.1,175.01
FL,201011,11.3,175.01
FL,201012,10.8,175.01
FL,201101,11.1,171.57
FL,201102,10.6,171.57
FL,201103,10.4,171.57
FL,201104,10.1,165.12
FL,201105,10.1,165.12
FL,201106,10.6,165.12
FL,201107,10.6,165.53
FL,201108,10.3,165.53
FL,201109,10.1,165.53
FL,201110,9.7,167.53
FL,201111,9.4,167.53
FL,201112,9.1,167.53
FL,201201,9.3,168.78
FL,201202,9.0,168.78
FL,201203,8.8,168.78
FL,201204,8.4,172.0
FL,201205,8.6,172.0
FL,201206,9.1,172.0
FL,201207,9.2,176.13
FL,201208,8.9,176.13
FL,201209,8.4,176.13
FL,201210,8.3,179.86
FL,201211,8.0,179.86
FL,201212,7.9,179.86
FL,201301,8.4,183.23
FL,201302,7.8,183.23
FL,201303,7.5,183.23
FL,201304,7.2,189.27
FL,201305,7.4,189.27
FL,201306,7.9,189.27
FL,201307,7.9,195.34
FL,201308,7.7,195.34
FL,201309,7.5,195.34
FL,201310,7.4,200.71
FL,201311,7.0,200.71
FL,201312,6.6,200.71
FL,201401,6.9,205.5
FL,201402,6.8,205.5
FL,201403,6.8,205.5
FL,201404,6.2,207.61
FL,201405,6.4,207.61
FL,201406,6.6,207.61
FL,201407,6.9,210.94
FL,201408,6.7,210.94
FL,201409,6.4,210.94
FL,201410,6.1,214.42
FL,201411,6.0,214.42
FL,201412,5.6,214.42
FL,201501,6.1,219.87
FL,201502,5.7,219.87
FL,201503,5.5,219.87
FL,201504,5.3,225.54
FL,201505,5.6,225.54
FL,201506,5.7,225.54
FL,201507,5.9,229.97
FL,201508,5.6,229.97
FL,201509,5.4,229.97
FL,201510,5.3,235.11
FL,201511,5.2,235.11
FL,201512,4.9,235.11
FL,201601,5.1,240.79
FL,201602,4.8,240.79
FL,201603,4.8,240.79
FL,201604,4.7,245.89
FL,201605,4.6,245.89
FL,201606,5.1,245.89
FL,201607,5.2,251.63
FL,201608,5.1,251.63
FL,201609,5.1,251.63
FL,201610,5.0,258.48
FL,201611,4.7,258.48
FL,201612,4.5,258.48
FL,201701,4.9,263.32
FL,201702,4.5,263.32
FL,201703,4.3,263.32
FL,201704,4.0,268.41
FL,201705,4.1,268.41
FL,201706,4.4,268.41
FL,201707,4.5,274.21
FL,201708,4.5,274.21
FL,201709,4.2,274.21
FL,201710,4.0,278.91
FL,201711,4.0,278.91
FL,201712,3.8,278.91
FL,201801,4.1,284.46
FL,201802,3.8,284.46
FL,201803,3.7,284.46
FL,201804,3.5,290.26
FL,201805,3.4,290.26
FL,201806,3.9,290.26
FL,201807,3.9,295.96
FL,201808,3.8,295.96
FL,201809,3.5,295.96
FL,201810,3.5,300.76
FL,201811,3.4,300.76
FL,201812,3.3,300.76
FL,201901,3.7,304.49
FL,201902,3.3,304.49
FL,201903,3.3,304.49
FL,201904,3.0,309.46
FL,201905,3.1,309.46
FL,201906,3.5,309.46
FL,201907,3.6,312.12
FL,201908,3.5,312.12
FL,201909,3.2,312.12
FL,201910,3.1,316.38
FL,201911,3.0,316.38
FL,201912,2.7,316.38
FL,202001,3.1,323.58
FL,202002,2.8,323.58
FL,202003,4.3,323.58
FL,202004,12.9,331.49
FL,202005,14.2,331.49
FL,202006,11.8,331.49
FL,202007,12.0,334.84
FL,202008,8.7,334.84
FL,202009,8.1,334.84
FL,202010,6.8,344.51
FL,202011,6.3,344.51
FL,202012,6.0,344.51
FL,202101,5.9,362.17
FL,202102,5.4,362.17
FL,202103,5.2,362.17
FL,202104,5.0,376.63
FL,202105,4.8,376.63
FL,202106,5.3,376.63
FL,202107,5.0,399.52
FL,202108,4.7,399.52
FL,202109,4.3,399.52
FL,202110,3.9,428.34
FL,202111,3.7,428.34
FL,202112,3.2,428.34
FL,202201,3.7,455.82
FL,202202,3.3,455.82
FL,202203,3.0,455.82
FL,202204,2.8,485.34
FL,202205,2.8,485.34
FL,202206,3.2,485.34
FL,202207,3.1,512.22
FL,202208,3.1,512.22
FL,202209,2.9,512.22
FL,202210,3.0,518.88
FL,202211,2.9,518.88
FL,202212,2.5,518.88
FL,202301,2.9,518.31
FL,202302,2.7,518.31
FL,202303,2.7,518.31
FL,202304,2.5,523.45
FL,202305,2.8,523.45
FL,202306,3.1,523.45
FL,202307,3.1,531.45
FL,202308,3.3,531.45
FL,202309,3.2,531.45
FL,202310,3.2,544.7
FL,202311,3.0,544.7
FL,202312,2.9,544.7
FL,202401,3.2,553.66
FL,202402,3.1,553.66
FL,202403,3.1,553.66
FL,202404,2.9,555.89
FL,202405,3.1,555.89
FL,202406,3.6,555.89
FL,202407,3.8,557.26
FL,202408,3.8,557.26
FL,202409,3.5,557.26
FL,202410,3.5,553.06
FL,202411,3.5,553.06
FL,202412,3.2,553.06
FL,202501,3.7,565.57
FL,202502,3.7,565.57
FL,202503,3.5,565.57
GA,199901,4.2,132.4
GA,199902,4.3,132.4
GA,199903,3.9,132.4
GA,199904,3.6,134.89
GA,199905,3.6,134.89
GA,199906,4.1,134.89
GA,199907,4.1,136.94
GA,199908,4.0,136.94
GA,199909,3.8,136.94
GA,199910,3.6,139.75
GA,199911,3.4,139.75
GA,199912,3.4,139.75
GA,200001,3.8,141.77
GA,200002,3.7,141.77
GA,200003,3.6,141.77
GA,200004,3.2,143.94
GA,200005,3.6,143.94
GA,200006,3.9,143.94
GA,200007,3.7,146.75
GA,200008,3.8,146.75
GA,200009,3.4,146.75
GA,200010,3.2,148.48
GA,200011,3.0,148.48
GA,200012,3.1,148.48
GA,200101,3.7,150.83
GA,200102,3.6,150.83
GA,200103,3.7,150.83
GA,200104,3.4,152.83
GA,200105,3.4,152.83
GA,200106,4.1,152.83
GA,200107,4.0,154.91
GA,200108,4.3,154.91
GA,200109,4.1,154.91
GA,200110,4.4,156.46
GA,200111,4.5,156.46
GA,200112,4.6,156.46
GA,200201,5.2,158.11
GA,200202,5.0,158.11
GA,200203,5.0,158.11
GA,200204,4.8,160.41
GA,200205,4.9,160.41
GA,200206,5.4,160.41
GA,200207,5.2,161.06
GA,200208,5.1,161.06
GA,200209,4.8,161.06
GA,200210,4.8,162.92
GA,200211,4.8,162.92
GA,200212,4.8,162.92
GA,200301,5.2,165.18
GA,200302,5.0,165.18
GA,200303,4.9,165.18
GA,200304,4.6,167.07
GA,200305,4.9,167.07
GA,200306,5.6,167.07
GA,200307,5.1,167.71
GA,200308,4.9,167.71
GA,200309,4.6,167.71
GA,200310,4.4,169.29
GA,200311,4.3,169.29
GA,200312,4.1,169.29
GA,200401,4.7,170.08
GA,200402,4.4,170.08
GA,200403,4.4,170.08
GA,200404,4.1,171.76
GA,200405,4.5,171.76
GA,200406,5.2,171.76
GA,200407,5.0,173.68
GA,200408,5.0,173.68
GA,200409,4.8,173.68
GA,200410,5.0,175.98
GA,200411,5.0,175.98
GA,200412,5.1,175.98
GA,200501,5.4,178.19
GA,200502,5.6,178.19
GA,200503,5.3,178.19
GA,200504,5.1,180.67
GA,200505,5.3,180.67
GA,200506,5.7,180.67
GA,200507,5.5,183.4
GA,200508,5.3,183.4
GA,200509,5.3,183.4
GA,200510,5.1,186.47
GA,200511,5.0,186.47
GA,200512,4.8,186.47
GA,200601,5.0,190.25
GA,200602,5.0,190.25
GA,200603,4.6,190.25
GA,200604,4.5,192.67
GA,200605,4.7,192.67
GA,200606,5.0,192.67
GA,200607,5.0,194.13
GA,200608,4.8,194.13
GA,200609,4.5,194.13
GA,200610,4.4,195.01
GA,200611,4.3,195.01
GA,200612,4.3,195.01
GA,200701,4.7,198.48
GA,200702,4.4,198.48
GA,200703,4.2,198.48
GA,200704,4.1,199.26
GA,200705,4.3,199.26
GA,200706,4.8,199.26
GA,200707,4.8,200.31
GA,200708,4.7,200.31
GA,200709,4.6,200.31
GA,200710,4.6,197.47
GA,200711,4.5,197.47
GA,200712,5.0,197.47
GA,200801,5.4,196.12
GA,200802,5.3,196.12
GA,200803,5.4,196.12
GA,200804,5.1,191.85
GA,200805,5.8,191.85
GA,200806,6.3,191.85
GA,200807,6.5,187.95
GA,200808,6.8,187.95
GA,200809,7.0,187.95
GA,200810,7.4,182.28
GA,200811,7.5,182.28
GA,200812,8.2,182.28
GA,200901,9.1,173.66
GA,200902,9.5,173.66
GA,200903,9.5,173.66
GA,200904,9.1,174.95
GA,200905,9.7,174.95
GA,200906,10.5,174.95
GA,200907,10.4,170.93
GA,200908,10.4,170.93
GA,200909,10.2,170.93
GA,200910,10.4,172.33
GA,200911,10.1,172.33
GA,200912,10.4,172.33
GA,201001,11.0,168.08
GA,201002,10.7,168.08
GA,201003,10.5,168.08
GA,201004,9.9,163.28
GA,201005,10.1,163.28
GA,201006,10.5,163.28
GA,201007,10.5,164.86
GA,201008,10.6,164.86
GA,201009,10.2,164.86
GA,201010,10.2,156.65
GA,201011,10.4,156.65
GA,201012,10.3,156.65
GA,201101,10.6,151.93
GA,201102,10.3,151.93
GA,201103,10.0,151.93
GA,201104,9.6,150.68
GA,201105,9.9,150.68
GA,201106,10.6,150.68
GA,201107,10.3,146.05
GA,201108,10.4,146.05
GA,201109,10.0,146.05
GA,201110,9.8,145.92
GA,201111,9.3,145.92
GA,201112,9.5,145.92
GA,201201,9.7,147.42
GA,201202,9.5,147.42
GA,201203,9.2,147.42
GA,201204,8.7,146.09
GA,201205,9.0,146.09
GA,201206,9.5,146.09
GA,201207,9.4,150.19
GA,201208,9.3,150.19
GA,201209,8.5,150.19
GA,201210,8.6,153.84
GA,201211,8.2,153.84
GA,201212,8.6,153.84
GA,201301,9.0,157.12
GA,201302,8.6,157.12
GA,201303,8.2,157.12
GA,201304,7.8,161.21
GA,201305,8.2,161.21
GA,201306,8.8,161.21
GA,201307,8.5,165.43
GA,201308,8.2,165.43
GA,201309,7.8,165.43
GA,201310,7.9,168.43
GA,201311,7.3,168.43
GA,201312,7.3,168.43
GA,201401,7.6,171.29
GA,201402,7.5,171.29
GA,201403,7.5,171.29
GA,201404,6.7,176.77
GA,201405,7.3,176.77
GA,201406,7.6,176.77
GA,201407,7.7,176.47
GA,201408,7.6,176.47
GA,201409,6.8,176.47
GA,201410,6.7,178.23
GA,201411,6.4,178.23
GA,201412,6.3,178.23
GA,201501,6.7,183.04
GA,201502,6.4,183.04
GA,201503,6.2,183.04
GA,201504,5.8,185.84
GA,201505,6.3,185.84
GA,201506,6.4,185.84
GA,201507,6.3,188.55
GA,201508,6.1,188.55
GA,201509,5.7,188.55
GA,201510,5.8,191.69
GA,201511,5.5,191.69
GA,201512,5.6,191.69
GA,201601,5.8,193.75
GA,201602,5.6,193.75
GA,201603,5.5,193.75
GA,201604,5.1,196.37
GA,201605,5.2,196.37
GA,201606,5.8,196.37
GA,201607,5.6,200.67
GA,201608,5.7,200.67
GA,201609,5.4,200.67
GA,201610,5.4,204.1
GA,201611,5.0,204.1
GA,201612,5.2,204.1
GA,201701,5.5,207.27
GA,201702,5.2,207.27
GA,201703,5.0,207.27
GA,201704,4.6,210.51
GA,201705,4.8,210.51
GA,201706,5.1,210.51
GA,201707,4.9,214.45
GA,201708,5.0,214.45
GA,201709,4.4,214.45
GA,201710,4.4,217.44
GA,201711,4.2,217.44
GA,201712,4.2,217.44
GA,201801,4.5,221.43
GA,201802,4.3,221.43
GA,201803,4.2,221.43
GA,201804,3.7,226.85
GA,201805,3.8,226.85
GA,201806,4.4,226.85
GA,201807,4.1,230.94
GA,201808,4.1,230.94
GA,201809,3.6,230.94
GA,201810,3.8,235.5
GA,201811,3.5,235.5
GA,201812,3.8,235.5
GA,201901,4.3,237.72
GA,201902,3.8,237.72
GA,201903,3.8,237.72
GA,201904,3.2,240.5
GA,201905,3.6,240.5
GA,201906,3.9,240.5
GA,201907,3.8,245.03
GA,201908,3.9,245.03
GA,201909,3.2,245.03
GA,201910,3.3,248.0
GA,201911,3.1,248.0
GA,201912,3.3,248.0
GA,202001,3.8,253.34
GA,202002,3.5,253.34
GA,202003,4.2,253.34
GA,202004,11.9,259.69
GA,202005,10.0,259.69
GA,202006,8.7,259.69
GA,202007,8.0,261.78
GA,202008,6.9,261.78
GA,202009,6.4,261.78
GA,202010,5.4,270.53
GA,202011,5.0,270.53
GA,202012,5.1,270.53
GA,202101,5.1,282.75
GA,202102,4.6,282.75
GA,202103,4.4,282.75
GA,202104,4.0,294.97
GA,202105,4.1,294.97
GA,202106,4.5,294.97
GA,202107,3.9,306.45
GA,202108,4.0,306.45
GA,202109,3.3,306.45
GA,202110,3.3,324.92
GA,202111,3.0,324.92
GA,202112,2.8,324.92
GA,202201,3.5,341.66
GA,202202,3.2,341.66
GA,202203,3.1,341.66
GA,202204,2.6,358.91
GA,202205,3.0,358.91
GA,202206,3.5,358.91
GA,202207,3.2,375.7
GA,202208,3.6,375.7
GA,202209,3.0,375.7
GA,202210,3.3,376.1
GA,202211,3.1,376.1
GA,202212,3.0,376.1
GA,202301,3.4,379.72
GA,202302,3.4,379.72
GA,202303,3.3,379.72
GA,202304,2.7,383.23
GA,202305,3.3,383.23
GA,202306,3.6,383.23
GA,202307,3.3,392.11
GA,202308,3.7,392.11
GA,202309,3.2,392.11
GA,202310,3.4,400.92
GA,202311,3.0,400.92
GA,202312,3.1,400.92
GA,202401,3.4,406.84
GA,202402,3.4,406.84
GA,202403,3.4,406.84
GA,202404,3.0,412.42
GA,202405,3.5,412.42
GA,202406,3.9,412.42
GA,202407,3.9,416.35
GA,202408,4.1,416.35
GA,202409,3.4,416.35
GA,202410,3.6,420.45
GA,202411,3.5,420.45
GA,202412,3.4,420.45
GA,202501,3.5,426.28
GA,202502,3.7,426.28
GA,202503,3.6,426.28
HI,199901,5.6,83.67
HI,199902,5.4,83.67
HI,199903,5.2,83.67
HI,199904,5.3,84.54
HI,199905,5.1,84.54
HI,199906,5.9,84.54
HI,199907,5.3,82.25
HI,199908,5.0,82.25
HI,199909,5.4,82.25
HI,199910,4.9,83.26
HI,199911,4.8,83.26
HI,199912,4.2,83.26
HI,200001,4.4,86.11
HI,200002,4.3,86.11
HI,200003,4.3,86.11
HI,200004,4.1,90.81
HI,200005,4.3,90.81
HI,200006,4.9,90.81
HI,200007,4.3,89.95
HI,200008,4.3,89.95
HI,200009,4.3,89.95
HI,200010,3.9,90.03
HI,200011,4.0,90.03
HI,200012,3.7,90.03
HI,200101,4.1,92.76
HI,200102,4.0,92.76
HI,200103,4.1,92.76
HI,200104,4.1,96.14
HI,200105,3.9,96.14
HI,200106,4.8,96.14
HI,200107,4.3,98.42
HI,200108,4.3,98.42
HI,200109,4.5,98.42
HI,200110,4.5,99.65
HI,200111,4.6,99.65
HI,200112,4.2,99.65
HI,200201,4.4,102.49
HI,200202,4.2,102.49
HI,200203,4.1,102.49
HI,200204,4.1,103.28
HI,200205,3.9,103.28
HI,200206,4.6,103.28
HI,200207,4.1,107.84
HI,200208,4.0,107.84
HI,200209,4.1,107.84
HI,200210,3.8,111.81
HI,200211,3.9,111.81
HI,200212,3.5,111.81
HI,200301,3.6,114.56
HI,200302,3.4,114.56
HI,200303,3.6,114.56
HI,200304,3.7,117.78
HI,200305,3.8,117.78
HI,200306,4.8,117.78
HI,200307,4.1,120.76
HI,200308,4.1,120.76
HI,200309,4.3,120.76
HI,200310,4.0,129.74
HI,200311,3.9,129.74
HI,200312,3.4,129.74
HI,200401,3.7,138.09
HI,200402,3.5,138.09
HI,200403,3.4,138.09
HI,200404,3.2,142.41
HI,200405,3.0,142.41
HI,200406,3.9,142.41
HI,200407,3.3,153.28
HI,200408,3.1,153.28
HI,200409,3.4,153.28
HI,200410,3.2,165.47
HI,200411,3.2,165.47
HI,200412,2.8,165.47
HI,200501,3.0,170.11
HI,200502,2.9,170.11
HI,200503,2.7,170.11
HI,200504,2.8,179.51
HI,200505,2.6,179.51
HI,200506,3.3,179.51
HI,200507,2.8,194.88
HI,200508,2.7,194.88
HI,200509,3.1,194.88
HI,200510,2.8,203.19
HI,200511,2.9,203.19
HI,200512,2.4,203.19
HI,200601,2.5,206.22
HI,200602,2.5,206.22
HI,200603,2.5,206.22
HI,200604,2.7,216.48
HI,200605,2.7,216.48
HI,200606,3.4,216.48
HI,200607,2.8,212.56
HI,200608,2.5,212.56
HI,200609,2.5,212.56
HI,200610,2.1,211.31
HI,200611,2.3,211.31
HI,200612,1.9,211.31
HI,200701,2.4,213.89
HI,200702,2.4,213.89
HI,200703,2.5,213.89
HI,200704,2.5,217.64
HI,200705,2.5,217.64
HI,200706,3.2,217.64
HI,200707,2.9,215.48
HI,200708,2.8,215.48
HI,200709,3.1,215.48
HI,200710,2.9,212.23
HI,200711,3.0,212.23
HI,200712,2.9,212.23
HI,200801,3.2,208.51
HI,200802,3.1,208.51
HI,200803,3.2,208.51
HI,200804,3.2,207.21
HI,200805,3.5,207.21
HI,200806,4.4,207.21
HI,200807,4.2,205.85
HI,200808,4.4,205.85
HI,200809,4.8,205.85
HI,200810,4.7,196.45
HI,200811,5.0,196.45
HI,200812,5.2,196.45
HI,200901,5.9,202.35
HI,200902,6.1,202.35
HI,200903,6.3,202.35
HI,200904,6.2,193.55
HI,200905,6.4,193.55
HI,200906,7.2,193.55
HI,200907,6.6,180.69
HI,200908,6.6,180.69
HI,200909,7.0,180.69
HI,200910,6.8,183.33
HI,200911,6.6,183.33
HI,200912,6.5,183.33
HI,201001,6.9,179.54
HI,201002,6.8,179.54
HI,201003,6.8,179.54
HI,201004,6.5,178.42
HI,201005,6.4,178.42
HI,201006,7.1,178.42
HI,201007,6.7,178.65
HI,201008,6.7,178.65
HI,201009,6.8,178.65
HI,201010,6.7,172.74
HI,201011,6.8,172.74
HI,201012,6.4,172.74
HI,201101,6.7,178.61
HI,201102,6.6,178.61
HI,201103,6.4,178.61
HI,201104,6.3,158.82
HI,201105,6.4,158.82
HI,201106,7.3,158.82
HI,201107,6.9,169.37
HI,201108,6.9,169.37
HI,201109,7.2,169.37
HI,201110,6.8,173.18
HI,201111,6.6,173.18
HI,201112,6.3,173.18
HI,201201,6.4,165.46
HI,201202,6.2,165.46
HI,201203,6.1,165.46
HI,201204,5.8,169.54
HI,201205,5.9,169.54
HI,201206,6.6,169.54
HI,201207,6.0,177.07
HI,201208,5.7,177.07
HI,201209,5.6,177.07
HI,201210,5.3,176.41
HI,201211,5.1,176.41
HI,201212,4.8,176.41
HI,201301,5.2,183.78
HI,201302,4.8,183.78
HI,201303,4.6,183.78
HI,201304,4.4,187.25
HI,201305,4.4,187.25
HI,201306,5.3,187.25
HI,201307,4.7,191.85
HI,201308,4.6,191.85
HI,201309,4.9,191.85
HI,201310,4.8,195.54
HI,201311,4.7,195.54
HI,201312,4.3,195.54
HI,201401,4.5,197.31
HI,201402,4.5,197.31
HI,201403,4.4,197.31
HI,201404,4.1,204.31
HI,201405,4.2,204.31
HI,201406,4.7,204.31
HI,201407,4.4,198.72
HI,201408,4.2,198.72
HI,201409,4.3,198.72
HI,201410,4.0,206.46
HI,201411,3.9,206.46
HI,201412,3.5,206.46
HI,201501,3.9,209.67
HI,201502,3.6,209.67
HI,201503,3.4,209.67
HI,201504,3.4,214.08
HI,201505,3.4,214.08
HI,201506,3.9,214.08
HI,201507,3.3,213.2
HI,201508,3.3,213.2
HI,201509,3.4,213.2
HI,201510,3.2,215.55
HI,201511,3.2,215.55
HI,201512,2.9,215.55
HI,201601,3.0,221.09
HI,201602,2.9,221.09
HI,201603,3.0,221.09
HI,201604,2.9,222.54
HI,201605,2.8,222.54
HI,201606,3.6,222.54
HI,201607,3.0,219.36
HI,201608,2.8,219.36
HI,201609,3.0,219.36
HI,201610,2.8,220.17
HI,201611,2.6,220.17
HI,201612,2.4,220.17
HI,201701,2.6,230.7
HI,201702,2.5,230.7
HI,201703,2.3,230.7
HI,201704,2.3,224.25
HI,201705,2.2,224.25
HI,201706,2.8,224.25
HI,201707,2.2,236.83
HI,201708,2.2,236.83
HI,201709,2.2,236.83
HI,201710,1.8,248.17
HI,201711,2.0,248.17
HI,201712,1.8,248.17
HI,201801,2.1,247.0
HI,201802,2.0,247.0
HI,201803,2.1,247.0
HI,201804,2.1,242.27
HI,201805,2.0,242.27
HI,201806,3.0,242.27
HI,201807,2.4,248.71
HI,201808,2.5,248.71
HI,201809,2.7,248.71
HI,201810,2.7,250.77
HI,201811,2.6,250.77
HI,201812,2.5,250.77
HI,201901,2.9,253.89
HI,201902,2.6,253.89
HI,201903,2.6,253.89
HI,201904,2.4,256.52
HI,201905,2.3,256.52
HI,201906,3.1,256.52
HI,201907,2.6,255.86
HI,201908,2.5,255.86
HI,201909,2.6,255.86
HI,201910,2.4,257.97
HI,201911,2.3,257.97
HI,201912,2.0,257.97
HI,202001,2.3,263.19
HI,202002,2.0,263.19
HI,202003,2.1,263.19
HI,202004,22.1,269.65
HI,202005,20.9,269.65
HI,202006,17.8,269.65
HI,202007,15.7,273.78
HI,202008,12.9,273.78
HI,202009,13.8,273.78
HI,202010,11.3,272.08
HI,202011,10.5,272.08
HI,202012,10.0,272.08
HI,202101,9.5,281.02
HI,202102,8.9,281.02
HI,202103,8.2,281.02
HI,202104,7.6,288.26
HI,202105,6.6,288.26
HI,202106,7.0,288.26
HI,202107,5.5,309.78
HI,202108,4.8,309.78
HI,202109,4.2,309.78
HI,202110,3.4,329.8
HI,202111,3.1,329.8
HI,202112,2.8,329.8
HI,202201,3.2,339.88
HI,202202,3.1,339.88
HI,202203,3.0,339.88
HI,202204,3.1,348.46
HI,202205,3.1,348.46
HI,202206,3.9,348.46
HI,202207,3.4,361.16
HI,202208,3.5,361.16
HI,202209,3.5,361.16
HI,202210,3.4,369.48
HI,202211,3.4,369.48
HI,202212,2.9,369.48
HI,202301,3.0,387.54
HI,202302,3.0,387.54
HI,202303,2.8,387.54
HI,202304,2.5,363.22
HI,202305,2.6,363.22
HI,202306,3.3,363.22
HI,202307,2.8,387.02
HI,202308,3.0,387.02
HI,202309,3.3,387.02
HI,202310,3.1,373.59
HI,202311,2.9,373.59
HI,202312,2.7,373.59
HI,202401,2.9,386.5
HI,202402,2.8,386.5
HI,202403,2.7,386.5
HI,202404,2.6,403.99
HI,202405,2.5,403.99
HI,202406,3.5,403.99
HI,202407,3.2,403.09
HI,202408,3.2,403.09
HI,202409,3.2,403.09
HI,202410,3.1,412.95
HI,202411,3.2,412.95
HI,202412,2.8,412.95
HI,202501,2.7,401.88
HI,202502,2.8,401.88
HI,202503,2.4,401.88
ID,199901,6.3,144.35
ID,199902,6.4,144.35
ID,199903,6.2,144.35
ID,199904,5.5,146.1
ID,199905,4.6,146.1
ID,199906,4.7,146.1
ID,199907,4.6,147.46
ID,199908,4.5,147.46
ID,199909,4.2,147.46
ID,199910,4.1,147.98
ID,199911,4.4,147.98
ID,199912,4.5,147.98
ID,200001,5.9,149.62
ID,200002,5.8,149.62
ID,200003,5.6,149.62
ID,200004,4.7,150.7
ID,200005,4.2,150.7
ID,200006,4.2,150.7
ID,200007,4.2,150.82
ID,200008,4.3,150.82
ID,200009,3.9,150.82
ID,200010,3.9,150.26
ID,200011,4.5,150.26
ID,200012,4.7,150.26
ID,200101,5.9,153.78
ID,200102,5.7,153.78
ID,200103,5.8,153.78
ID,200104,5.2,155.15
ID,200105,4.4,155.15
ID,200106,4.5,155.15
ID,200107,4.4,156.95
ID,200108,4.7,156.95
ID,200109,4.4,156.95
ID,200110,4.7,157.28
ID,200111,5.4,157.28
ID,200112,5.7,157.28
ID,200201,7.2,158.23
ID,200202,6.9,158.23
ID,200203,6.9,158.23
ID,200204,6.2,158.54
ID,200205,5.1,158.54
ID,200206,5.2,158.54
ID,200207,5.1,160.72
ID,200208,4.9,160.72
ID,200209,4.6,160.72
ID,200210,4.6,162.09
ID,200211,5.5,162.09
ID,200212,5.8,162.09
ID,200301,6.8,164.0
ID,200302,6.5,164.0
ID,200303,6.5,164.0
ID,200304,6.0,166.91
ID,200305,5.2,166.91
ID,200306,5.5,166.91
ID,200307,5.4,167.67
ID,200308,5.2,167.67
ID,200309,4.7,167.67
ID,200310,4.7,171.37
ID,200311,5.3,171.37
ID,200312,5.3,171.37
ID,200401,6.5,173.52
ID,200402,6.1,173.52
ID,200403,6.1,173.52
ID,200404,5.0,176.6
ID,200405,4.4,176.6
ID,200406,4.7,176.6
ID,200407,4.5,182.77
ID,200408,4.3,182.77
ID,200409,4.1,182.77
ID,200410,4.1,189.32
ID,200411,4.5,189.32
ID,200412,4.7,189.32
ID,200501,5.5,192.7
ID,200502,5.3,192.7
ID,200503,4.9,192.7
ID,200504,4.2,200.73
ID,200505,3.7,200.73
ID,200506,3.8,200.73
ID,200507,3.7,206.51
ID,200508,3.4,206.51
ID,200509,3.2,206.51
ID,200510,3.1,216.86
ID,200511,3.6,216.86
ID,200512,3.5,216.86
ID,200601,5.0,228.41
ID,200602,4.9,228.41
ID,200603,4.4,228.41
ID,200604,3.8,235.76
ID,200605,2.9,235.76
ID,200606,3.1,235.76
ID,200607,3.0,245.44
ID,200608,2.9,245.44
ID,200609,2.5,245.44
ID,200610,2.4,249.22
ID,200611,3.0,249.22
ID,200612,3.1,249.22
ID,200701,4.2,257.16
ID,200702,3.9,257.16
ID,200703,3.5,257.16
ID,200704,2.9,259.43
ID,200705,2.2,259.43
ID,200706,2.5,259.43
ID,200707,2.5,262.29
ID,200708,2.5,262.29
ID,200709,2.4,262.29
ID,200710,2.5,260.28
ID,200711,3.0,260.28
ID,200712,3.7,260.28
ID,200801,4.1,259.22
ID,200802,4.0,259.22
ID,200803,4.0,259.22
ID,200804,4.2,259.21
ID,200805,4.3,259.21
ID,200806,4.7,259.21
ID,200807,5.0,249.35
ID,200808,5.1,249.35
ID,200809,5.1,249.35
ID,200810,5.4,244.27
ID,200811,6.5,244.27
ID,200812,7.2,244.27
ID,200901,9.2,235.12
ID,200902,9.5,235.12
ID,200903,9.7,235.12
ID,200904,8.1,236.3
ID,200905,8.8,236.3
ID,200906,9.2,236.3
ID,200907,9.0,231.23
ID,200908,8.8,231.23
ID,200909,8.7,231.23
ID,200910,8.8,222.56
ID,200911,9.2,222.56
ID,200912,9.7,222.56
ID,201001,10.9,216.95
ID,201002,10.8,216.95
ID,201003,10.3,216.95
ID,201004,9.4,208.56
ID,201005,8.5,208.56
ID,201006,8.6,208.56
ID,201007,8.6,204.01
ID,201008,8.5,204.01
ID,201009,8.1,204.01
ID,201010,8.1,195.83
ID,201011,8.9,195.83
ID,201012,9.0,195.83
ID,201101,10.1,188.86
ID,201102,9.8,188.86
ID,201103,9.4,188.86
ID,201104,8.6,180.14
ID,201105,8.0,180.14
ID,201106,8.2,180.14
ID,201107,8.2,177.54
ID,201108,8.0,177.54
ID,201109,7.7,177.54
ID,201110,7.5,181.22
ID,201111,7.9,181.22
ID,201112,8.1,181.22
ID,201201,9.0,182.88
ID,201202,8.8,182.88
ID,201203,8.4,182.88
ID,201204,7.6,184.24
ID,201205,7.2,184.24
ID,201206,7.3,184.24
ID,201207,7.3,195.01
ID,201208,7.1,195.01
ID,201209,6.6,195.01
ID,201210,6.7,197.68
ID,201211,6.9,197.68
ID,201212,7.3,197.68
ID,201301,8.4,201.22
ID,201302,8.0,201.22
ID,201303,7.6,201.22
ID,201304,7.0,206.79
ID,201305,6.6,206.79
ID,201306,6.9,206.79
ID,201307,6.9,210.04
ID,201308,6.6,210.04
ID,201309,6.5,210.04
ID,201310,6.6,216.08
ID,201311,6.3,216.08
ID,201312,5.9,216.08
ID,201401,6.5,216.29
ID,201402,6.2,216.29
ID,201403,5.7,216.29
ID,201404,4.3,220.78
ID,201405,4.1,220.78
ID,201406,3.7,220.78
ID,201407,4.0,222.49
ID,201408,3.9,222.49
ID,201409,3.5,222.49
ID,201410,3.4,223.65
ID,201411,3.9,223.65
ID,201412,3.8,223.65
ID,201501,4.9,226.67
ID,201502,4.7,226.67
ID,201503,4.4,226.67
ID,201504,3.8,229.45
ID,201505,3.7,229.45
ID,201506,3.7,229.45
ID,201507,3.8,238.07
ID,201508,3.6,238.07
ID,201509,3.4,238.07
ID,201510,3.4,238.02
ID,201511,3.8,238.02
ID,201512,3.9,238.02
ID,201601,4.7,248.87
ID,201602,4.5,248.87
ID,201603,4.4,248.87
ID,201604,3.7,251.28
ID,201605,3.3,251.28
ID,201606,3.5,251.28
ID,201607,3.6,254.22
ID,201608,3.4,254.22
ID,201609,3.3,254.22
ID,201610,3.2,262.03
ID,201611,3.4,262.03
ID,201612,3.5,262.03
ID,201701,4.4,265.56
ID,201702,4.2,265.56
ID,201703,3.8,265.56
ID,201704,3.1,273.79
ID,201705,2.8,273.79
ID,201706,2.9,273.79
ID,201707,3.0,279.88
ID,201708,2.8,279.88
ID,201709,2.7,279.88
ID,201710,2.6,285.01
ID,201711,3.0,285.01
ID,201712,3.0,285.01
ID,201801,4.0,296.97
ID,201802,3.6,296.97
ID,201803,3.4,296.97
ID,201804,2.8,304.13
ID,201805,2.4,304.13
ID,201806,2.7,304.13
ID,201807,2.7,315.36
ID,201808,2.5,315.36
ID,201809,2.3,315.36
ID,201810,2.4,326.25
ID,201811,2.7,326.25
ID,201812,3.0,326.25
ID,201901,4.0,333.85
ID,201902,3.7,333.85
ID,201903,3.5,333.85
ID,201904,2.8,345.42
ID,201905,2.5,345.42
ID,201906,2.7,345.42
ID,201907,2.9,352.15
ID,201908,2.6,352.15
ID,201909,2.3,352.15
ID,201910,2.4,362.52
ID,201911,2.6,362.52
ID,201912,2.7,362.52
ID,202001,3.5,377.63
ID,202002,3.3,377.63
ID,202003,3.6,377.63
ID,202004,11.5,389.99
ID,202005,9.3,389.99
ID,202006,7.5,389.99
ID,202007,6.6,392.15
ID,202008,4.8,392.15
ID,202009,4.5,392.15
ID,202010,3.7,420.41
ID,202011,4.0,420.41
ID,202012,4.2,420.41
ID,202101,4.9,455.23
ID,202102,5.0,455.23
ID,202103,4.6,455.23
ID,202104,3.9,485.12
ID,202105,3.4,485.12
ID,202106,3.7,485.12
ID,202107,3.5,528.15
ID,202108,3.3,528.15
ID,202109,2.8,528.15
ID,202110,2.6,562.11
ID,202111,2.8,562.11
ID,202112,2.7,562.11
ID,202201,3.6,582.17
ID,202202,3.5,582.17
ID,202203,3.2,582.17
ID,202204,2.7,605.44
ID,202205,2.5,605.44
ID,202206,2.8,605.44
ID,202207,2.8,626.17
ID,202208,2.9,626.17
ID,202209,2.5,626.17
ID,202210,2.6,605.68
ID,202211,2.8,605.68
ID,202212,2.8,605.68
ID,202301,3.6,597.97
ID,202302,3.6,597.97
ID,202303,3.5,597.97
ID,202304,2.9,597.08
ID,202305,3.0,597.08
ID,202306,3.0,597.08
ID,202307,3.2,603.07
ID,202308,3.2,603.07
ID,202309,3.0,603.07
ID,202310,3.0,607.35
ID,202311,3.2,607.35
ID,202312,3.3,607.35
ID,202401,4.0,609.53
ID,202402,4.2,609.53
ID,202403,4.0,609.53
ID,202404,3.4,625.71
ID,202405,3.3,625.71
ID,202406,3.6,625.71
ID,202407,3.8,612.98
ID,202408,3.6,612.98
ID,202409,3.3,612.98
ID,202410,3.4,634.69
ID,202411,3.7,634.69
ID,202412,3.7,634.69
ID,202501,4.3,649.3
ID,202502,4.2,649.3
ID,202503,4.1,649.3
IL,199901,4.8,129.31
IL,199902,4.7,129.31
IL,199903,4.2,129.31
IL,199904,4.2,130.91
IL,199905,4.3,130.91
IL,199906,4.9,130.91
IL,199907,4.8,132.56
IL,199908,4.6,132.56
IL,199909,4.3,132.56
IL,199910,4.0,134.47
IL,199911,4.1,134.47
IL,199912,4.1,134.47
IL,200001,4.8,136.32
IL,200002,4.9,136.32
IL,200003,4.8,136.32
IL,200004,4.1,138.35
IL,200005,4.2,138.35
IL,200006,4.7,138.35
IL,200007,4.6,140.6
IL,200008,4.5,140.6
IL,200009,4.1,140.6
IL,200010,3.8,142.99
IL,200011,4.3,142.99
IL,200012,4.6,142.99
IL,200101,5.6,145.22
IL,200102,5.5,145.22
IL,200103,5.6,145.22
IL,200104,5.2,147.98
IL,200105,4.8,147.98
IL,200106,5.5,147.98
IL,200107,5.3,150.45
IL,200108,5.5,150.45
IL,200109,5.1,150.45
IL,200110,5.3,152.76
IL,200111,5.7,152.76
IL,200112,5.9,152.76
IL,200201,7.0,154.88
IL,200202,6.8,154.88
IL,200203,6.8,154.88
IL,200204,6.5,157.59
IL,200205,6.2,157.59
IL,200206,7.0,157.59
IL,200207,6.9,160.17
IL,200208,6.5,160.17
IL,200209,6.0,160.17
IL,200210,6.2,162.78
IL,200211,6.4,162.78
IL,200212,6.4,162.78
IL,200301,7.3,165.83
IL,200302,7.2,165.83
IL,200303,6.9,165.83
IL,200304,6.4,168.37
IL,200305,6.3,168.37
IL,200306,7.4,168.37
IL,200307,7.0,171.42
IL,200308,6.9,171.42
IL,200309,6.6,171.42
IL,200310,6.2,174.22
IL,200311,6.3,174.22
IL,200312,6.1,174.22
IL,200401,7.1,177.77
IL,200402,6.7,177.77
IL,200403,6.7,177.77
IL,200404,6.1,180.32
IL,200405,6.0,180.32
IL,200406,6.5,180.32
IL,200407,6.3,183.23
IL,200408,6.1,183.23
IL,200409,5.7,183.23
IL,200410,5.8,186.48
IL,200411,5.8,186.48
IL,200412,5.7,186.48
IL,200501,6.4,188.93
IL,200502,6.6,188.93
IL,200503,6.1,188.93
IL,200504,5.9,192.36
IL,200505,5.7,192.36
IL,200506,6.2,192.36
IL,200507,5.9,195.67
IL,200508,5.5,195.67
IL,200509,5.3,195.67
IL,200510,5.0,199.21
IL,200511,5.0,199.21
IL,200512,5.1,199.21
IL,200601,5.6,202.49
IL,200602,5.5,202.49
IL,200603,5.1,202.49
IL,200604,4.7,205.59
IL,200605,4.3,205.59
IL,200606,4.8,205.59
IL,200607,4.8,207.68
IL,200608,4.5,207.68
IL,200609,4.1,207.68
IL,200610,3.8,208.19
IL,200611,3.9,208.19
IL,200612,4.2,208.19
IL,200701,5.3,208.17
IL,200702,5.2,208.17
IL,200703,4.7,208.17
IL,200704,4.8,212.2
IL,200705,4.6,212.2
IL,200706,5.4,212.2
IL,200707,5.4,209.5
IL,200708,5.2,209.5
IL,200709,5.0,209.5
IL,200710,4.9,207.52
IL,200711,5.0,207.52
IL,200712,5.5,207.52
IL,200801,6.3,205.58
IL,200802,6.0,205.58
IL,200803,5.9,205.58
IL,200804,5.5,202.19
IL,200805,6.1,202.19
IL,200806,6.9,202.19
IL,200807,6.9,198.0
IL,200808,6.9,198.0
IL,200809,6.5,198.0
IL,200810,6.6,193.06
IL,200811,6.7,193.06
IL,200812,7.4,193.06
IL,200901,8.9,188.93
IL,200902,9.4,188.93
IL,200903,9.5,188.93
IL,200904,9.3,184.87
IL,200905,9.6,184.87
IL,200906,10.3,184.87
IL,200907,10.3,181.76
IL,200908,10.2,181.76
IL,200909,10.3,181.76
IL,200910,10.5,181.6
IL,200911,10.4,181.6
IL,200912,10.9,181.6
IL,201001,12.1,179.11
IL,201002,11.8,179.11
IL,201003,11.5,179.11
IL,201004,10.6,178.09
IL,201005,10.1,178.09
IL,201006,10.6,178.09
IL,201007,10.5,176.67
IL,201008,10.1,176.67
IL,201009,9.6,176.67
IL,201010,9.3,173.02
IL,201011,9.5,173.02
IL,201012,9.4,173.02
IL,201101,10.2,171.5
IL,201102,10.0,171.5
IL,201103,9.7,171.5
IL,201104,9.3,167.57
IL,201105,9.4,167.57
IL,201106,10.3,167.57
IL,201107,10.3,163.52
IL,201108,10.2,163.52
IL,201109,9.9,163.52
IL,201110,9.6,164.46
IL,201111,9.2,164.46
IL,201112,9.3,164.46
IL,201201,9.8,161.36
IL,201202,9.6,161.36
IL,201203,9.2,161.36
IL,201204,8.6,161.68
IL,201205,8.6,161.68
IL,201206,9.4,161.68
IL,201207,9.4,162.37
IL,201208,9.1,162.37
IL,201209,8.5,162.37
IL,201210,8.6,163.25
IL,201211,8.4,163.25
IL,201212,8.9,163.25
IL,201301,10.2,162.7
IL,201302,9.9,162.7
IL,201303,9.2,162.7
IL,201304,8.8,165.14
IL,201305,8.8,165.14
IL,201306,9.7,165.14
IL,201307,9.4,168.09
IL,201308,9.1,168.09
IL,201309,8.7,168.09
IL,201310,8.7,169.32
IL,201311,8.4,169.32
IL,201312,8.3,169.32
IL,201401,8.8,171.55
IL,201402,8.8,171.55
IL,201403,8.2,171.55
IL,201404,7.1,172.17
IL,201405,7.0,172.17
IL,201406,7.2,172.17
IL,201407,7.2,173.18
IL,201408,6.9,173.18
IL,201409,6.4,173.18
IL,201410,6.2,174.83
IL,201411,6.0,174.83
IL,201412,5.9,174.83
IL,201501,6.8,175.78
IL,201502,6.5,175.78
IL,201503,6.2,175.78
IL,201504,5.6,176.98
IL,201505,5.8,176.98
IL,201506,6.2,176.98
IL,201507,6.2,178.68
IL,201508,5.8,178.68
IL,201509,5.5,178.68
IL,201510,5.7,179.44
IL,201511,5.9,179.44
IL,201512,6.0,179.44
IL,201601,6.8,180.34
IL,201602,6.6,180.34
IL,201603,6.4,180.34
IL,201604,5.9,181.32
IL,201605,5.5,181.32
IL,201606,6.0,181.32
IL,201607,5.8,183.27
IL,201608,5.8,183.27
IL,201609,5.7,183.27
IL,201610,5.6,185.89
IL,201611,5.1,185.89
IL,201612,5.3,185.89
IL,201701,6.1,188.4
IL,201702,5.5,188.4
IL,201703,5.0,188.4
IL,201704,4.6,190.35
IL,201705,4.5,190.35
IL,201706,5.2,190.35
IL,201707,5.1,189.68
IL,201708,5.2,189.68
IL,201709,4.7,189.68
IL,201710,4.6,191.78
IL,201711,4.5,191.78
IL,201712,4.5,191.78
IL,201801,5.1,193.49
IL,201802,4.9,193.49
IL,201803,4.4,193.49
IL,201804,3.9,195.54
IL,201805,3.8,195.54
IL,201806,4.8,195.54
IL,201807,4.5,196.58
IL,201808,4.4,196.58
IL,201809,4.1,196.58
IL,201810,4.2,197.5
IL,201811,4.1,197.5
IL,201812,4.4,197.5
IL,201901,5.3,197.88
IL,201902,4.8,197.88
IL,201903,4.5,197.88
IL,201904,3.9,199.73
IL,201905,3.6,199.73
IL,201906,4.1,199.73
IL,201907,4.2,201.26
IL,201908,3.9,201.26
IL,201909,3.5,201.26
IL,201910,3.5,201.92
IL,201911,3.2,201.92
IL,201912,3.3,201.92
IL,202001,4.0,204.16
IL,202002,3.8,204.16
IL,202003,5.6,204.16
IL,202004,17.9,206.41
IL,202005,14.7,206.41
IL,202006,12.9,206.41
IL,202007,11.9,206.38
IL,202008,9.6,206.38
IL,202009,9.0,206.38
IL,202010,7.4,213.72
IL,202011,7.3,213.72
IL,202012,7.7,213.72
IL,202101,7.8,221.1
IL,202102,7.3,221.1
IL,202103,6.7,221.1
IL,202104,6.4,226.97
IL,202105,6.2,226.97
IL,202106,7.2,226.97
IL,202107,6.6,233.29
IL,202108,6.1,233.29
IL,202109,5.2,233.29
IL,202110,4.9,241.43
IL,202111,4.4,241.43
IL,202112,4.2,241.43
IL,202201,5.3,248.29
IL,202202,5.0,248.29
IL,202203,4.7,248.29
IL,202204,4.4,256.51
IL,202205,4.4,256.51
IL,202206,5.0,256.51
IL,202207,4.8,261.91
IL,202208,4.9,261.91
IL,202209,4.4,261.91
IL,202210,4.3,263.32
IL,202211,4.2,263.32
IL,202212,4.0,263.32
IL,202301,4.7,265.56
IL,202302,4.7,265.56
IL,202303,4.4,265.56
IL,202304,3.8,268.08
IL,202305,4.0,268.08
IL,202306,4.8,268.08
IL,202307,4.7,276.23
IL,202308,5.1,276.23
IL,202309,4.7,276.23
IL,202310,4.5,283.18
IL,202311,4.2,283.18
IL,202312,4.3,283.18
IL,202401,5.2,288.93
IL,202402,5.3,288.93
IL,202403,5.0,288.93
IL,202404,4.6,294.91
IL,202405,4.8,294.91
IL,202406,5.7,294.91
IL,202407,5.7,299.22
IL,202408,5.3,299.22
IL,202409,4.7,299.22
IL,202410,4.7,304.48
IL,202411,4.5,304.48
IL,202412,4.3,304.48
IL,202501,5.0,310.44
IL,202502,5.1,310.44
IL,202503,5.0,310.44
IN,199901,3.4,134.09
IN,199902,3.4,134.09
IN,199903,3.1,134.09
IN,199904,2.6,134.83
IN,199905,2.7,134.83
IN,199906,3.0,134.83
IN,199907,2.8,135.77
IN,199908,2.8,135.77
IN,199909,2.7,135.77
IN,199910,2.7,137.72
IN,199911,2.9,137.72
IN,199912,2.8,137.72
IN,200001,3.5,137.87
IN,200002,3.7,137.87
IN,200003,3.6,137.87
IN,200004,2.9,140.56
IN,200005,3.0,140.56
IN,200006,3.2,140.56
IN,200007,3.1,140.99
IN,200008,2.9,140.99
IN,200009,2.3,140.99
IN,200010,2.3,141.97
IN,200011,2.7,141.97
IN,200012,2.9,141.97
IN,200101,4.1,142.16
IN,200102,4.0,142.16
IN,200103,4.2,142.16
IN,200104,3.6,143.68
IN,200105,3.6,143.68
IN,200106,4.1,143.68
IN,200107,4.1,144.41
IN,200108,4.2,144.41
IN,200109,3.9,144.41
IN,200110,4.5,144.78
IN,200111,4.9,144.78
IN,200112,5.0,144.78
IN,200201,6.0,146.94
IN,200202,6.0,146.94
IN,200203,5.8,146.94
IN,200204,5.2,147.41
IN,200205,5.0,147.41
IN,200206,5.2,147.41
IN,200207,5.0,147.92
IN,200208,4.9,147.92
IN,200209,4.4,147.92
IN,200210,4.5,148.63
IN,200211,4.8,148.63
IN,200212,4.7,148.63
IN,200301,5.5,149.06
IN,200302,5.6,149.06
IN,200303,5.4,149.06
IN,200304,5.0,150.98
IN,200305,4.9,150.98
IN,200306,5.3,150.98
IN,200307,5.5,151.71
IN,200308,5.3,151.71
IN,200309,4.9,151.71
IN,200310,4.9,152.96
IN,200311,5.1,152.96
IN,200312,5.0,152.96
IN,200401,6.0,154.48
IN,200402,6.1,154.48
IN,200403,6.1,154.48
IN,200404,5.1,155.13
IN,200405,5.1,155.13
IN,200406,5.4,155.13
IN,200407,5.4,157.23
IN,200408,5.2,157.23
IN,200409,4.9,157.23
IN,200410,5.1,158.46
IN,200411,5.3,158.46
IN,200412,5.3,158.46
IN,200501,6.2,159.15
IN,200502,6.4,159.15
IN,200503,6.0,159.15
IN,200504,5.2,160.47
IN,200505,5.0,160.47
IN,200506,5.4,160.47
IN,200507,5.4,161.51
IN,200508,5.2,161.51
IN,200509,5.0,161.51
IN,200510,5.0,162.45
IN,200511,5.2,162.45
IN,200512,5.0,162.45
IN,200601,5.4,164.71
IN,200602,5.7,164.71
IN,200603,5.4,164.71
IN,200604,4.8,164.79
IN,200605,4.9,164.79
IN,200606,5.2,164.79
IN,200607,5.4,165.99
IN,200608,5.0,165.99
IN,200609,4.5,165.99
IN,200610,4.4,166.37
IN,200611,4.7,166.37
IN,200612,4.5,166.37
IN,200701,5.4,166.64
IN,200702,5.3,166.64
IN,200703,4.9,166.64
IN,200704,4.4,167.88
IN,200705,4.3,167.88
IN,200706,4.6,167.88
IN,200707,4.7,168.09
IN,200708,4.5,168.09
IN,200709,4.2,168.09
IN,200710,4.3,168.07
IN,200711,4.5,168.07
IN,200712,4.6,168.07
IN,200801,5.3,164.71
IN,200802,5.4,164.71
IN,200803,5.6,164.71
IN,200804,4.7,164.39
IN,200805,5.3,164.39
IN,200806,5.7,164.39
IN,200807,6.1,161.31
IN,200808,6.0,161.31
IN,200809,5.8,161.31
IN,200810,6.1,161.65
IN,200811,6.9,161.65
IN,200812,7.8,161.65
IN,200901,9.8,156.88
IN,200902,10.4,156.88
IN,200903,10.8,156.88
IN,200904,10.0,158.51
IN,200905,10.4,158.51
IN,200906,10.7,158.51
IN,200907,10.5,157.94
IN,200908,10.0,157.94
IN,200909,9.7,157.94
IN,200910,9.9,156.47
IN,200911,10.0,156.47
IN,200912,10.2,156.47
IN,201001,11.2,157.66
IN,201002,11.4,157.66
IN,201003,11.2,157.66
IN,201004,10.0,156.37
IN,201005,9.9,156.37
IN,201006,10.0,156.37
IN,201007,10.0,156.55
IN,201008,9.7,156.55
IN,201009,9.2,156.55
IN,201010,9.1,156.21
IN,201011,9.4,156.21
IN,201012,9.0,156.21
IN,201101,9.7,154.96
IN,201102,9.6,154.96
IN,201103,9.2,154.96
IN,201104,8.3,152.85
IN,201105,8.6,152.85
IN,201106,9.0,152.85
IN,201107,9.2,154.15
IN,201108,9.0,154.15
IN,201109,8.7,154.15
IN,201110,8.7,154.91
IN,201111,8.6,154.91
IN,201112,8.4,154.91
IN,201201,9.0,155.38
IN,201202,9.0,155.38
IN,201203,8.6,155.38
IN,201204,7.6,154.62
IN,201205,7.9,154.62
IN,201206,8.3,154.62
IN,201207,8.5,156.03
IN,201208,8.1,156.03
IN,201209,7.6,156.03
IN,201210,7.7,155.63
IN,201211,7.9,155.63
IN,201212,8.1,155.63
IN,201301,9.2,157.79
IN,201302,8.8,157.79
IN,201303,8.3,157.79
IN,201304,7.3,160.33
IN,201305,7.6,160.33
IN,201306,7.9,160.33
IN,201307,7.7,160.97
IN,201308,7.1,160.97
IN,201309,6.7,160.97
IN,201310,6.8,163.43
IN,201311,6.7,163.43
IN,201312,6.1,163.43
IN,201401,6.8,163.65
IN,201402,7.0,163.65
IN,201403,6.7,163.65
IN,201404,5.5,164.96
IN,201405,5.9,164.96
IN,201406,6.0,164.96
IN,201407,6.2,165.04
IN,201408,5.7,165.04
IN,201409,5.3,165.04
IN,201410,5.4,167.04
IN,201411,5.6,167.04
IN,201412,5.3,167.04
IN,201501,6.1,167.94
IN,201502,5.8,167.94
IN,201503,5.4,167.94
IN,201504,4.3,170.3
IN,201505,4.8,170.3
IN,201506,4.8,170.3
IN,201507,4.9,171.97
IN,201508,4.4,171.97
IN,201509,4.1,171.97
IN,201510,4.3,172.7
IN,201511,4.5,172.7
IN,201512,4.4,172.7
IN,201601,5.1,174.68
IN,201602,5.2,174.68
IN,201603,5.1,174.68
IN,201604,4.2,175.84
IN,201605,4.1,175.84
IN,201606,4.5,175.84
IN,201607,4.5,179.34
IN,201608,4.3,179.34
IN,201609,3.9,179.34
IN,201610,3.8,182.14
IN,201611,3.9,182.14
IN,201612,3.8,182.14
IN,201701,4.6,184.4
IN,201702,4.4,184.4
IN,201703,3.8,184.4
IN,201704,2.9,185.91
IN,201705,3.2,185.91
IN,201706,3.5,185.91
IN,201707,3.8,188.31
IN,201708,3.6,188.31
IN,201709,3.2,188.31
IN,201710,3.1,190.89
IN,201711,3.2,190.89
IN,201712,3.0,190.89
IN,201801,3.9,195.75
IN,201802,3.9,195.75
IN,201803,3.6,195.75
IN,201804,3.0,199.56
IN,201805,3.2,199.56
IN,201806,3.7,199.56
IN,201807,3.7,202.76
IN,201808,3.4,202.76
IN,201809,2.9,202.76
IN,201810,3.3,205.32
IN,201811,3.3,205.32
IN,201812,3.2,205.32
IN,201901,4.2,208.18
IN,201902,4.0,208.18
IN,201903,3.8,208.18
IN,201904,2.8,212.75
IN,201905,3.0,212.75
IN,201906,3.4,212.75
IN,201907,3.6,215.28
IN,201908,3.2,215.28
IN,201909,2.8,215.28
IN,201910,3.0,220.13
IN,201911,3.1,220.13
IN,201912,2.9,220.13
IN,202001,3.8,223.03
IN,202002,3.7,223.03
IN,202003,4.5,223.03
IN,202004,16.5,229.06
IN,202005,12.8,229.06
IN,202006,10.3,229.06
IN,202007,9.3,231.82
IN,202008,6.8,231.82
IN,202009,6.0,231.82
IN,202010,5.2,239.97
IN,202011,5.0,239.97
IN,202012,4.6,239.97
IN,202101,5.2,250.89
IN,202102,5.0,250.89
IN,202103,4.8,250.89
IN,202104,4.0,259.04
IN,202105,4.1,259.04
IN,202106,4.5,259.04
IN,202107,4.1,268.99
IN,202108,3.6,268.99
IN,202109,3.2,268.99
IN,202110,2.9,278.03
IN,202111,2.8,278.03
IN,202112,2.5,278.03
IN,202201,3.4,287.58
IN,202202,3.5,287.58
IN,202203,3.3,287.58
IN,202204,2.5,299.44
IN,202205,2.9,299.44
IN,202206,3.3,299.44
IN,202207,3.5,308.7
IN,202208,3.2,308.7
IN,202209,2.6,308.7
IN,202210,3.0,312.53
IN,202211,3.1,312.53
IN,202212,2.7,312.53
IN,202301,3.7,314.17
IN,202302,3.8,314.17
IN,202303,3.7,314.17
IN,202304,2.8,317.83
IN,202305,3.4,317.83
IN,202306,3.6,317.83
IN,202307,3.7,327.51
IN,202308,3.6,327.51
IN,202309,3.2,327.51
IN,202310,3.3,332.02
IN,202311,3.4,332.02
IN,202312,3.2,332.02
IN,202401,4.1,339.59
IN,202402,4.4,339.59
IN,202403,4.3,339.59
IN,202404,3.6,344.01
IN,202405,4.0,344.01
IN,202406,4.4,344.01
IN,202407,4.9,348.59
IN,202408,4.4,348.59
IN,202409,4.0,348.59
IN,202410,4.0,354.51
IN,202411,4.3,354.51
IN,202412,4.0,354.51
IN,202501,4.5,359.96
IN,202502,4.5,359.96
IN,202503,3.4,359.96
IA,199901,3.8,145.82
IA,199902,3.2,145.82
IA,199903,3.0,145.82
IA,199904,2.6,146.16
IA,199905,2.3,146.16
IA,199906,2.7,146.16
IA,199907,2.6,148.73
IA,199908,2.6,148.73
IA,199909,2.4,148.73
IA,199910,2.0,149.96
IA,199911,2.1,149.96
IA,199912,2.5,149.96
IA,200001,3.5,151.78
IA,200002,3.2,151.78
IA,200003,2.9,151.78
IA,200004,2.4,153.25
IA,200005,2.4,153.25
IA,200006,2.5,153.25
IA,200007,2.3,154.68
IA,200008,2.6,154.68
IA,200009,2.5,154.68
IA,200010,2.4,156.46
IA,200011,2.6,156.46
IA,200012,2.9,156.46
IA,200101,4.0,156.91
IA,200102,3.7,156.91
IA,200103,3.8,156.91
IA,200104,3.2,159.15
IA,200105,2.8,159.15
IA,200106,3.2,159.15
IA,200107,2.9,160.3
IA,200108,3.1,160.3
IA,200109,3.1,160.3
IA,200110,3.1,161.41
IA,200111,3.5,161.41
IA,200112,3.9,161.41
IA,200201,4.9,163.12
IA,200202,4.5,163.12
IA,200203,4.6,163.12
IA,200204,4.0,163.85
IA,200205,3.5,163.85
IA,200206,4.0,163.85
IA,200207,3.8,165.58
IA,200208,3.8,165.58
IA,200209,3.6,165.58
IA,200210,3.5,167.58
IA,200211,3.8,167.58
IA,200212,4.1,167.58
IA,200301,5.2,169.49
IA,200302,4.9,169.49
IA,200303,4.8,169.49
IA,200304,4.4,171.05
IA,200305,4.1,171.05
IA,200306,4.7,171.05
IA,200307,4.5,172.08
IA,200308,4.3,172.08
IA,200309,4.2,172.08
IA,200310,3.9,173.93
IA,200311,4.1,173.93
IA,200312,4.4,173.93
IA,200401,5.3,175.12
IA,200402,4.9,175.12
IA,200403,4.9,175.12
IA,200404,4.0,177.22
IA,200405,4.1,177.22
IA,200406,4.6,177.22
IA,200407,4.4,179.63
IA,200408,4.4,179.63
IA,200409,4.3,179.63
IA,200410,4.2,181.03
IA,200411,4.3,181.03
IA,200412,4.6,181.03
IA,200501,5.5,184.06
IA,200502,5.2,184.06
IA,200503,4.8,184.06
IA,200504,4.0,184.18
IA,200505,4.0,184.18
IA,200506,4.3,184.18
IA,200507,4.1,188.15
IA,200508,3.9,188.15
IA,200509,3.9,188.15
IA,200510,3.7,187.98
IA,200511,3.9,187.98
IA,200512,4.4,187.98
IA,200601,4.6,190.1
IA,200602,4.4,190.1
IA,200603,3.9,190.1
IA,200604,3.4,192.32
IA,200605,3.2,192.32
IA,200606,3.6,192.32
IA,200607,3.6,193.86
IA,200608,3.6,193.86
IA,200609,3.4,193.86
IA,200610,3.2,194.44
IA,200611,3.3,194.44
IA,200612,3.8,194.44
IA,200701,4.6,194.88
IA,200702,4.4,194.88
IA,200703,4.0,194.88
IA,200704,3.6,196.74
IA,200705,3.3,196.74
IA,200706,3.7,196.74
IA,200707,3.5,197.26
IA,200708,3.5,197.26
IA,200709,3.4,197.26
IA,200710,3.3,198.43
IA,200711,3.3,198.43
IA,200712,3.9,198.43
IA,200801,4.5,197.07
IA,200802,4.2,197.07
IA,200803,4.1,197.07
IA,200804,3.6,197.34
IA,200805,3.6,197.34
IA,200806,4.0,197.34
IA,200807,4.1,195.77
IA,200808,4.2,195.77
IA,200809,3.9,195.77
IA,200810,3.9,194.68
IA,200811,4.2,194.68
IA,200812,5.2,194.68
IA,200901,6.9,195.24
IA,200902,6.9,195.24
IA,200903,7.1,195.24
IA,200904,6.2,193.21
IA,200905,6.3,193.21
IA,200906,6.8,193.21
IA,200907,6.7,192.81
IA,200908,6.5,192.81
IA,200909,5.9,192.81
IA,200910,6.1,194.31
IA,200911,5.9,194.31
IA,200912,6.6,194.31
IA,201001,7.5,194.14
IA,201002,7.2,194.14
IA,201003,7.0,194.14
IA,201004,5.8,193.54
IA,201005,5.6,193.54
IA,201006,5.9,193.54
IA,201007,5.9,194.74
IA,201008,5.9,194.74
IA,201009,5.5,194.74
IA,201010,5.3,189.13
IA,201011,5.5,189.13
IA,201012,5.9,189.13
IA,201101,6.9,192.77
IA,201102,6.4,192.77
IA,201103,6.1,192.77
IA,201104,5.2,187.73
IA,201105,5.2,187.73
IA,201106,5.7,187.73
IA,201107,5.6,189.84
IA,201108,5.6,189.84
IA,201109,5.2,189.84
IA,201110,5.0,190.78
IA,201111,4.9,190.78
IA,201112,5.4,190.78
IA,201201,6.1,191.52
IA,201202,5.9,191.52
IA,201203,5.4,191.52
IA,201204,4.6,194.0
IA,201205,4.7,194.0
IA,201206,5.1,194.0
IA,201207,5.2,193.42
IA,201208,5.0,193.42
IA,201209,4.4,193.42
IA,201210,4.5,195.11
IA,201211,4.4,195.11
IA,201212,5.0,195.11
IA,201301,6.1,196.72
IA,201302,5.5,196.72
IA,201303,5.2,196.72
IA,201304,4.5,197.97
IA,201305,4.4,197.97
IA,201306,4.9,197.97
IA,201307,4.8,200.77
IA,201308,4.6,200.77
IA,201309,4.2,200.77
IA,201310,4.2,201.69
IA,201311,4.1,201.69
IA,201312,4.4,201.69
IA,201401,5.4,203.58
IA,201402,5.1,203.58
IA,201403,4.9,203.58
IA,201404,3.9,204.39
IA,201405,4.0,204.39
IA,201406,4.2,204.39
IA,201407,4.4,205.02
IA,201408,4.3,205.02
IA,201409,3.8,205.02
IA,201410,3.6,206.81
IA,201411,3.6,206.81
IA,201412,4.0,206.81
IA,201501,4.8,208.43
IA,201502,4.3,208.43
IA,201503,4.1,208.43
IA,201504,3.3,210.36
IA,201505,3.5,210.36
IA,201506,3.7,210.36
IA,201507,3.8,212.11
IA,201508,3.6,212.11
IA,201509,3.3,212.11
IA,201510,3.3,213.53
IA,201511,3.3,213.53
IA,201512,3.7,213.53
IA,201601,4.5,217.52
IA,201602,4.1,217.52
IA,201603,3.9,217.52
IA,201604,3.2,218.35
IA,201605,3.3,218.35
IA,201606,3.8,218.35
IA,201607,3.8,220.65
IA,201608,3.7,220.65
IA,201609,3.3,220.65
IA,201610,3.1,223.6
IA,201611,3.0,223.6
IA,201612,3.4,223.6
IA,201701,4.4,224.87
IA,201702,3.7,224.87
IA,201703,3.4,224.87
IA,201704,2.8,227.71
IA,201705,2.9,227.71
IA,201706,3.1,227.71
IA,201707,3.2,229.28
IA,201708,3.2,229.28
IA,201709,2.7,229.28
IA,201710,2.4,231.54
IA,201711,2.5,231.54
IA,201712,2.8,231.54
IA,201801,3.7,234.16
IA,201802,3.2,234.16
IA,201803,3.0,234.16
IA,201804,2.4,236.57
IA,201805,2.2,236.57
IA,201806,2.6,236.57
IA,201807,2.6,240.69
IA,201808,2.5,240.69
IA,201809,2.1,240.69
IA,201810,2.0,242.15
IA,201811,2.0,242.15
IA,201812,2.6,242.15
IA,201901,3.5,244.18
IA,201902,3.0,244.18
IA,201903,3.1,244.18
IA,201904,2.2,246.39
IA,201905,2.4,246.39
IA,201906,2.8,246.39
IA,201907,2.9,246.4
IA,201908,2.7,246.4
IA,201909,2.2,246.4
IA,201910,2.3,250.27
IA,201911,2.3,250.27
IA,201912,2.6,250.27
IA,202001,3.4,252.07
IA,202002,2.9,252.07
IA,202003,3.4,252.07
IA,202004,10.7,254.89
IA,202005,8.5,254.89
IA,202006,7.0,254.89
IA,202007,6.0,257.34
IA,202008,4.8,257.34
IA,202009,4.2,257.34
IA,202010,3.5,263.44
IA,202011,3.8,263.44
IA,202012,4.2,263.44
IA,202101,5.2,272.76
IA,202102,4.8,272.76
IA,202103,4.5,272.76
IA,202104,4.0,279.48
IA,202105,4.2,279.48
IA,202106,4.6,279.48
IA,202107,4.1,287.98
IA,202108,3.8,287.98
IA,202109,3.0,287.98
IA,202110,2.9,295.73
IA,202111,2.7,295.73
IA,202112,2.7,295.73
IA,202201,3.7,303.36
IA,202202,3.0,303.36
IA,202203,2.8,303.36
IA,202204,2.1,312.08
IA,202205,2.4,312.08
IA,202206,2.8,312.08
IA,202207,3.1,324.14
IA,202208,3.2,324.14
IA,202209,2.6,324.14
IA,202210,2.8,327.19
IA,202211,2.8,327.19
IA,202212,2.9,327.19
IA,202301,3.7,330.02
IA,202302,3.3,330.02
IA,202303,3.1,330.02
IA,202304,2.3,334.9
IA,202305,2.8,334.9
IA,202306,3.0,334.9
IA,202307,3.1,339.3
IA,202308,3.2,339.3
IA,202309,2.7,339.3
IA,202310,2.8,345.5
IA,202311,2.5,345.5
IA,202312,2.6,345.5
IA,202401,3.5,350.23
IA,202402,3.1,350.23
IA,202403,2.8,350.23
IA,202404,2.2,354.65
IA,202405,2.7,354.65
IA,202406,3.1,354.65
IA,202407,3.5,358.97
IA,202408,3.4,358.97
IA,202409,2.9,358.97
IA,202410,3.1,361.93
IA,202411,3.1,361.93
IA,202412,3.0,361.93
IA,202501,4.0,368.87
IA,202502,3.8,368.87
IA,202503,3.7,368.87
KS,199901,3.7,142.61
KS,199902,3.6,142.61
KS,199903,3.5,142.61
KS,199904,3.3,144.78
KS,199905,3.3,144.78
KS,199906,3.7,144.78
KS,199907,4.0,145.92
KS,199908,3.5,145.92
KS,199909,3.4,145.92
KS,199910,3.1,147.27
KS,199911,3.4,147.27
KS,199912,3.1,147.27
KS,200001,4.0,147.61
KS,200002,3.8,147.61
KS,200003,4.0,147.61
KS,200004,3.4,150.43
KS,200005,3.6,150.43
KS,200006,3.7,150.43
KS,200007,4.0,151.73
KS,200008,3.9,151.73
KS,200009,3.8,151.73
KS,200010,3.8,153.37
KS,200011,3.7,153.37
KS,200012,3.4,153.37
KS,200101,4.5,154.13
KS,200102,4.3,154.13
KS,200103,4.4,154.13
KS,200104,3.8,155.93
KS,200105,3.8,155.93
KS,200106,4.3,155.93
KS,200107,4.4,158.3
KS,200108,4.5,158.3
KS,200109,4.2,158.3
KS,200110,4.4,159.77
KS,200111,4.6,159.77
KS,200112,4.4,159.77
KS,200201,5.5,162.29
KS,200202,5.2,162.29
KS,200203,5.4,162.29
KS,200204,4.9,162.95
KS,200205,4.8,162.95
KS,200206,5.3,162.95
KS,200207,5.5,164.15
KS,200208,5.2,164.15
KS,200209,5.0,164.15
KS,200210,4.9,165.78
KS,200211,5.0,165.78
KS,200212,4.7,165.78
KS,200301,5.7,167.37
KS,200302,5.4,167.37
KS,200303,5.4,167.37
KS,200304,5.2,169.34
KS,200305,5.3,169.34
KS,200306,6.1,169.34
KS,200307,6.1,169.65
KS,200308,5.8,169.65
KS,200309,5.7,169.65
KS,200310,5.5,172.86
KS,200311,5.5,172.86
KS,200312,5.2,172.86
KS,200401,6.1,174.24
KS,200402,5.8,174.24
KS,200403,5.9,174.24
KS,200404,5.3,176.08
KS,200405,5.3,176.08
KS,200406,5.7,176.08
KS,200407,5.8,178.53
KS,200408,5.5,178.53
KS,200409,5.3,178.53
KS,200410,5.2,179.03
KS,200411,5.1,179.03
KS,200412,4.9,179.03
KS,200501,5.7,181.1
KS,200502,5.8,181.1
KS,200503,5.5,181.1
KS,200504,5.0,183.0
KS,200505,5.0,183.0
KS,200506,5.2,183.0
KS,200507,5.3,185.34
KS,200508,4.8,185.34
KS,200509,4.8,185.34
KS,200510,4.7,186.53
KS,200511,4.8,186.53
KS,200512,4.2,186.53
KS,200601,4.9,188.18
KS,200602,5.0,188.18
KS,200603,4.7,188.18
KS,200604,4.3,191.89
KS,200605,4.1,191.89
KS,200606,4.5,191.89
KS,200607,4.9,192.12
KS,200608,4.5,192.12
KS,200609,4.1,192.12
KS,200610,4.0,194.35
KS,200611,4.0,194.35
KS,200612,3.9,194.35
KS,200701,4.7,195.49
KS,200702,4.6,195.49
KS,200703,4.3,195.49
KS,200704,4.0,197.55
KS,200705,4.1,197.55
KS,200706,4.4,197.55
KS,200707,4.6,198.67
KS,200708,4.3,198.67
KS,200709,4.2,198.67
KS,200710,4.0,199.52
KS,200711,3.9,199.52
KS,200712,4.1,199.52
KS,200801,4.6,198.46
KS,200802,4.3,198.46
KS,200803,4.4,198.46
KS,200804,3.7,197.11
KS,200805,4.2,197.11
KS,200806,4.4,197.11
KS,200807,4.9,196.75
KS,200808,4.8,196.75
KS,200809,4.7,196.75
KS,200810,4.7,194.5
KS,200811,4.8,194.5
KS,200812,5.1,194.5
KS,200901,6.4,193.98
KS,200902,6.7,193.98
KS,200903,6.9,193.98
KS,200904,6.5,195.29
KS,200905,7.1,195.29
KS,200906,7.5,195.29
KS,200907,7.9,192.88
KS,200908,7.6,192.88
KS,200909,7.3,192.88
KS,200910,7.1,193.32
KS,200911,6.9,193.32
KS,200912,6.9,193.32
KS,201001,7.7,194.69
KS,201002,7.6,194.69
KS,201003,7.4,194.69
KS,201004,6.8,190.77
KS,201005,6.7,190.77
KS,201006,6.8,190.77
KS,201007,7.2,193.77
KS,201008,7.0,193.77
KS,201009,6.7,193.77
KS,201010,6.6,189.58
KS,201011,6.6,189.58
KS,201012,6.4,189.58
KS,201101,7.1,188.54
KS,201102,6.9,188.54
KS,201103,6.7,188.54
KS,201104,6.1,184.53
KS,201105,6.2,184.53
KS,201106,6.5,184.53
KS,201107,6.8,183.84
KS,201108,6.6,183.84
KS,201109,6.2,183.84
KS,201110,6.0,184.63
KS,201111,5.6,184.63
KS,201112,5.6,184.63
KS,201201,6.1,185.03
KS,201202,6.2,185.03
KS,201203,6.0,185.03
KS,201204,5.4,185.68
KS,201205,5.5,185.68
KS,201206,5.9,185.68
KS,201207,6.3,187.01
KS,201208,5.9,187.01
KS,201209,5.2,187.01
KS,201210,5.3,190.77
KS,201211,5.0,190.77
KS,201212,5.2,190.77
KS,201301,6.1,190.92
KS,201302,5.9,190.92
KS,201303,5.6,190.92
KS,201304,5.1,189.18
KS,201305,5.4,189.18
KS,201306,5.7,189.18
KS,201307,5.9,192.4
KS,201308,5.5,192.4
KS,201309,4.9,192.4
KS,201310,4.8,193.63
KS,201311,4.4,193.63
KS,201312,4.4,193.63
KS,201401,5.0,192.19
KS,201402,5.2,192.19
KS,201403,5.0,192.19
KS,201404,4.2,198.13
KS,201405,4.5,198.13
KS,201406,4.8,198.13
KS,201407,5.2,199.12
KS,201408,4.7,199.12
KS,201409,4.2,199.12
KS,201410,3.9,200.22
KS,201411,3.9,200.22
KS,201412,3.8,200.22
KS,201501,4.6,201.77
KS,201502,4.6,201.77
KS,201503,4.5,201.77
KS,201504,4.2,203.65
KS,201505,4.4,203.65
KS,201506,4.4,203.65
KS,201507,4.7,205.12
KS,201508,4.2,205.12
KS,201509,3.7,205.12
KS,201510,3.7,207.54
KS,201511,3.5,207.54
KS,201512,3.6,207.54
KS,201601,4.1,208.29
KS,201602,4.2,208.29
KS,201603,4.1,208.29
KS,201604,3.8,212.9
KS,201605,3.8,212.9
KS,201606,4.4,212.9
KS,201607,4.7,215.38
KS,201608,4.4,215.38
KS,201609,4.0,215.38
KS,201610,4.0,216.95
KS,201611,3.6,216.95
KS,201612,3.6,216.95
KS,201701,4.1,221.35
KS,201702,4.1,221.35
KS,201703,3.8,221.35
KS,201704,3.5,221.69
KS,201705,3.6,221.69
KS,201706,3.8,221.69
KS,201707,4.2,225.32
KS,201708,4.0,225.32
KS,201709,3.3,225.32
KS,201710,3.1,227.49
KS,201711,3.1,227.49
KS,201712,3.1,227.49
KS,201801,3.6,229.83
KS,201802,3.8,229.83
KS,201803,3.6,229.83
KS,201804,3.1,234.26
KS,201805,3.1,234.26
KS,201806,3.6,234.26
KS,201807,3.8,236.68
KS,201808,3.5,236.68
KS,201809,2.9,236.68
KS,201810,3.0,237.7
KS,201811,2.7,237.7
KS,201812,3.0,237.7
KS,201901,3.7,242.29
KS,201902,3.5,242.29
KS,201903,3.4,242.29
KS,201904,2.8,245.35
KS,201905,3.0,245.35
KS,201906,3.3,245.35
KS,201907,3.8,246.83
KS,201908,3.4,246.83
KS,201909,2.8,246.83
KS,201910,2.9,251.3
KS,201911,2.7,251.3
KS,201912,2.7,251.3
KS,202001,3.2,255.37
KS,202002,3.2,255.37
KS,202003,3.6,255.37
KS,202004,11.8,258.28
KS,202005,9.3,258.28
KS,202006,7.5,258.28
KS,202007,7.3,261.33
KS,202008,5.9,261.33
KS,202009,5.3,261.33
KS,202010,4.6,273.49
KS,202011,4.2,273.49
KS,202012,4.1,273.49
KS,202101,4.3,283.83
KS,202102,4.0,283.83
KS,202103,3.7,283.83
KS,202104,3.4,289.95
KS,202105,3.4,289.95
KS,202106,4.1,289.95
KS,202107,4.1,303.92
KS,202108,3.6,303.92
KS,202109,2.9,303.92
KS,202110,2.8,312.29
KS,202111,2.2,312.29
KS,202112,2.0,312.29
KS,202201,2.8,321.13
KS,202202,2.8,321.13
KS,202203,2.7,321.13
KS,202204,2.3,334.04
KS,202205,2.5,334.04
KS,202206,2.9,334.04
KS,202207,3.3,342.72
KS,202208,3.2,342.72
KS,202209,2.6,342.72
KS,202210,2.8,345.19
KS,202211,2.5,345.19
KS,202212,2.4,345.19
KS,202301,3.0,348.49
KS,202302,3.2,348.49
KS,202303,3.0,348.49
KS,202304,2.6,350.98
KS,202305,2.8,350.98
KS,202306,3.0,350.98
KS,202307,3.2,360.18
KS,202308,3.2,360.18
KS,202309,2.8,360.18
KS,202310,3.0,370.55
KS,202311,2.3,370.55
KS,202312,2.4,370.55
KS,202401,3.1,376.89
KS,202402,3.6,376.89
KS,202403,3.4,376.89
KS,202404,3.1,386.47
KS,202405,3.4,386.47
KS,202406,3.9,386.47
KS,202407,4.4,388.04
KS,202408,4.1,388.04
KS,202409,3.4,388.04
KS,202410,3.7,392.22
KS,202411,3.5,392.22
KS,202412,3.3,392.22
KS,202501,3.9,398.21
KS,202502,4.1,398.21
KS,202503,3.8,398.21
KY,199901,5.2,138.35
KY,199902,5.3,138.35
KY,199903,5.0,138.35
KY,199904,4.4,140.34
KY,199905,4.5,140.34
KY,199906,5.0,140.34
KY,199907,4.7,141.87
KY,199908,4.3,141.87
KY,199909,4.2,141.87
KY,199910,3.9,143.88
KY,199911,3.8,143.88
KY,199912,3.8,143.88
KY,200001,4.6,145.16
KY,200002,4.9,145.16
KY,200003,4.5,145.16
KY,200004,3.6,147.49
KY,200005,4.0,147.49
KY,200006,4.3,147.49
KY,200007,4.3,148.21
KY,200008,4.0,148.21
KY,200009,3.8,148.21
KY,200010,3.8,149.46
KY,200011,3.9,149.46
KY,200012,4.0,149.46
KY,200101,5.2,150.62
KY,200102,5.2,150.62
KY,200103,5.3,150.62
KY,200104,4.7,151.67
KY,200105,4.7,151.67
KY,200106,5.3,151.67
KY,200107,5.4,153.3
KY,200108,5.1,153.3
KY,200109,4.9,153.3
KY,200110,5.3,154.51
KY,200111,5.5,154.51
KY,200112,5.6,154.51
KY,200201,6.6,156.18
KY,200202,6.4,156.18
KY,200203,6.3,156.18
KY,200204,5.6,156.85
KY,200205,5.6,156.85
KY,200206,6.1,156.85
KY,200207,5.9,158.64
KY,200208,5.5,158.64
KY,200209,5.2,158.64
KY,200210,5.1,159.03
KY,200211,5.5,159.03
KY,200212,5.6,159.03
KY,200301,6.6,161.81
KY,200302,6.8,161.81
KY,200303,6.6,161.81
KY,200304,6.0,163.27
KY,200305,6.2,163.27
KY,200306,6.9,163.27
KY,200307,6.6,165.21
KY,200308,5.9,165.21
KY,200309,5.8,165.21
KY,200310,5.5,167.47
KY,200311,5.6,167.47
KY,200312,5.4,167.47
KY,200401,6.3,168.74
KY,200402,6.4,168.74
KY,200403,6.4,168.74
KY,200404,5.4,172.29
KY,200405,5.5,172.29
KY,200406,6.0,172.29
KY,200407,5.8,172.49
KY,200408,5.0,172.49
KY,200409,4.8,172.49
KY,200410,4.7,174.39
KY,200411,4.8,174.39
KY,200412,5.0,174.39
KY,200501,6.1,176.99
KY,200502,6.5,176.99
KY,200503,6.2,176.99
KY,200504,5.5,178.37
KY,200505,5.7,178.37
KY,200506,6.2,178.37
KY,200507,6.1,180.19
KY,200508,5.4,180.19
KY,200509,5.6,180.19
KY,200510,5.5,182.32
KY,200511,5.7,182.32
KY,200512,5.8,182.32
KY,200601,6.5,184.19
KY,200602,6.7,184.19
KY,200603,6.3,184.19
KY,200604,5.7,187.54
KY,200605,5.6,187.54
KY,200606,6.0,187.54
KY,200607,6.1,187.48
KY,200608,5.4,187.48
KY,200609,5.3,187.48
KY,200610,5.0,188.32
KY,200611,5.1,188.32
KY,200612,5.0,188.32
KY,200701,6.2,189.1
KY,200702,6.3,189.1
KY,200703,5.8,189.1
KY,200704,5.1,190.61
KY,200705,5.1,190.61
KY,200706,5.6,190.61
KY,200707,5.6,191.81
KY,200708,5.0,191.81
KY,200709,5.0,191.81
KY,200710,4.8,190.89
KY,200711,4.7,190.89
KY,200712,5.3,190.89
KY,200801,5.9,191.17
KY,200802,6.0,191.17
KY,200803,6.2,191.17
KY,200804,5.4,189.41
KY,200805,5.9,189.41
KY,200806,6.5,189.41
KY,200807,6.7,189.97
KY,200808,6.6,189.97
KY,200809,6.6,189.97
KY,200810,6.7,189.41
KY,200811,7.1,189.41
KY,200812,8.2,189.41
KY,200901,10.2,186.71
KY,200902,10.8,186.71
KY,200903,11.0,186.71
KY,200904,10.2,186.57
KY,200905,10.8,186.57
KY,200906,11.4,186.57
KY,200907,11.2,186.74
KY,200908,10.6,186.74
KY,200909,10.4,186.74
KY,200910,10.3,186.73
KY,200911,10.1,186.73
KY,200912,10.4,186.73
KY,201001,11.7,186.33
KY,201002,11.9,186.33
KY,201003,11.3,186.33
KY,201004,10.2,186.21
KY,201005,10.1,186.21
KY,201006,10.3,186.21
KY,201007,10.3,185.06
KY,201008,9.8,185.06
KY,201009,9.6,185.06
KY,201010,9.4,184.89
KY,201011,9.6,184.89
KY,201012,9.5,184.89
KY,201101,10.6,186.13
KY,201102,10.4,186.13
KY,201103,9.9,186.13
KY,201104,9.1,182.63
KY,201105,9.3,182.63
KY,201106,9.8,182.63
KY,201107,9.9,181.03
KY,201108,9.1,181.03
KY,201109,9.1,181.03
KY,201110,8.6,182.23
KY,201111,8.3,182.23
KY,201112,8.4,182.23
KY,201201,9.1,181.42
KY,201202,9.1,181.42
KY,201203,8.7,181.42
KY,201204,7.7,183.51
KY,201205,8.0,183.51
KY,201206,8.6,183.51
KY,201207,8.7,184.59
KY,201208,8.1,184.59
KY,201209,7.7,184.59
KY,201210,7.6,184.48
KY,201211,7.4,184.48
KY,201212,7.8,184.48
KY,201301,8.8,185.98
KY,201302,8.6,185.98
KY,201303,8.4,185.98
KY,201304,7.5,186.93
KY,201305,7.9,186.93
KY,201306,8.6,186.93
KY,201307,8.4,188.73
KY,201308,7.6,188.73
KY,201309,7.6,188.73
KY,201310,7.6,190.66
KY,201311,7.2,190.66
KY,201312,7.0,190.66
KY,201401,7.9,190.73
KY,201402,8.2,190.73
KY,201403,7.8,190.73
KY,201404,6.4,190.17
KY,201405,6.6,190.17
KY,201406,6.8,190.17
KY,201407,6.8,192.99
KY,201408,5.9,192.99
KY,201409,5.5,192.99
KY,201410,5.1,193.96
KY,201411,5.2,193.96
KY,201412,5.0,193.96
KY,201501,6.0,195.64
KY,201502,5.8,195.64
KY,201503,5.8,195.64
KY,201504,4.9,198.06
KY,201505,5.2,198.06
KY,201506,5.5,198.06
KY,201507,5.7,199.41
KY,201508,4.9,199.41
KY,201509,4.8,199.41
KY,201510,4.7,201.02
KY,201511,4.8,201.02
KY,201512,4.9,201.02
KY,201601,5.7,205.57
KY,201602,5.7,205.57
KY,201603,5.6,205.57
KY,201604,4.7,206.61
KY,201605,4.8,206.61
KY,201606,5.4,206.61
KY,201607,5.3,208.54
KY,201608,4.8,208.54
KY,201609,4.8,208.54
KY,201610,4.7,212.17
KY,201611,4.4,212.17
KY,201612,4.7,212.17
KY,201701,5.7,213.38
KY,201702,5.7,213.38
KY,201703,5.3,213.38
KY,201704,4.6,217.29
KY,201705,4.7,217.29
KY,201706,5.3,217.29
KY,201707,5.3,221.5
KY,201708,4.6,221.5
KY,201709,4.2,221.5
KY,201710,4.0,224.43
KY,201711,3.8,224.43
KY,201712,3.9,224.43
KY,201801,4.7,226.76
KY,201802,4.8,226.76
KY,201803,4.6,226.76
KY,201804,3.9,230.1
KY,201805,4.0,230.1
KY,201806,4.7,230.1
KY,201807,4.6,231.37
KY,201808,3.9,231.37
KY,201809,4.0,231.37
KY,201810,3.8,233.79
KY,201811,3.5,233.79
KY,201812,3.8,233.79
KY,201901,4.7,238.49
KY,201902,4.7,238.49
KY,201903,4.7,238.49
KY,201904,3.8,239.14
KY,201905,4.0,239.14
KY,201906,4.6,239.14
KY,201907,4.6,244.79
KY,201908,3.9,244.79
KY,201909,3.6,244.79
KY,201910,3.6,245.85
KY,201911,3.5,245.85
KY,201912,3.6,245.85
KY,202001,4.5,248.5
KY,202002,4.4,248.5
KY,202003,5.2,248.5
KY,202004,16.1,253.82
KY,202005,12.9,253.82
KY,202006,5.8,253.82
KY,202007,6.1,256.34
KY,202008,4.9,256.34
KY,202009,4.8,256.34
KY,202010,4.2,265.52
KY,202011,4.1,265.52
KY,202012,4.6,265.52
KY,202101,5.2,276.2
KY,202102,5.1,276.2
KY,202103,4.9,276.2
KY,202104,4.2,282.96
KY,202105,4.2,282.96
KY,202106,5.4,282.96
KY,202107,5.0,294.98
KY,202108,4.2,294.98
KY,202109,4.1,294.98
KY,202110,3.9,308.01
KY,202111,3.7,308.01
KY,202112,3.6,308.01
KY,202201,4.6,315.64
KY,202202,4.4,315.64
KY,202203,4.4,315.64
KY,202204,3.5,327.61
KY,202205,3.9,327.61
KY,202206,4.5,327.61
KY,202207,4.5,337.1
KY,202208,4.0,337.1
KY,202209,3.7,337.1
KY,202210,3.8,336.6
KY,202211,3.7,336.6
KY,202212,3.6,336.6
KY,202301,4.5,346.33
KY,202302,4.7,346.33
KY,202303,4.3,346.33
KY,202304,3.6,353.1
KY,202305,4.1,353.1
KY,202306,4.7,353.1
KY,202307,4.6,357.44
KY,202308,4.3,357.44
KY,202309,4.2,357.44
KY,202310,4.1,363.36
KY,202311,4.1,363.36
KY,202312,4.2,363.36
KY,202401,5.0,369.05
KY,202402,5.4,369.05
KY,202403,5.1,369.05
KY,202404,4.4,373.52
KY,202405,4.6,373.52
KY,202406,5.4,373.52
KY,202407,5.8,380.6
KY,202408,5.3,380.6
KY,202409,4.9,380.6
KY,202410,5.0,386.52
KY,202411,5.0,386.52
KY,202412,5.0,386.52
KY,202501,5.5,393.63
KY,202502,5.5,393.63
KY,202503,5.5,393.63
LA,199901,5.6,148.54
LA,199902,5.0,148.54
LA,199903,4.7,148.54
LA,199904,4.6,148.78
LA,199905,4.5,148.78
LA,199906,5.7,148.78
LA,199907,5.5,150.36
LA,199908,5.2,150.36
LA,199909,5.2,150.36
LA,199910,4.9,151.97
LA,199911,4.4,151.97
LA,199912,4.2,151.97
LA,200001,5.3,152.66
LA,200002,4.8,152.66
LA,200003,4.9,152.66
LA,200004,4.3,154.47
LA,200005,5.0,154.47
LA,200006,5.9,154.47
LA,200007,5.6,156.43
LA,200008,5.5,156.43
LA,200009,5.3,156.43
LA,200010,5.1,156.91
LA,200011,5.2,156.91
LA,200012,4.9,156.91
LA,200101,6.0,157.35
LA,200102,5.2,157.35
LA,200103,5.3,157.35
LA,200104,5.0,159.21
LA,200105,5.1,159.21
LA,200106,6.2,159.21
LA,200107,5.7,160.73
LA,200108,5.6,160.73
LA,200109,5.7,160.73
LA,200110,5.8,162.67
LA,200111,5.9,162.67
LA,200112,5.8,162.67
LA,200201,6.6,165.13
LA,200202,5.8,165.13
LA,200203,5.7,165.13
LA,200204,5.6,164.77
LA,200205,5.8,164.77
LA,200206,6.8,164.77
LA,200207,6.2,167.7
LA,200208,6.0,167.7
LA,200209,5.8,167.7
LA,200210,5.6,169.39
LA,200211,5.8,169.39
LA,200212,5.8,169.39
LA,200301,6.5,171.67
LA,200302,6.0,171.67
LA,200303,6.1,171.67
LA,200304,5.9,174.55
LA,200305,6.2,174.55
LA,200306,7.6,174.55
LA,200307,7.0,175.57
LA,200308,6.6,175.57
LA,200309,6.1,175.57
LA,200310,5.7,178.78
LA,200311,5.6,178.78
LA,200312,5.4,178.78
LA,200401,6.4,181.54
LA,200402,5.5,181.54
LA,200403,5.6,181.54
LA,200404,5.3,183.72
LA,200405,5.6,183.72
LA,200406,6.6,183.72
LA,200407,6.1,187.67
LA,200408,5.5,187.67
LA,200409,5.5,187.67
LA,200410,5.4,190.16
LA,200411,5.4,190.16
LA,200412,5.3,190.16
LA,200501,6.0,192.54
LA,200502,5.5,192.54
LA,200503,5.2,192.54
LA,200504,4.9,195.33
LA,200505,5.3,195.33
LA,200506,6.2,195.33
LA,200507,5.8,199.25
LA,200508,5.4,199.25
LA,200509,11.6,199.25
LA,200510,11.5,202.53
LA,200511,11.5,202.53
LA,200512,6.1,202.53
LA,200601,5.0,213.75
LA,200602,4.0,213.75
LA,200603,4.0,213.75
LA,200604,3.8,219.23
LA,200605,4.1,219.23
LA,200606,4.8,219.23
LA,200607,4.2,223.31
LA,200608,4.1,223.31
LA,200609,4.1,223.31
LA,200610,3.9,227.47
LA,200611,3.9,227.47
LA,200612,3.7,227.47
LA,200701,4.5,231.09
LA,200702,3.9,231.09
LA,200703,3.8,231.09
LA,200704,3.8,233.56
LA,200705,4.2,233.56
LA,200706,4.8,233.56
LA,200707,4.5,235.28
LA,200708,4.2,235.28
LA,200709,4.1,235.28
LA,200710,3.6,236.93
LA,200711,3.6,236.93
LA,200712,3.9,236.93
LA,200801,4.5,235.55
LA,200802,3.8,235.55
LA,200803,4.0,235.55
LA,200804,3.6,234.41
LA,200805,4.1,234.41
LA,200806,5.1,234.41
LA,200807,5.0,233.17
LA,200808,5.0,233.17
LA,200809,5.3,233.17
LA,200810,5.1,230.58
LA,200811,5.0,230.58
LA,200812,5.3,230.58
LA,200901,6.4,229.13
LA,200902,6.1,229.13
LA,200903,6.3,229.13
LA,200904,6.2,229.81
LA,200905,6.6,229.81
LA,200906,7.7,229.81
LA,200907,7.4,229.03
LA,200908,7.1,229.03
LA,200909,6.9,229.03
LA,200910,6.6,227.07
LA,200911,6.3,227.07
LA,200912,6.6,227.07
LA,201001,7.6,228.26
LA,201002,6.9,228.26
LA,201003,6.9,228.26
LA,201004,6.7,227.85
LA,201005,7.2,227.85
LA,201006,8.1,227.85
LA,201007,7.9,227.49
LA,201008,7.9,227.49
LA,201009,7.7,227.49
LA,201010,7.5,227.57
LA,201011,7.5,227.57
LA,201012,7.3,227.57
LA,201101,8.1,225.51
LA,201102,7.4,225.51
LA,201103,7.3,225.51
LA,201104,6.9,220.99
LA,201105,7.2,220.99
LA,201106,8.1,220.99
LA,201107,7.8,222.42
LA,201108,7.5,222.42
LA,201109,7.4,222.42
LA,201110,7.1,222.41
LA,201111,6.7,222.41
LA,201112,6.6,222.41
LA,201201,7.4,223.02
LA,201202,6.9,223.02
LA,201203,6.7,223.02
LA,201204,6.3,222.62
LA,201205,6.8,222.62
LA,201206,7.7,222.62
LA,201207,7.4,225.37
LA,201208,6.9,225.37
LA,201209,6.4,225.37
LA,201210,6.1,228.52
LA,201211,5.7,228.52
LA,201212,6.1,228.52
LA,201301,7.3,229.22
LA,201302,6.5,229.22
LA,201303,6.4,229.22
LA,201304,6.2,234.02
LA,201305,6.6,234.02
LA,201306,7.5,234.02
LA,201307,7.0,236.11
LA,201308,6.6,236.11
LA,201309,6.3,236.11
LA,201310,6.0,234.84
LA,201311,5.5,234.84
LA,201312,5.1,234.84
LA,201401,5.7,238.83
LA,201402,5.4,238.83
LA,201403,5.5,238.83
LA,201404,5.2,239.21
LA,201405,6.0,239.21
LA,201406,6.7,239.21
LA,201407,7.1,240.49
LA,201408,7.0,240.49
LA,201409,6.8,240.49
LA,201410,6.5,244.11
LA,201411,6.6,244.11
LA,201412,6.2,244.11
LA,201501,7.0,245.05
LA,201502,6.4,245.05
LA,201503,6.3,245.05
LA,201504,6.1,248.86
LA,201505,6.5,248.86
LA,201506,6.9,248.86
LA,201507,6.7,250.65
LA,201508,6.2,250.65
LA,201509,6.1,250.65
LA,201510,5.9,253.24
LA,201511,5.6,253.24
LA,201512,5.3,253.24
LA,201601,6.2,254.48
LA,201602,5.8,254.48
LA,201603,5.9,254.48
LA,201604,5.7,257.04
LA,201605,5.8,257.04
LA,201606,6.9,257.04
LA,201607,6.7,258.43
LA,201608,6.4,258.43
LA,201609,6.4,258.43
LA,201610,5.8,259.51
LA,201611,5.5,259.51
LA,201612,5.4,259.51
LA,201701,6.1,264.78
LA,201702,5.5,264.78
LA,201703,5.2,264.78
LA,201704,5.1,264.36
LA,201705,5.1,264.36
LA,201706,5.7,264.36
LA,201707,5.6,266.9
LA,201708,5.4,266.9
LA,201709,5.0,266.9
LA,201710,4.4,268.91
LA,201711,4.3,268.91
LA,201712,4.2,268.91
LA,201801,4.8,270.63
LA,201802,4.5,270.63
LA,201803,4.6,270.63
LA,201804,4.5,271.98
LA,201805,4.7,271.98
LA,201806,6.0,271.98
LA,201807,5.6,272.39
LA,201808,5.2,272.39
LA,201809,4.8,272.39
LA,201810,4.6,273.33
LA,201811,4.3,273.33
LA,201812,4.4,273.33
LA,201901,5.1,276.09
LA,201902,4.3,276.09
LA,201903,4.1,276.09
LA,201904,3.8,278.12
LA,201905,4.3,278.12
LA,201906,5.4,278.12
LA,201907,5.3,279.62
LA,201908,5.0,279.62
LA,201909,4.7,279.62
LA,201910,4.7,281.66
LA,201911,4.6,281.66
LA,201912,4.4,281.66
LA,202001,4.8,283.96
LA,202002,4.0,283.96
LA,202003,6.8,283.96
LA,202004,13.0,286.36
LA,202005,12.6,286.36
LA,202006,11.7,286.36
LA,202007,11.0,290.26
LA,202008,9.0,290.26
LA,202009,9.3,290.26
LA,202010,7.9,295.24
LA,202011,6.9,295.24
LA,202012,6.9,295.24
LA,202101,7.2,301.91
LA,202102,6.6,301.91
LA,202103,6.2,301.91
LA,202104,6.2,309.38
LA,202105,6.1,309.38
LA,202106,7.0,309.38
LA,202107,6.1,316.65
LA,202108,5.3,316.65
LA,202109,5.0,316.65
LA,202110,4.3,326.67
LA,202111,3.8,326.67
LA,202112,3.4,326.67
LA,202201,4.2,333.12
LA,202202,3.7,333.12
LA,202203,3.5,333.12
LA,202204,3.3,344.88
LA,202205,3.5,344.88
LA,202206,4.5,344.88
LA,202207,4.1,349.36
LA,202208,3.9,349.36
LA,202209,3.6,349.36
LA,202210,3.3,351.58
LA,202211,3.2,351.58
LA,202212,3.2,351.58
LA,202301,3.8,351.05
LA,202302,3.5,351.05
LA,202303,3.3,351.05
LA,202304,3.1,348.62
LA,202305,3.6,348.62
LA,202306,4.3,348.62
LA,202307,3.7,354.92
LA,202308,3.9,354.92
LA,202309,4.0,354.92
LA,202310,4.0,358.26
LA,202311,3.8,358.26
LA,202312,3.9,358.26
LA,202401,4.4,358.05
LA,202402,4.2,358.05
LA,202403,4.0,358.05
LA,202404,3.6,358.63
LA,202405,3.8,358.63
LA,202406,4.9,358.63
LA,202407,4.8,359.89
LA,202408,4.8,359.89
LA,202409,4.6,359.89
LA,202410,4.6,356.13
LA,202411,4.4,356.13
LA,202412,4.2,356.13
LA,202501,4.4,359.76
LA,202502,4.2,359.76
LA,202503,4.4,359.76
ME,199901,4.8,112.43
ME,199902,4.9,112.43
ME,199903,4.6,112.43
ME,199904,4.2,113.29
ME,199905,4.0,113.29
ME,199906,3.9,113.29
ME,199907,3.6,115.86
ME,199908,3.2,115.86
ME,199909,3.4,115.86
ME,199910,3.5,118.5
ME,199911,3.8,118.5
ME,199912,3.8,118.5
ME,200001,4.4,120.86
ME,200002,4.4,120.86
ME,200003,4.1,120.86
ME,200004,3.5,122.33
ME,200005,3.3,122.33
ME,200006,3.0,122.33
ME,200007,2.9,126.64
ME,200008,2.6,126.64
ME,200009,2.7,126.64
ME,200010,2.7,129.63
ME,200011,3.2,129.63
ME,200012,3.0,129.63
ME,200101,3.9,132.63
ME,200102,4.1,132.63
ME,200103,4.0,132.63
ME,200104,4.0,136.61
ME,200105,3.7,136.61
ME,200106,3.5,136.61
ME,200107,3.4,139.37
ME,200108,3.3,139.37
ME,200109,3.4,139.37
ME,200110,3.7,144.91
ME,200111,4.0,144.91
ME,200112,4.1,144.91
ME,200201,5.0,146.57
ME,200202,4.8,146.57
ME,200203,5.0,146.57
ME,200204,4.7,152.14
ME,200205,4.2,152.14
ME,200206,4.2,152.14
ME,200207,4.1,156.47
ME,200208,3.8,156.47
ME,200209,3.8,156.47
ME,200210,4.0,161.35
ME,200211,4.7,161.35
ME,200212,4.8,161.35
ME,200301,5.7,165.45
ME,200302,5.9,165.45
ME,200303,5.8,165.45
ME,200304,5.5,169.51
ME,200305,5.1,169.51
ME,200306,5.1,169.51
ME,200307,4.9,172.91
ME,200308,4.5,172.91
ME,200309,4.6,172.91
ME,200310,4.6,176.77
ME,200311,5.0,176.77
ME,200312,4.8,176.77
ME,200401,5.6,185.6
ME,200402,5.5,185.6
ME,200403,5.5,185.6
ME,200404,4.8,185.58
ME,200405,4.5,185.58
ME,200406,4.4,185.58
ME,200407,4.3,194.02
ME,200408,4.0,194.02
ME,200409,4.1,194.02
ME,200410,4.2,199.4
ME,200411,4.6,199.4
ME,200412,4.6,199.4
ME,200501,5.5,202.47
ME,200502,5.8,202.47
ME,200503,5.6,202.47
ME,200504,5.2,209.25
ME,200505,5.0,209.25
ME,200506,4.6,209.25
ME,200507,4.6,213.5
ME,200508,4.2,213.5
ME,200509,4.5,213.5
ME,200510,4.4,217.55
ME,200511,4.9,217.55
ME,200512,4.7,217.55
ME,200601,5.3,219.78
ME,200602,5.5,219.78
ME,200603,5.2,219.78
ME,200604,4.8,219.5
ME,200605,4.6,219.5
ME,200606,4.5,219.5
ME,200607,4.6,218.73
ME,200608,4.2,218.73
ME,200609,4.2,218.73
ME,200610,4.2,218.82
ME,200611,4.8,218.82
ME,200612,4.6,218.82
ME,200701,5.4,218.39
ME,200702,5.5,218.39
ME,200703,5.1,218.39
ME,200704,4.9,218.32
ME,200705,4.7,218.32
ME,200706,4.4,218.32
ME,200707,4.5,219.45
ME,200708,4.0,219.45
ME,200709,4.2,219.45
ME,200710,4.2,218.21
ME,200711,4.6,218.21
ME,200712,4.8,218.21
ME,200801,5.6,218.18
ME,200802,5.5,218.18
ME,200803,5.5,218.18
ME,200804,4.9,215.07
ME,200805,5.1,215.07
ME,200806,4.9,215.07
ME,200807,5.0,213.92
ME,200808,4.8,213.92
ME,200809,4.9,213.92
ME,200810,5.2,211.84
ME,200811,6.1,211.84
ME,200812,6.8,211.84
ME,200901,8.6,204.69
ME,200902,9.1,204.69
ME,200903,9.3,204.69
ME,200904,8.5,210.11
ME,200905,8.5,210.11
ME,200906,8.3,210.11
ME,200907,8.0,209.1
ME,200908,7.5,209.1
ME,200909,7.7,209.1
ME,200910,7.7,203.8
ME,200911,8.2,203.8
ME,200912,8.6,203.8
ME,201001,9.8,202.77
ME,201002,9.9,202.77
ME,201003,9.6,202.77
ME,201004,8.8,201.81
ME,201005,8.3,201.81
ME,201006,7.9,201.81
ME,201007,7.9,198.51
ME,201008,7.4,198.51
ME,201009,7.3,198.51
ME,201010,7.4,200.89
ME,201011,8.2,200.89
ME,201012,8.2,200.89
ME,201101,9.1,199.12
ME,201102,9.1,199.12
ME,201103,8.8,199.12
ME,201104,8.1,195.36
ME,201105,7.9,195.36
ME,201106,7.5,195.36
ME,201107,7.3,194.9
ME,201108,6.9,194.9
ME,201109,7.0,194.9
ME,201110,6.9,197.03
ME,201111,7.1,197.03
ME,201112,7.4,197.03
ME,201201,8.3,197.33
ME,201202,8.4,197.33
ME,201203,8.1,197.33
ME,201204,7.3,194.5
ME,201205,7.2,194.5
ME,201206,7.0,194.5
ME,201207,7.0,194.48
ME,201208,6.5,194.48
ME,201209,6.3,194.48
ME,201210,6.5,192.19
ME,201211,6.8,192.19
ME,201212,7.2,192.19
ME,201301,8.3,197.62
ME,201302,8.1,197.62
ME,201303,7.6,197.62
ME,201304,7.1,201.04
ME,201305,6.8,201.04
ME,201306,6.5,201.04
ME,201307,6.2,199.98
ME,201308,5.8,199.98
ME,201309,5.8,199.98
ME,201310,5.9,199.72
ME,201311,6.2,199.72
ME,201312,6.1,199.72
ME,201401,7.0,197.89
ME,201402,7.1,197.89
ME,201403,6.8,197.89
ME,201404,5.9,201.93
ME,201405,5.6,201.93
ME,201406,5.1,201.93
ME,201407,5.2,202.63
ME,201408,4.9,202.63
ME,201409,4.7,202.63
ME,201410,4.7,204.93
ME,201411,5.1,204.93
ME,201412,5.0,204.93
ME,201501,5.9,203.23
ME,201502,5.7,203.23
ME,201503,5.3,203.23
ME,201504,4.7,203.89
ME,201505,4.6,203.89
ME,201506,4.1,203.89
ME,201507,3.9,211.52
ME,201508,3.5,211.52
ME,201509,3.5,211.52
ME,201510,3.6,209.03
ME,201511,4.0,209.03
ME,201512,4.1,209.03
ME,201601,4.8,210.7
ME,201602,4.7,210.7
ME,201603,4.7,210.7
ME,201604,4.0,213.65
ME,201605,3.7,213.65
ME,201606,3.6,213.65
ME,201607,3.4,215.34
ME,201608,3.2,215.34
ME,201609,3.3,215.34
ME,201610,3.3,217.99
ME,201611,3.5,217.99
ME,201612,3.5,217.99
ME,201701,4.3,225.84
ME,201702,4.2,225.84
ME,201703,3.9,225.84
ME,201704,3.6,224.33
ME,201705,3.5,224.33
ME,201706,3.2,224.33
ME,201707,3.2,228.18
ME,201708,2.9,228.18
ME,201709,2.9,228.18
ME,201710,2.9,232.95
ME,201711,3.2,232.95
ME,201712,3.0,232.95
ME,201801,3.7,234.23
ME,201802,3.7,234.23
ME,201803,3.5,234.23
ME,201804,3.3,239.72
ME,201805,3.1,239.72
ME,201806,3.1,239.72
ME,201807,3.1,243.54
ME,201808,2.8,243.54
ME,201809,2.8,243.54
ME,201810,2.9,246.93
ME,201811,3.0,246.93
ME,201812,3.2,246.93
ME,201901,3.9,250.77
ME,201902,3.6,250.77
ME,201903,3.5,250.77
ME,201904,3.0,255.48
ME,201905,2.8,255.48
ME,201906,2.5,255.48
ME,201907,2.5,257.93
ME,201908,2.4,257.93
ME,201909,2.4,257.93
ME,201910,2.5,262.92
ME,201911,2.8,262.92
ME,201912,2.8,262.92
ME,202001,3.7,267.03
ME,202002,3.8,267.03
ME,202003,4.3,267.03
ME,202004,9.2,273.81
ME,202005,9.7,273.81
ME,202006,6.4,273.81
ME,202007,6.7,276.79
ME,202008,3.6,276.79
ME,202009,3.0,276.79
ME,202010,3.0,286.66
ME,202011,3.4,286.66
ME,202012,4.0,286.66
ME,202101,5.5,306.13
ME,202102,5.7,306.13
ME,202103,5.5,306.13
ME,202104,5.4,317.36
ME,202105,5.1,317.36
ME,202106,5.2,317.36
ME,202107,4.7,336.79
ME,202108,4.5,336.79
ME,202109,4.0,336.79
ME,202110,3.9,353.95
ME,202111,4.0,353.95
ME,202112,3.7,353.95
ME,202201,4.4,368.23
ME,202202,4.0,368.23
ME,202203,3.6,368.23
ME,202204,3.0,385.1
ME,202205,2.8,385.1
ME,202206,2.5,385.1
ME,202207,2.3,408.62
ME,202208,2.1,408.62
ME,202209,2.2,408.62
ME,202210,2.3,404.89
ME,202211,2.6,404.89
ME,202212,2.4,404.89
ME,202301,3.0,413.95
ME,202302,3.2,413.95
ME,202303,3.0,413.95
ME,202304,2.4,420.28
ME,202305,2.5,420.28
ME,202306,2.4,420.28
ME,202307,2.4,436.05
ME,202308,2.3,436.05
ME,202309,2.3,436.05
ME,202310,2.5,449.83
ME,202311,2.8,449.83
ME,202312,2.8,449.83
ME,202401,3.3,445.88
ME,202402,3.5,445.88
ME,202403,3.2,445.88
ME,202404,2.9,463.78
ME,202405,2.8,463.78
ME,202406,2.8,463.78
ME,202407,3.0,464.54
ME,202408,2.9,464.54
ME,202409,2.8,464.54
ME,202410,3.1,469.63
ME,202411,3.6,469.63
ME,202412,3.5,469.63
ME,202501,4.0,476.62
ME,202502,4.0,476.62
ME,202503,3.8,476.62
MD,199901,4.0,106.64
MD,199902,4.1,106.64
MD,199903,3.7,106.64
MD,199904,3.4,108.43
MD,199905,3.3,108.43
MD,199906,3.7,108.43
MD,199907,3.6,109.82
MD,199908,3.3,109.82
MD,199909,3.1,109.82
MD,199910,3.1,110.99
MD,199911,3.0,110.99
MD,199912,2.8,110.99
MD,200001,3.6,113.12
MD,200002,3.7,113.12
MD,200003,3.6,113.12
MD,200004,3.1,114.57
MD,200005,3.5,114.57
MD,200006,3.8,114.57
MD,200007,3.8,117.38
MD,200008,3.8,117.38
MD,200009,3.5,117.38
MD,200010,3.5,119.44
MD,200011,3.5,119.44
MD,200012,3.3,119.44
MD,200101,4.1,121.19
MD,200102,4.0,121.19
MD,200103,3.9,121.19
MD,200104,3.6,124.61
MD,200105,3.6,124.61
MD,200106,4.1,124.61
MD,200107,4.1,128.13
MD,200108,4.4,128.13
MD,200109,4.2,128.13
MD,200110,4.6,131.53
MD,200111,4.5,131.53
MD,200112,4.5,131.53
MD,200201,5.2,135.49
MD,200202,5.0,135.49
MD,200203,4.8,135.49
MD,200204,4.5,139.22
MD,200205,4.2,139.22
MD,200206,4.7,139.22
MD,200207,4.5,144.18
MD,200208,4.4,144.18
MD,200209,4.0,144.18
MD,200210,4.1,149.42
MD,200211,4.2,149.42
MD,200212,4.1,149.42
MD,200301,4.8,155.33
MD,200302,4.9,155.33
MD,200303,4.7,155.33
MD,200304,4.3,158.31
MD,200305,4.4,158.31
MD,200306,4.9,158.31
MD,200307,4.7,164.69
MD,200308,4.4,164.69
MD,200309,4.2,164.69
MD,200310,4.2,171.45
MD,200311,4.3,171.45
MD,200312,4.0,171.45
MD,200401,4.7,178.13
MD,200402,4.6,178.13
MD,200403,4.5,178.13
MD,200404,4.0,185.95
MD,200405,4.1,185.95
MD,200406,4.6,185.95
MD,200407,4.5,193.69
MD,200408,4.3,193.69
MD,200409,4.0,193.69
MD,200410,4.1,203.91
MD,200411,4.2,203.91
MD,200412,4.1,203.91
MD,200501,4.7,212.96
MD,200502,4.9,212.96
MD,200503,4.6,212.96
MD,200504,4.1,223.14
MD,200505,4.1,223.14
MD,200506,4.4,223.14
MD,200507,4.3,235.55
MD,200508,4.1,235.55
MD,200509,3.8,235.55
MD,200510,3.8,245.86
MD,200511,3.8,245.86
MD,200512,3.5,245.86
MD,200601,3.9,253.27
MD,200602,4.0,253.27
MD,200603,3.7,253.27
MD,200604,3.6,257.78
MD,200605,3.8,257.78
MD,200606,4.3,257.78
MD,200607,4.4,262.27
MD,200608,4.0,262.27
MD,200609,3.7,262.27
MD,200610,3.6,260.57
MD,200611,3.6,260.57
MD,200612,3.4,260.57
MD,200701,4.1,263.45
MD,200702,4.0,263.45
MD,200703,3.5,263.45
MD,200704,3.2,267.15
MD,200705,3.2,267.15
MD,200706,3.7,267.15
MD,200707,3.7,265.33
MD,200708,3.4,265.33
MD,200709,3.3,265.33
MD,200710,3.3,261.0
MD,200711,3.0,261.0
MD,200712,3.0,261.0
MD,200801,3.5,257.43
MD,200802,3.6,257.43
MD,200803,3.6,257.43
MD,200804,3.3,247.45
MD,200805,3.8,247.45
MD,200806,4.4,247.45
MD,200807,4.6,235.26
MD,200808,4.7,235.26
MD,200809,4.6,235.26
MD,200810,5.0,229.45
MD,200811,5.1,229.45
MD,200812,5.5,229.45
MD,200901,6.6,219.09
MD,200902,7.0,219.09
MD,200903,6.9,219.09
MD,200904,6.5,219.72
MD,200905,6.9,219.72
MD,200906,7.4,219.72
MD,200907,7.3,215.29
MD,200908,7.3,215.29
MD,200909,7.3,215.29
MD,200910,7.6,214.67
MD,200911,7.5,214.67
MD,200912,7.5,214.67
MD,201001,8.4,210.61
MD,201002,8.4,210.61
MD,201003,8.2,210.61
MD,201004,7.5,209.55
MD,201005,7.5,209.55
MD,201006,7.8,209.55
MD,201007,7.9,209.35
MD,201008,7.9,209.35
MD,201009,7.5,209.35
MD,201010,7.4,204.04
MD,201011,7.5,204.04
MD,201012,7.3,204.04
MD,201101,7.8,204.38
MD,201102,7.7,204.38
MD,201103,7.4,204.38
MD,201104,6.9,199.06
MD,201105,7.1,199.06
MD,201106,7.7,199.06
MD,201107,7.6,196.04
MD,201108,7.5,196.04
MD,201109,7.2,196.04
MD,201110,7.1,197.34
MD,201111,6.7,197.34
MD,201112,6.7,197.34
MD,201201,7.3,196.5
MD,201202,7.4,196.5
MD,201203,7.0,196.5
MD,201204,6.5,196.45
MD,201205,6.7,196.45
MD,201206,7.2,196.45
MD,201207,7.2,201.62
MD,201208,7.0,201.62
MD,201209,6.5,201.62
MD,201210,6.6,201.37
MD,201211,6.5,201.37
MD,201212,6.6,201.37
MD,201301,7.3,204.38
MD,201302,7.1,204.38
MD,201303,6.8,204.38
MD,201304,6.4,208.29
MD,201305,6.6,208.29
MD,201306,7.1,208.29
MD,201307,6.8,211.13
MD,201308,6.5,211.13
MD,201309,6.2,211.13
MD,201310,6.4,214.26
MD,201311,6.0,214.26
MD,201312,5.6,214.26
MD,201401,6.2,215.02
MD,201402,6.3,215.02
MD,201403,6.1,215.02
MD,201404,5.3,215.86
MD,201405,5.7,215.86
MD,201406,6.0,215.86
MD,201407,6.1,216.4
MD,201408,6.0,216.4
MD,201409,5.4,216.4
MD,201410,5.3,215.57
MD,201411,5.3,215.57
MD,201412,5.1,215.57
MD,201501,5.8,217.67
MD,201502,5.6,217.67
MD,201503,5.3,217.67
MD,201504,4.8,217.57
MD,201505,5.1,217.57
MD,201506,5.3,217.57
MD,201507,5.3,219.4
MD,201508,5.0,219.4
MD,201509,4.7,219.4
MD,201510,4.8,220.33
MD,201511,4.6,220.33
MD,201512,4.3,220.33
MD,201601,4.7,220.18
MD,201602,4.6,220.18
MD,201603,4.5,220.18
MD,201604,4.0,224.79
MD,201605,3.9,224.79
MD,201606,4.4,224.79
MD,201607,4.4,227.5
MD,201608,4.3,227.5
MD,201609,4.0,227.5
MD,201610,4.2,226.7
MD,201611,4.0,226.7
MD,201612,3.9,226.7
MD,201701,4.5,231.63
MD,201702,4.5,231.63
MD,201703,4.1,231.63
MD,201704,3.7,232.84
MD,201705,3.8,232.84
MD,201706,4.2,232.84
MD,201707,4.2,234.7
MD,201708,4.2,234.7
MD,201709,3.8,234.7
MD,201710,4.0,237.91
MD,201711,4.0,237.91
MD,201712,3.8,237.91
MD,201801,4.4,240.84
MD,201802,4.4,240.84
MD,201803,4.1,240.84
MD,201804,3.5,242.67
MD,201805,3.5,242.67
MD,201806,4.2,242.67
MD,201807,4.0,243.38
MD,201808,3.8,243.38
MD,201809,3.4,243.38
MD,201810,3.5,244.39
MD,201811,3.3,244.39
MD,201812,3.4,244.39
MD,201901,4.1,244.63
MD,201902,3.9,244.63
MD,201903,3.6,244.63
MD,201904,3.0,245.5
MD,201905,3.1,245.5
MD,201906,3.6,245.5
MD,201907,3.7,248.17
MD,201908,3.5,248.17
MD,201909,3.0,248.17
MD,201910,3.1,250.72
MD,201911,3.0,250.72
MD,201912,2.9,250.72
MD,202001,3.5,252.96
MD,202002,3.5,252.96
MD,202003,4.1,252.96
MD,202004,8.6,254.68
MD,202005,9.1,254.68
MD,202006,8.2,254.68
MD,202007,8.0,256.72
MD,202008,7.0,256.72
MD,202009,7.0,256.72
MD,202010,6.5,268.96
MD,202011,6.3,268.96
MD,202012,6.4,268.96
MD,202101,6.7,279.47
MD,202102,6.5,279.47
MD,202103,6.2,279.47
MD,202104,5.6,287.86
MD,202105,5.5,287.86
MD,202106,6.0,287.86
MD,202107,5.5,294.16
MD,202108,5.2,294.16
MD,202109,4.4,294.16
MD,202110,4.1,302.75
MD,202111,3.7,302.75
MD,202112,3.1,302.75
MD,202201,3.7,310.81
MD,202202,3.6,310.81
MD,202203,3.2,310.81
MD,202204,2.7,323.44
MD,202205,2.8,323.44
MD,202206,3.4,323.44
MD,202207,3.2,327.12
MD,202208,3.2,327.12
MD,202209,2.6,327.12
MD,202210,2.8,326.53
MD,202211,2.4,326.53
MD,202212,2.1,326.53
MD,202301,2.6,330.33
MD,202302,2.5,330.33
MD,202303,2.1,330.33
MD,202304,1.5,331.0
MD,202305,1.7,331.0
MD,202306,2.0,331.0
MD,202307,2.2,341.28
MD,202308,2.3,341.28
MD,202309,2.2,341.28
MD,202310,2.5,347.68
MD,202311,2.3,347.68
MD,202312,2.4,347.68
MD,202401,3.0,349.22
MD,202402,3.1,349.22
MD,202403,2.9,349.22
MD,202404,2.5,353.26
MD,202405,2.6,353.26
MD,202406,3.4,353.26
MD,202407,3.5,355.52
MD,202408,3.5,355.52
MD,202409,2.9,355.52
MD,202410,3.1,361.21
MD,202411,3.1,361.21
MD,202412,2.7,361.21
MD,202501,3.0,370.35
MD,202502,3.3,370.35
MD,202503,3.2,370.35
MA,199901,3.9,120.99
MA,199902,3.8,120.99
MA,199903,3.6,120.99
MA,199904,3.2,124.25
MA,199905,3.1,124.25
MA,199906,3.5,124.25
MA,199907,3.6,128.07
MA,199908,3.1,128.07
MA,199909,3.2,128.07
MA,199910,2.9,132.02
MA,199911,2.8,132.02
MA,199912,2.8,132.02
MA,200001,3.7,135.7
MA,200002,3.5,135.7
MA,200003,3.3,135.7
MA,200004,2.5,140.35
MA,200005,2.7,140.35
MA,200006,2.9,140.35
MA,200007,3.0,145.67
MA,200008,2.6,145.67
MA,200009,2.5,145.67
MA,200010,2.2,150.1
MA,200011,2.3,150.1
MA,200012,2.4,150.1
MA,200101,3.6,156.03
MA,200102,3.5,156.03
MA,200103,3.6,156.03
MA,200104,3.2,162.07
MA,200105,3.3,162.07
MA,200106,3.8,162.07
MA,200107,4.0,167.2
MA,200108,3.9,167.2
MA,200109,4.0,167.2
MA,200110,4.0,172.23
MA,200111,4.2,172.23
MA,200112,4.4,172.23
MA,200201,5.6,176.73
MA,200202,5.4,176.73
MA,200203,5.4,176.73
MA,200204,5.0,181.87
MA,200205,5.0,181.87
MA,200206,5.4,181.87
MA,200207,5.5,188.49
MA,200208,5.2,188.49
MA,200209,5.2,188.49
MA,200210,5.0,195.74
MA,200211,5.1,195.74
MA,200212,5.3,195.74
MA,200301,6.3,201.5
MA,200302,6.1,201.5
MA,200303,6.0,201.5
MA,200304,5.5,205.44
MA,200305,5.7,205.44
MA,200306,6.2,205.44
MA,200307,6.1,210.02
MA,200308,5.7,210.02
MA,200309,5.7,210.02
MA,200310,5.3,213.92
MA,200311,5.3,213.92
MA,200312,5.2,213.92
MA,200401,6.2,221.86
MA,200402,5.8,221.86
MA,200403,5.7,221.86
MA,200404,4.9,226.59
MA,200405,5.1,226.59
MA,200406,5.4,226.59
MA,200407,5.3,231.42
MA,200408,4.8,231.42
MA,200409,4.7,231.42
MA,200410,4.5,236.97
MA,200411,4.5,236.97
MA,200412,4.5,236.97
MA,200501,5.5,242.05
MA,200502,5.5,242.05
MA,200503,5.1,242.05
MA,200504,4.5,246.11
MA,200505,4.7,246.11
MA,200506,4.9,246.11
MA,200507,4.9,249.85
MA,200508,4.5,249.85
MA,200509,4.7,249.85
MA,200510,4.3,251.4
MA,200511,4.5,251.4
MA,200512,4.5,251.4
MA,200601,5.3,250.68
MA,200602,5.3,250.68
MA,200603,5.0,250.68
MA,200604,4.5,249.01
MA,200605,4.6,249.01
MA,200606,4.8,249.01
MA,200607,5.0,245.18
MA,200608,4.6,245.18
MA,200609,4.6,245.18
MA,200610,4.1,242.17
MA,200611,4.3,242.17
MA,200612,4.4,242.17
MA,200701,5.4,239.63
MA,200702,5.1,239.63
MA,200703,4.7,239.63
MA,200704,4.2,237.4
MA,200705,4.4,237.4
MA,200706,4.6,237.4
MA,200707,4.8,237.28
MA,200708,4.3,237.28
MA,200709,4.3,237.28
MA,200710,4.0,233.78
MA,200711,4.0,233.78
MA,200712,4.4,233.78
MA,200801,5.2,229.93
MA,200802,5.0,229.93
MA,200803,4.9,229.93
MA,200804,4.2,227.33
MA,200805,4.9,227.33
MA,200806,5.3,227.33
MA,200807,5.5,220.7
MA,200808,5.4,220.7
MA,200809,5.5,220.7
MA,200810,5.5,217.14
MA,200811,5.7,217.14
MA,200812,6.4,217.14
MA,200901,7.9,215.49
MA,200902,8.1,215.49
MA,200903,8.1,215.49
MA,200904,7.5,217.77
MA,200905,8.0,217.77
MA,200906,8.4,217.77
MA,200907,8.6,213.98
MA,200908,8.3,213.98
MA,200909,8.4,213.98
MA,200910,8.2,213.37
MA,200911,8.0,213.37
MA,200912,8.4,213.37
MA,201001,9.4,213.71
MA,201002,9.1,213.71
MA,201003,8.8,213.71
MA,201004,8.0,213.18
MA,201005,8.0,213.18
MA,201006,8.1,213.18
MA,201007,8.2,212.42
MA,201008,7.8,212.42
MA,201009,7.7,212.42
MA,201010,7.3,211.04
MA,201011,7.5,211.04
MA,201012,7.5,211.04
MA,201101,8.3,211.0
MA,201102,8.1,211.0
MA,201103,7.6,211.0
MA,201104,6.9,207.65
MA,201105,7.1,207.65
MA,201106,7.5,207.65
MA,201107,7.5,207.09
MA,201108,7.1,207.09
MA,201109,7.0,207.09
MA,201110,6.6,206.12
MA,201111,6.4,206.12
MA,201112,6.6,206.12
MA,201201,7.3,205.6
MA,201202,7.2,205.6
MA,201203,6.8,205.6
MA,201204,6.2,205.08
MA,201205,6.5,205.08
MA,201206,6.9,205.08
MA,201207,7.2,205.84
MA,201208,6.8,205.84
MA,201209,6.4,205.84
MA,201210,6.3,207.73
MA,201211,6.1,207.73
MA,201212,6.5,207.73
MA,201301,7.5,209.94
MA,201302,7.2,209.94
MA,201303,6.8,209.94
MA,201304,6.3,213.29
MA,201305,6.7,213.29
MA,201306,7.1,213.29
MA,201307,7.1,216.2
MA,201308,6.6,216.2
MA,201309,6.5,216.2
MA,201310,6.3,218.97
MA,201311,5.9,218.97
MA,201312,6.0,218.97
MA,201401,6.7,220.99
MA,201402,6.6,220.99
MA,201403,6.3,220.99
MA,201404,5.4,221.16
MA,201405,5.7,221.16
MA,201406,5.9,221.16
MA,201407,6.2,226.3
MA,201408,5.8,226.3
MA,201409,5.4,226.3
MA,201410,5.1,227.41
MA,201411,4.9,227.41
MA,201412,4.9,227.41
MA,201501,5.7,229.23
MA,201502,5.5,229.23
MA,201503,5.1,229.23
MA,201504,4.5,231.73
MA,201505,4.9,231.73
MA,201506,5.0,231.73
MA,201507,5.1,235.2
MA,201508,4.6,235.2
MA,201509,4.4,235.2
MA,201510,4.3,237.18
MA,201511,4.1,237.18
MA,201512,4.2,237.18
MA,201601,4.8,239.73
MA,201602,4.7,239.73
MA,201603,4.5,239.73
MA,201604,3.8,243.07
MA,201605,3.9,243.07
MA,201606,4.2,243.07
MA,201607,4.2,245.61
MA,201608,3.9,245.61
MA,201609,3.7,245.61
MA,201610,3.5,249.82
MA,201611,3.3,249.82
MA,201612,3.6,249.82
MA,201701,4.5,253.7
MA,201702,4.4,253.7
MA,201703,4.0,253.7
MA,201704,3.5,256.66
MA,201705,3.8,256.66
MA,201706,4.0,256.66
MA,201707,4.2,262.67
MA,201708,3.9,262.67
MA,201709,3.6,262.67
MA,201710,3.4,266.34
MA,201711,3.3,266.34
MA,201712,3.5,266.34
MA,201801,4.2,269.74
MA,201802,4.2,269.74
MA,201803,3.8,269.74
MA,201804,3.2,273.94
MA,201805,3.3,273.94
MA,201806,3.8,273.94
MA,201807,3.8,278.01
MA,201808,3.4,278.01
MA,201809,3.1,278.01
MA,201810,3.0,280.91
MA,201811,2.7,280.91
MA,201812,3.1,280.91
MA,201901,3.9,283.7
MA,201902,3.6,283.7
MA,201903,3.4,283.7
MA,201904,2.7,287.87
MA,201905,2.9,287.87
MA,201906,3.2,287.87
MA,201907,3.3,288.94
MA,201908,3.1,288.94
MA,201909,2.7,288.94
MA,201910,2.6,293.31
MA,201911,2.5,293.31
MA,201912,2.7,293.31
MA,202001,3.5,298.91
MA,202002,3.4,298.91
MA,202003,3.8,298.91
MA,202004,17.2,304.25
MA,202005,14.5,304.25
MA,202006,14.7,304.25
MA,202007,12.8,302.78
MA,202008,10.2,302.78
MA,202009,9.5,302.78
MA,202010,7.9,317.53
MA,202011,7.3,317.53
MA,202012,7.2,317.53
MA,202101,7.3,332.95
MA,202102,6.9,332.95
MA,202103,6.3,332.95
MA,202104,5.5,344.98
MA,202105,5.3,344.98
MA,202106,5.8,344.98
MA,202107,5.5,359.44
MA,202108,5.0,359.44
MA,202109,4.4,359.44
MA,202110,4.1,372.33
MA,202111,3.6,372.33
MA,202112,3.6,372.33
MA,202201,4.4,382.77
MA,202202,4.2,382.77
MA,202203,3.8,382.77
MA,202204,3.2,395.9
MA,202205,3.5,395.9
MA,202206,3.8,395.9
MA,202207,3.9,406.29
MA,202208,3.9,406.29
MA,202209,3.3,406.29
MA,202210,3.3,401.54
MA,202211,3.2,401.54
MA,202212,3.3,401.54
MA,202301,4.0,402.23
MA,202302,4.1,402.23
MA,202303,3.7,402.23
MA,202304,2.8,409.31
MA,202305,3.3,409.31
MA,202306,3.6,409.31
MA,202307,3.6,419.59
MA,202308,3.6,419.59
MA,202309,3.2,419.59
MA,202310,3.3,430.97
MA,202311,3.2,430.97
MA,202312,3.6,430.97
MA,202401,4.2,439.23
MA,202402,4.3,439.23
MA,202403,4.0,439.23
MA,202404,3.4,445.16
MA,202405,3.8,445.16
MA,202406,4.2,445.16
MA,202407,4.5,450.62
MA,202408,4.3,450.62
MA,202409,3.8,450.62
MA,202410,3.9,456.71
MA,202411,3.9,456.71
MA,202412,4.1,456.71
MA,202501,4.7,464.59
MA,202502,5.0,464.59
MA,202503,5.0,464.59
MI,199901,4.6,152.23
MI,199902,4.7,152.23
MI,199903,4.4,152.23
MI,199904,3.8,154.76
MI,199905,3.6,154.76
MI,199906,3.9,154.76
MI,199907,4.2,157.22
MI,199908,3.1,157.22
MI,199909,3.2,157.22
MI,199910,3.2,159.7
MI,199911,3.3,159.7
MI,199912,3.2,159.7
MI,200001,3.9,162.31
MI,200002,3.5,162.31
MI,200003,3.8,162.31
MI,200004,3.1,165.28
MI,200005,3.4,165.28
MI,200006,3.9,165.28
MI,200007,4.6,168.18
MI,200008,3.7,168.18
MI,200009,3.5,168.18
MI,200010,3.2,170.48
MI,200011,3.5,170.48
MI,200012,3.7,170.48
MI,200101,5.2,172.45
MI,200102,5.1,172.45
MI,200103,5.3,172.45
MI,200104,4.6,174.74
MI,200105,4.7,174.74
MI,200106,5.0,174.74
MI,200107,5.3,176.53
MI,200108,5.1,176.53
MI,200109,5.0,176.53
MI,200110,5.1,178.75
MI,200111,5.7,178.75
MI,200112,6.0,178.75
MI,200201,7.2,180.45
MI,200202,6.5,180.45
MI,200203,6.8,180.45
MI,200204,6.1,182.21
MI,200205,6.1,182.21
MI,200206,6.6,182.21
MI,200207,6.9,183.99
MI,200208,5.8,183.99
MI,200209,5.3,183.99
MI,200210,5.2,185.14
MI,200211,5.7,185.14
MI,200212,6.1,185.14
MI,200301,7.4,187.41
MI,200302,7.4,187.41
MI,200303,7.5,187.41
MI,200304,6.8,188.82
MI,200305,7.1,188.82
MI,200306,8.0,188.82
MI,200307,8.1,189.43
MI,200308,7.1,189.43
MI,200309,6.8,189.43
MI,200310,6.5,191.78
MI,200311,6.3,191.78
MI,200312,6.3,191.78
MI,200401,7.3,193.22
MI,200402,7.1,193.22
MI,200403,7.6,193.22
MI,200404,6.3,194.82
MI,200405,6.7,194.82
MI,200406,7.2,194.82
MI,200407,7.7,195.95
MI,200408,6.7,195.95
MI,200409,6.6,195.95
MI,200410,6.5,197.0
MI,200411,6.8,197.0
MI,200412,7.0,197.0
MI,200501,7.7,198.64
MI,200502,7.8,198.64
MI,200503,7.4,198.64
MI,200504,6.7,199.55
MI,200505,6.7,199.55
MI,200506,6.9,199.55
MI,200507,7.3,199.66
MI,200508,6.2,199.66
MI,200509,6.1,199.66
MI,200510,5.7,199.95
MI,200511,6.3,199.95
MI,200512,6.4,199.95
MI,200601,7.1,198.69
MI,200602,7.3,198.69
MI,200603,7.3,198.69
MI,200604,6.7,196.45
MI,200605,6.3,196.45
MI,200606,6.9,196.45
MI,200607,7.8,195.13
MI,200608,6.9,195.13
MI,200609,6.7,195.13
MI,200610,6.2,192.9
MI,200611,6.5,192.9
MI,200612,6.8,192.9
MI,200701,7.6,190.27
MI,200702,7.3,190.27
MI,200703,7.2,190.27
MI,200704,6.8,188.1
MI,200705,6.7,188.1
MI,200706,7.3,188.1
MI,200707,7.8,184.34
MI,200708,6.9,184.34
MI,200709,6.9,184.34
MI,200710,6.7,178.97
MI,200711,6.6,178.97
MI,200712,7.1,178.97
MI,200801,7.7,172.28
MI,200802,7.5,172.28
MI,200803,7.7,172.28
MI,200804,6.8,167.4
MI,200805,7.9,167.4
MI,200806,8.2,167.4
MI,200807,8.8,161.03
MI,200808,8.4,161.03
MI,200809,8.2,161.03
MI,200810,8.5,156.44
MI,200811,8.8,156.44
MI,200812,9.8,156.44
MI,200901,11.8,150.0
MI,200902,12.6,150.0
MI,200903,13.2,150.0
MI,200904,12.8,155.9
MI,200905,13.7,155.9
MI,200906,14.8,155.9
MI,200907,15.0,150.33
MI,200908,14.0,150.33
MI,200909,13.8,150.33
MI,200910,13.5,146.78
MI,200911,13.1,146.78
MI,200912,13.5,146.78
MI,201001,14.6,145.11
MI,201002,14.4,145.11
MI,201003,14.3,145.11
MI,201004,13.3,143.3
MI,201005,12.8,143.3
MI,201006,13.0,143.3
MI,201007,13.7,143.34
MI,201008,12.5,143.34
MI,201009,11.8,143.34
MI,201010,11.3,142.04
MI,201011,10.9,142.04
MI,201012,10.6,142.04
MI,201101,11.3,141.61
MI,201102,11.1,141.61
MI,201103,10.6,141.61
MI,201104,9.9,137.97
MI,201105,10.1,137.97
MI,201106,10.7,137.97
MI,201107,11.2,136.45
MI,201108,10.3,136.45
MI,201109,9.7,136.45
MI,201110,9.1,138.5
MI,201111,8.6,138.5
MI,201112,9.0,138.5
MI,201201,9.8,139.55
MI,201202,9.7,139.55
MI,201203,9.4,139.55
MI,201204,8.6,139.94
MI,201205,9.0,139.94
MI,201206,9.5,139.94
MI,201207,10.2,144.02
MI,201208,9.2,144.02
MI,201209,8.4,144.02
MI,201210,8.3,146.41
MI,201211,8.0,146.41
MI,201212,8.8,146.41
MI,201301,9.8,149.29
MI,201302,9.4,149.29
MI,201303,9.0,149.29
MI,201304,8.4,153.95
MI,201305,8.7,153.95
MI,201306,9.4,153.95
MI,201307,9.7,157.83
MI,201308,8.8,157.83
MI,201309,8.4,157.83
MI,201310,8.3,160.59
MI,201311,7.7,160.59
MI,201312,7.7,160.59
MI,201401,8.3,162.33
MI,201402,8.5,162.33
MI,201403,8.3,162.33
MI,201404,7.2,165.51
MI,201405,7.4,165.51
MI,201406,7.6,165.51
MI,201407,8.1,167.62
MI,201408,6.9,167.62
MI,201409,6.6,167.62
MI,201410,6.2,171.08
MI,201411,5.7,171.08
MI,201412,5.7,171.08
MI,201501,6.6,173.53
MI,201502,6.1,173.53
MI,201503,5.9,173.53
MI,201504,5.3,175.04
MI,201505,5.8,175.04
MI,201506,5.7,175.04
MI,201507,6.0,178.85
MI,201508,5.2,178.85
MI,201509,4.8,178.85
MI,201510,4.7,179.65
MI,201511,4.3,179.65
MI,201512,4.5,179.65
MI,201601,5.2,183.55
MI,201602,5.3,183.55
MI,201603,5.3,183.55
MI,201604,4.7,185.76
MI,201605,4.7,185.76
MI,201606,5.2,185.76
MI,201607,5.6,188.2
MI,201608,5.1,188.2
MI,201609,4.8,188.2
MI,201610,4.7,192.03
MI,201611,4.5,192.03
MI,201612,4.5,192.03
MI,201701,5.6,195.19
MI,201702,5.3,195.19
MI,201703,4.7,195.19
MI,201704,3.9,199.32
MI,201705,3.9,199.32
MI,201706,4.4,199.32
MI,201707,5.2,202.98
MI,201708,4.9,202.98
MI,201709,4.6,202.98
MI,201710,4.1,206.44
MI,201711,4.0,206.44
MI,201712,4.4,206.44
MI,201801,5.0,210.14
MI,201802,5.0,210.14
MI,201803,4.6,210.14
MI,201804,3.9,215.11
MI,201805,3.8,215.11
MI,201806,4.3,215.11
MI,201807,4.6,218.02
MI,201808,3.9,218.02
MI,201809,3.7,218.02
MI,201810,3.7,221.29
MI,201811,3.5,221.29
MI,201812,4.0,221.29
MI,201901,4.7,224.72
MI,201902,4.5,224.72
MI,201903,4.7,224.72
MI,201904,3.8,227.64
MI,201905,4.0,227.64
MI,201906,4.3,227.64
MI,201907,4.9,230.77
MI,201908,4.2,230.77
MI,201909,3.7,230.77
MI,201910,3.4,233.57
MI,201911,3.2,233.57
MI,201912,3.5,233.57
MI,202001,4.2,237.39
MI,202002,3.7,237.39
MI,202003,4.6,237.39
MI,202004,22.5,242.11
MI,202005,19.6,242.11
MI,202006,14.7,242.11
MI,202007,12.9,242.65
MI,202008,9.7,242.65
MI,202009,8.7,242.65
MI,202010,6.9,253.32
MI,202011,6.5,253.32
MI,202012,7.0,253.32
MI,202101,6.8,264.23
MI,202102,6.5,264.23
MI,202103,6.3,264.23
MI,202104,5.9,273.72
MI,202105,6.1,273.72
MI,202106,6.7,273.72
MI,202107,6.6,284.38
MI,202108,5.9,284.38
MI,202109,5.1,284.38
MI,202110,4.5,294.86
MI,202111,3.8,294.86
MI,202112,4.0,294.86
MI,202201,5.0,304.69
MI,202202,4.9,304.69
MI,202203,4.4,304.69
MI,202204,4.0,316.38
MI,202205,4.2,316.38
MI,202206,4.4,316.38
MI,202207,4.4,322.64
MI,202208,4.1,322.64
MI,202209,3.7,322.64
MI,202210,3.7,322.41
MI,202211,3.5,322.41
MI,202212,3.7,322.41
MI,202301,4.5,324.46
MI,202302,4.4,324.46
MI,202303,4.0,324.46
MI,202304,3.1,330.81
MI,202305,3.8,330.81
MI,202306,4.1,330.81
MI,202307,4.3,337.84
MI,202308,4.1,337.84
MI,202309,3.8,337.84
MI,202310,3.9,347.11
MI,202311,3.4,347.11
MI,202312,3.6,347.11
MI,202401,4.2,355.98
MI,202402,4.5,355.98
MI,202403,4.3,355.98
MI,202404,4.0,357.59
MI,202405,4.4,357.59
MI,202406,5.1,357.59
MI,202407,5.7,365.61
MI,202408,4.9,365.61
MI,202409,4.6,365.61
MI,202410,4.8,370.58
MI,202411,4.8,370.58
MI,202412,5.0,370.58
MI,202501,5.9,372.36
MI,202502,6.0,372.36
MI,202503,5.7,372.36
MN,199901,3.4,138.97
MN,199902,3.2,138.97
MN,199903,3.1,138.97
MN,199904,2.7,141.82
MN,199905,2.3,141.82
MN,199906,3.1,141.82
MN,199907,2.9,146.19
MN,199908,2.5,146.19
MN,199909,2.5,146.19
MN,199910,2.0,149.46
MN,199911,2.4,149.46
MN,199912,2.8,149.46
MN,200001,3.9,153.1
MN,200002,3.6,153.1
MN,200003,3.8,153.1
MN,200004,3.0,157.76
MN,200005,2.7,157.76
MN,200006,3.0,157.76
MN,200007,2.9,162.11
MN,200008,2.9,162.11
MN,200009,2.9,162.11
MN,200010,2.6,166.31
MN,200011,2.9,166.31
MN,200012,3.2,166.31
MN,200101,4.2,171.28
MN,200102,4.0,171.28
MN,200103,4.3,171.28
MN,200104,3.7,176.02
MN,200105,3.2,176.02
MN,200106,3.8,176.02
MN,200107,3.5,180.92
MN,200108,3.5,180.92
MN,200109,3.4,180.92
MN,200110,3.4,185.44
MN,200111,3.8,185.44
MN,200112,4.2,185.44
MN,200201,5.4,188.87
MN,200202,5.1,188.87
MN,200203,5.4,188.87
MN,200204,4.7,192.85
MN,200205,4.1,192.85
MN,200206,4.6,192.85
MN,200207,4.3,197.78
MN,200208,4.0,197.78
MN,200209,3.8,197.78
MN,200210,3.5,202.33
MN,200211,3.9,202.33
MN,200212,4.2,202.33
MN,200301,5.4,206.49
MN,200302,5.1,206.49
MN,200303,5.2,206.49
MN,200304,4.7,210.96
MN,200305,4.4,210.96
MN,200306,5.1,210.96
MN,200307,4.8,214.5
MN,200308,4.5,214.5
MN,200309,4.6,214.5
MN,200310,4.2,218.18
MN,200311,4.4,218.18
MN,200312,4.7,218.18
MN,200401,5.7,223.68
MN,200402,5.4,223.68
MN,200403,5.6,223.68
MN,200404,4.6,226.98
MN,200405,4.2,226.98
MN,200406,4.9,226.98
MN,200407,4.6,230.28
MN,200408,4.4,230.28
MN,200409,4.2,230.28
MN,200410,3.8,234.57
MN,200411,4.0,234.57
MN,200412,4.3,234.57
MN,200501,5.0,237.88
MN,200502,5.0,237.88
MN,200503,4.9,237.88
MN,200504,4.2,240.53
MN,200505,3.8,240.53
MN,200506,4.1,240.53
MN,200507,3.7,244.04
MN,200508,3.6,244.04
MN,200509,3.7,244.04
MN,200510,3.4,247.19
MN,200511,3.8,247.19
MN,200512,4.1,247.19
MN,200601,4.9,250.35
MN,200602,4.9,250.35
MN,200603,4.7,250.35
MN,200604,4.0,250.5
MN,200605,3.4,250.5
MN,200606,3.9,250.5
MN,200607,3.9,250.22
MN,200608,3.7,250.22
MN,200609,3.7,250.22
MN,200610,3.5,248.53
MN,200611,3.8,248.53
MN,200612,4.3,248.53
MN,200701,5.3,247.71
MN,200702,5.1,247.71
MN,200703,4.9,247.71
MN,200704,4.5,249.57
MN,200705,4.2,249.57
MN,200706,4.7,249.57
MN,200707,4.5,247.23
MN,200708,4.4,247.23
MN,200709,4.5,247.23
MN,200710,4.1,243.19
MN,200711,4.1,243.19
MN,200712,4.9,243.19
MN,200801,5.5,237.19
MN,200802,5.3,237.19
MN,200803,5.5,237.19
MN,200804,4.8,233.2
MN,200805,5.0,233.2
MN,200806,5.4,233.2
MN,200807,5.5,226.33
MN,200808,5.5,226.33
MN,200809,5.3,226.33
MN,200810,5.1,222.26
MN,200811,5.6,222.26
MN,200812,6.5,222.26
MN,200901,8.0,214.56
MN,200902,8.3,214.56
MN,200903,8.5,214.56
MN,200904,7.7,217.14
MN,200905,7.6,217.14
MN,200906,8.2,217.14
MN,200907,7.8,213.74
MN,200908,7.6,213.74
MN,200909,7.4,213.74
MN,200910,7.1,210.32
MN,200911,7.1,210.32
MN,200912,7.6,210.32
MN,201001,8.5,210.52
MN,201002,8.4,210.52
MN,201003,8.4,210.52
MN,201004,7.4,207.75
MN,201005,6.9,207.75
MN,201006,7.3,207.75
MN,201007,7.2,208.62
MN,201008,7.2,208.62
MN,201009,6.9,208.62
MN,201010,6.6,205.04
MN,201011,6.8,205.04
MN,201012,7.1,205.04
MN,201101,7.7,202.81
MN,201102,7.5,202.81
MN,201103,7.3,202.81
MN,201104,6.7,194.25
MN,201105,6.4,194.25
MN,201106,7.0,194.25
MN,201107,6.9,192.35
MN,201108,6.5,192.35
MN,201109,5.9,192.35
MN,201110,5.5,193.62
MN,201111,5.4,193.62
MN,201112,5.9,193.62
MN,201201,6.5,194.8
MN,201202,6.6,194.8
MN,201203,6.4,194.8
MN,201204,5.5,194.78
MN,201205,5.4,194.78
MN,201206,6.0,194.78
MN,201207,5.9,198.34
MN,201208,5.6,198.34
MN,201209,5.1,198.34
MN,201210,4.9,202.17
MN,201211,4.8,202.17
MN,201212,5.4,202.17
MN,201301,6.3,205.5
MN,201302,5.9,205.5
MN,201303,5.7,205.5
MN,201304,5.1,210.07
MN,201305,4.8,210.07
MN,201306,5.3,210.07
MN,201307,5.1,212.84
MN,201308,4.8,212.84
MN,201309,4.5,212.84
MN,201310,4.2,218.43
MN,201311,4.1,218.43
MN,201312,4.6,218.43
MN,201401,5.4,218.56
MN,201402,5.4,218.56
MN,201403,5.3,218.56
MN,201404,4.3,222.44
MN,201405,4.1,222.44
MN,201406,4.4,222.44
MN,201407,4.2,224.21
MN,201408,3.9,224.21
MN,201409,3.6,224.21
MN,201410,3.2,224.16
MN,201411,3.3,224.16
MN,201412,3.8,224.16
MN,201501,4.6,227.03
MN,201502,4.5,227.03
MN,201503,4.4,227.03
MN,201504,3.8,227.39
MN,201505,3.6,227.39
MN,201506,3.9,227.39
MN,201507,3.8,233.16
MN,201508,3.5,233.16
MN,201509,3.2,233.16
MN,201510,3.1,235.0
MN,201511,3.1,235.0
MN,201512,3.8,235.0
MN,201601,4.4,239.19
MN,201602,4.4,239.19
MN,201603,4.5,239.19
MN,201604,3.8,242.34
MN,201605,3.4,242.34
MN,201606,4.1,242.34
MN,201607,3.8,244.99
MN,201608,3.8,244.99
MN,201609,3.5,244.99
MN,201610,3.4,249.54
MN,201611,3.3,249.54
MN,201612,4.0,249.54
MN,201701,4.6,252.87
MN,201702,4.4,252.87
MN,201703,4.1,252.87
MN,201704,3.6,257.51
MN,201705,3.2,257.51
MN,201706,3.6,257.51
MN,201707,3.4,261.17
MN,201708,3.4,261.17
MN,201709,2.8,261.17
MN,201710,2.5,264.58
MN,201711,2.7,264.58
MN,201712,3.2,264.58
MN,201801,3.8,268.63
MN,201802,3.7,268.63
MN,201803,3.6,268.63
MN,201804,3.0,274.24
MN,201805,2.5,274.24
MN,201806,3.1,274.24
MN,201807,2.9,277.33
MN,201808,2.8,277.33
MN,201809,2.4,277.33
MN,201810,2.4,281.36
MN,201811,2.5,281.36
MN,201812,3.3,281.36
MN,201901,4.2,283.81
MN,201902,3.9,283.81
MN,201903,3.9,283.81
MN,201904,3.1,289.75
MN,201905,2.9,289.75
MN,201906,3.5,289.75
MN,201907,3.3,290.72
MN,201908,3.2,290.72
MN,201909,2.7,290.72
MN,201910,2.7,294.95
MN,201911,2.9,294.95
MN,201912,3.4,294.95
MN,202001,3.9,299.96
MN,202002,3.8,299.96
MN,202003,4.7,299.96
MN,202004,8.6,304.03
MN,202005,11.1,304.03
MN,202006,9.1,304.03
MN,202007,8.0,306.66
MN,202008,6.3,306.66
MN,202009,5.7,306.66
MN,202010,4.8,316.0
MN,202011,4.4,316.0
MN,202012,4.9,316.0
MN,202101,5.2,328.74
MN,202102,4.8,328.74
MN,202103,4.6,328.74
MN,202104,4.1,337.9
MN,202105,3.6,337.9
MN,202106,4.2,337.9
MN,202107,3.5,350.15
MN,202108,3.5,350.15
MN,202109,3.0,350.15
MN,202110,2.6,359.71
MN,202111,2.4,359.71
MN,202112,2.7,359.71
MN,202201,3.4,369.92
MN,202202,3.1,369.92
MN,202203,2.9,369.92
MN,202204,2.2,379.39
MN,202205,2.0,379.39
MN,202206,2.6,379.39
MN,202207,2.3,388.9
MN,202208,2.4,388.9
MN,202209,2.0,388.9
MN,202210,2.0,386.09
MN,202211,2.2,386.09
MN,202212,2.8,386.09
MN,202301,3.3,387.87
MN,202302,3.5,387.87
MN,202303,3.2,387.87
MN,202304,2.8,390.64
MN,202305,2.7,390.64
MN,202306,3.1,390.64
MN,202307,2.9,399.38
MN,202308,2.9,399.38
MN,202309,2.4,399.38
MN,202310,2.3,402.91
MN,202311,2.0,402.91
MN,202312,2.6,402.91
MN,202401,3.4,405.01
MN,202402,3.6,405.01
MN,202403,3.4,405.01
MN,202404,2.8,410.1
MN,202405,2.8,410.1
MN,202406,3.6,410.1
MN,202407,3.5,411.63
MN,202408,3.3,411.63
MN,202409,2.5,411.63
MN,202410,2.3,418.55
MN,202411,2.4,418.55
MN,202412,2.6,418.55
MN,202501,3.6,424.46
MN,202502,3.9,424.46
MN,202503,3.9,424.46
MS,199901,5.4,134.68
MS,199902,4.9,134.68
MS,199903,4.9,134.68
MS,199904,4.4,136.29
MS,199905,4.9,136.29
MS,199906,5.9,136.29
MS,199907,5.6,137.49
MS,199908,5.2,137.49
MS,199909,5.2,137.49
MS,199910,5.0,138.57
MS,199911,4.7,138.57
MS,199912,5.0,138.57
MS,200001,5.9,138.59
MS,200002,5.6,138.59
MS,200003,5.5,138.59
MS,200004,4.8,139.83
MS,200005,5.6,139.83
MS,200006,6.3,139.83
MS,200007,5.8,141.81
MS,200008,5.4,141.81
MS,200009,4.9,141.81
MS,200010,4.8,143.03
MS,200011,4.8,143.03
MS,200012,4.5,143.03
MS,200101,5.3,142.83
MS,200102,5.0,142.83
MS,200103,5.2,142.83
MS,200104,4.6,143.59
MS,200105,4.9,143.59
MS,200106,5.9,143.59
MS,200107,5.6,145.07
MS,200108,5.7,145.07
MS,200109,5.5,145.07
MS,200110,5.7,146.21
MS,200111,5.9,146.21
MS,200112,6.1,146.21
MS,200201,6.9,147.85
MS,200202,6.4,147.85
MS,200203,6.4,147.85
MS,200204,6.1,148.33
MS,200205,6.3,148.33
MS,200206,7.3,148.33
MS,200207,6.8,147.75
MS,200208,6.3,147.75
MS,200209,5.9,147.75
MS,200210,6.1,150.29
MS,200211,6.1,150.29
MS,200212,6.2,150.29
MS,200301,6.8,152.63
MS,200302,6.2,152.63
MS,200303,6.1,152.63
MS,200304,5.8,153.57
MS,200305,6.2,153.57
MS,200306,7.5,153.57
MS,200307,6.7,154.22
MS,200308,6.1,154.22
MS,200309,5.7,154.22
MS,200310,5.7,155.23
MS,200311,5.3,155.23
MS,200312,5.3,155.23
MS,200401,6.2,155.77
MS,200402,5.6,155.77
MS,200403,5.4,155.77
MS,200404,5.2,157.99
MS,200405,6.0,157.99
MS,200406,7.0,157.99
MS,200407,6.7,160.45
MS,200408,6.3,160.45
MS,200409,6.2,160.45
MS,200410,6.4,162.53
MS,200411,6.3,162.53
MS,200412,6.5,162.53
MS,200501,7.1,163.05
MS,200502,6.9,163.05
MS,200503,6.7,163.05
MS,200504,6.4,166.88
MS,200505,7.1,166.88
MS,200506,8.1,166.88
MS,200507,7.6,168.89
MS,200508,7.4,168.89
MS,200509,10.3,168.89
MS,200510,8.6,173.27
MS,200511,8.6,173.27
MS,200512,7.1,173.27
MS,200601,7.0,178.86
MS,200602,6.7,178.86
MS,200603,5.7,178.86
MS,200604,5.7,182.05
MS,200605,6.1,182.05
MS,200606,7.1,182.05
MS,200607,7.2,186.18
MS,200608,6.4,186.18
MS,200609,6.2,186.18
MS,200610,5.8,188.85
MS,200611,6.0,188.85
MS,200612,6.1,188.85
MS,200701,6.6,192.25
MS,200702,6.4,192.25
MS,200703,6.0,192.25
MS,200704,5.8,197.05
MS,200705,5.9,197.05
MS,200706,7.0,197.05
MS,200707,6.9,195.24
MS,200708,6.0,195.24
MS,200709,6.0,195.24
MS,200710,5.6,193.61
MS,200711,5.5,193.61
MS,200712,6.0,193.61
MS,200801,6.4,194.71
MS,200802,5.9,194.71
MS,200803,6.0,194.71
MS,200804,5.5,193.07
MS,200805,6.6,193.07
MS,200806,7.5,193.07
MS,200807,7.6,191.81
MS,200808,7.2,191.81
MS,200809,6.9,191.81
MS,200810,6.7,185.98
MS,200811,6.7,185.98
MS,200812,7.3,185.98
MS,200901,8.5,188.15
MS,200902,8.5,188.15
MS,200903,8.5,188.15
MS,200904,8.3,181.5
MS,200905,9.1,181.5
MS,200906,9.9,181.5
MS,200907,9.8,182.32
MS,200908,9.6,182.32
MS,200909,9.5,182.32
MS,200910,9.6,182.95
MS,200911,9.5,182.95
MS,200912,10.1,182.95
MS,201001,11.1,178.94
MS,201002,10.6,178.94
MS,201003,10.3,178.94
MS,201004,9.6,177.57
MS,201005,10.1,177.57
MS,201006,10.8,177.57
MS,201007,10.8,176.67
MS,201008,9.8,176.67
MS,201009,9.8,176.67
MS,201010,9.4,176.88
MS,201011,9.8,176.88
MS,201012,9.8,176.88
MS,201101,10.2,174.21
MS,201102,10.0,174.21
MS,201103,9.6,174.21
MS,201104,9.2,172.1
MS,201105,9.8,172.1
MS,201106,11.0,172.1
MS,201107,10.6,173.39
MS,201108,10.0,173.39
MS,201109,9.8,173.39
MS,201110,9.4,173.05
MS,201111,8.9,173.05
MS,201112,8.9,173.05
MS,201201,9.5,177.05
MS,201202,9.1,177.05
MS,201203,8.6,177.05
MS,201204,8.1,173.82
MS,201205,8.7,173.82
MS,201206,9.8,173.82
MS,201207,9.8,173.69
MS,201208,9.0,173.69
MS,201209,8.6,173.69
MS,201210,8.3,176.57
MS,201211,7.8,176.57
MS,201212,8.4,176.57
MS,201301,9.5,176.94
MS,201302,8.8,176.94
MS,201303,8.2,176.94
MS,201304,7.8,179.4
MS,201305,8.6,179.4
MS,201306,9.7,179.4
MS,201307,9.1,180.57
MS,201308,8.7,180.57
MS,201309,8.4,180.57
MS,201310,8.1,178.41
MS,201311,7.7,178.41
MS,201312,7.5,178.41
MS,201401,8.4,178.25
MS,201402,8.1,178.25
MS,201403,7.9,178.25
MS,201404,6.9,180.07
MS,201405,7.8,180.07
MS,201406,8.6,180.07
MS,201407,8.5,180.46
MS,201408,7.8,180.46
MS,201409,7.3,180.46
MS,201410,6.9,182.78
MS,201411,6.5,182.78
MS,201412,6.6,182.78
MS,201501,7.2,181.36
MS,201502,6.5,181.36
MS,201503,6.2,181.36
MS,201504,5.9,185.59
MS,201505,6.8,185.59
MS,201506,7.3,185.59
MS,201507,7.1,185.67
MS,201508,6.4,185.67
MS,201509,6.1,185.67
MS,201510,6.0,186.48
MS,201511,6.0,186.48
MS,201512,6.3,186.48
MS,201601,6.4,190.01
MS,201602,5.9,190.01
MS,201603,5.8,190.01
MS,201604,5.4,189.96
MS,201605,5.9,189.96
MS,201606,7.0,189.96
MS,201607,6.7,190.95
MS,201608,6.1,190.95
MS,201609,5.9,190.95
MS,201610,5.6,192.47
MS,201611,5.3,192.47
MS,201612,5.4,192.47
MS,201701,6.1,194.78
MS,201702,5.2,194.78
MS,201703,5.2,194.78
MS,201704,4.7,195.0
MS,201705,5.3,195.0
MS,201706,6.2,195.0
MS,201707,6.0,196.3
MS,201708,5.4,196.3
MS,201709,4.8,196.3
MS,201710,4.4,199.75
MS,201711,4.6,199.75
MS,201712,4.5,199.75
MS,201801,4.9,194.39
MS,201802,5.0,194.39
MS,201803,4.6,194.39
MS,201804,4.4,201.26
MS,201805,4.7,201.26
MS,201806,6.0,201.26
MS,201807,5.6,203.37
MS,201808,5.1,203.37
MS,201809,4.7,203.37
MS,201810,4.5,202.81
MS,201811,4.5,202.81
MS,201812,5.1,202.81
MS,201901,5.7,206.49
MS,201902,5.3,206.49
MS,201903,5.2,206.49
MS,201904,4.8,207.61
MS,201905,5.1,207.61
MS,201906,6.6,207.61
MS,201907,6.6,209.06
MS,201908,5.9,209.06
MS,201909,5.4,209.06
MS,201910,5.0,211.66
MS,201911,5.1,211.66
MS,201912,5.0,211.66
MS,202001,5.5,213.13
MS,202002,5.2,213.13
MS,202003,6.7,213.13
MS,202004,14.8,216.13
MS,202005,11.5,216.13
MS,202006,10.2,216.13
MS,202007,9.2,219.89
MS,202008,7.3,219.89
MS,202009,7.1,219.89
MS,202010,6.2,225.61
MS,202011,6.1,225.61
MS,202012,6.2,225.61
MS,202101,6.6,230.0
MS,202102,6.4,230.0
MS,202103,6.2,230.0
MS,202104,5.6,236.87
MS,202105,5.8,236.87
MS,202106,6.9,236.87
MS,202107,6.2,244.68
MS,202108,5.5,244.68
MS,202109,4.6,244.68
MS,202110,4.1,253.77
MS,202111,3.6,253.77
MS,202112,3.5,253.77
MS,202201,4.6,266.86
MS,202202,4.1,266.86
MS,202203,3.4,266.86
MS,202204,3.3,275.2
MS,202205,3.6,275.2
MS,202206,4.6,275.2
MS,202207,4.4,282.87
MS,202208,4.0,282.87
MS,202209,3.7,282.87
MS,202210,3.3,291.63
MS,202211,3.3,291.63
MS,202212,3.1,291.63
MS,202301,3.5,285.77
MS,202302,3.2,285.77
MS,202303,3.0,285.77
MS,202304,2.5,294.14
MS,202305,3.0,294.14
MS,202306,4.0,294.14
MS,202307,3.7,299.57
MS,202308,3.5,299.57
MS,202309,2.9,299.57
MS,202310,2.7,298.58
MS,202311,2.4,298.58
MS,202312,2.5,298.58
MS,202401,3.1,316.72
MS,202402,2.7,316.72
MS,202403,2.5,316.72
MS,202404,2.0,303.24
MS,202405,2.9,303.24
MS,202406,3.9,303.24
MS,202407,3.7,309.49
MS,202408,3.5,309.49
MS,202409,3.3,309.49
MS,202410,3.3,313.5
MS,202411,3.4,313.5
MS,202412,3.5,313.5
MS,202501,3.7,316.23
MS,202502,4.1,316.23
MS,202503,4.0,316.23
MO,199901,3.7,134.15
MO,199902,3.8,134.15
MO,199903,3.6,134.15
MO,199904,3.3,136.25
MO,199905,3.2,136.25
MO,199906,3.8,136.25
MO,199907,3.6,137.92
MO,199908,3.2,137.92
MO,199909,2.8,137.92
MO,199910,2.3,139.76
MO,199911,2.7,139.76
MO,199912,2.7,139.76
MO,200001,3.4,140.96
MO,200002,3.6,140.96
MO,200003,3.7,140.96
MO,200004,2.8,142.99
MO,200005,3.2,142.99
MO,200006,3.3,142.99
MO,200007,3.4,145.75
MO,200008,3.5,145.75
MO,200009,3.4,145.75
MO,200010,3.3,146.93
MO,200011,3.4,146.93
MO,200012,3.7,146.93
MO,200101,4.8,149.55
MO,200102,4.9,149.55
MO,200103,4.7,149.55
MO,200104,4.1,150.92
MO,200105,4.0,150.92
MO,200106,4.6,150.92
MO,200107,4.5,154.13
MO,200108,4.6,154.13
MO,200109,4.2,154.13
MO,200110,4.4,156.05
MO,200111,4.7,156.05
MO,200112,4.8,156.05
MO,200201,5.9,157.87
MO,200202,5.8,157.87
MO,200203,5.9,157.87
MO,200204,5.2,159.54
MO,200205,5.0,159.54
MO,200206,5.7,159.54
MO,200207,5.6,161.45
MO,200208,5.2,161.45
MO,200209,4.8,161.45
MO,200210,4.7,163.33
MO,200211,5.0,163.33
MO,200212,5.1,163.33
MO,200301,6.1,165.93
MO,200302,5.9,165.93
MO,200303,5.9,165.93
MO,200304,5.4,168.27
MO,200305,5.6,168.27
MO,200306,6.3,168.27
MO,200307,6.0,169.81
MO,200308,5.8,169.81
MO,200309,5.5,169.81
MO,200310,5.1,172.75
MO,200311,5.2,172.75
MO,200312,5.2,172.75
MO,200401,6.1,175.37
MO,200402,6.1,175.37
MO,200403,6.1,175.37
MO,200404,5.3,178.32
MO,200405,5.6,178.32
MO,200406,6.2,178.32
MO,200407,6.3,180.22
MO,200408,6.0,180.22
MO,200409,5.6,180.22
MO,200410,5.5,182.26
MO,200411,5.7,182.26
MO,200412,5.7,182.26
MO,200501,6.5,185.54
MO,200502,6.6,185.54
MO,200503,6.2,185.54
MO,200504,5.4,187.44
MO,200505,5.4,187.44
MO,200506,5.6,187.44
MO,200507,5.5,190.86
MO,200508,4.9,190.86
MO,200509,4.8,190.86
MO,200510,4.7,193.37
MO,200511,5.1,193.37
MO,200512,4.8,193.37
MO,200601,5.3,196.21
MO,200602,5.5,196.21
MO,200603,5.1,196.21
MO,200604,4.5,198.76
MO,200605,4.5,198.76
MO,200606,4.9,198.76
MO,200607,5.1,199.33
MO,200608,5.0,199.33
MO,200609,4.7,199.33
MO,200610,4.5,200.99
MO,200611,4.6,200.99
MO,200612,4.6,200.99
MO,200701,5.4,201.98
MO,200702,5.5,201.98
MO,200703,5.0,201.98
MO,200704,4.5,203.5
MO,200705,4.7,203.5
MO,200706,5.2,203.5
MO,200707,5.4,202.64
MO,200708,5.2,202.64
MO,200709,5.1,202.64
MO,200710,5.0,202.44
MO,200711,4.9,202.44
MO,200712,5.3,202.44
MO,200801,6.0,199.66
MO,200802,5.8,199.66
MO,200803,5.9,199.66
MO,200804,4.9,195.29
MO,200805,5.7,195.29
MO,200806,5.9,195.29
MO,200807,6.4,195.02
MO,200808,6.5,195.02
MO,200809,6.1,195.02
MO,200810,6.2,191.44
MO,200811,6.7,191.44
MO,200812,7.4,191.44
MO,200901,8.8,188.98
MO,200902,9.2,188.98
MO,200903,9.2,188.98
MO,200904,8.3,190.2
MO,200905,9.0,190.2
MO,200906,9.4,190.2
MO,200907,9.5,187.95
MO,200908,9.4,187.95
MO,200909,9.1,187.95
MO,200910,9.0,186.55
MO,200911,9.1,186.55
MO,200912,9.3,186.55
MO,201001,10.3,187.74
MO,201002,10.4,187.74
MO,201003,10.1,187.74
MO,201004,9.1,183.13
MO,201005,9.1,183.13
MO,201006,9.2,183.13
MO,201007,9.6,185.61
MO,201008,9.4,185.61
MO,201009,8.9,185.61
MO,201010,8.8,181.32
MO,201011,9.2,181.32
MO,201012,9.1,181.32
MO,201101,9.9,177.04
MO,201102,9.7,177.04
MO,201103,9.2,177.04
MO,201104,8.4,173.49
MO,201105,8.6,173.49
MO,201106,8.8,173.49
MO,201107,8.8,172.59
MO,201108,8.7,172.59
MO,201109,8.1,172.59
MO,201110,7.7,174.68
MO,201111,7.4,174.68
MO,201112,7.5,174.68
MO,201201,7.9,174.69
MO,201202,8.1,174.69
MO,201203,7.8,174.69
MO,201204,6.7,176.24
MO,201205,6.9,176.24
MO,201206,7.2,176.24
MO,201207,7.6,176.86
MO,201208,7.2,176.86
MO,201209,6.3,176.86
MO,201210,6.5,177.02
MO,201211,6.4,177.02
MO,201212,6.7,177.02
MO,201301,7.7,179.05
MO,201302,7.5,179.05
MO,201303,7.1,179.05
MO,201304,6.3,181.21
MO,201305,6.7,181.21
MO,201306,7.1,181.21
MO,201307,7.3,182.49
MO,201308,6.9,182.49
MO,201309,6.1,182.49
MO,201310,6.1,184.47
MO,201311,6.0,184.47
MO,201312,6.2,184.47
MO,201401,7.2,184.71
MO,201402,7.5,184.71
MO,201403,7.2,184.71
MO,201404,5.8,185.91
MO,201405,6.2,185.91
MO,201406,6.3,185.91
MO,201407,6.6,188.39
MO,201408,6.2,188.39
MO,201409,5.5,188.39
MO,201410,5.1,190.06
MO,201411,5.3,190.06
MO,201412,5.3,190.06
MO,201501,6.2,192.35
MO,201502,6.1,192.35
MO,201503,5.9,192.35
MO,201504,5.2,192.23
MO,201505,5.4,192.23
MO,201506,5.3,192.23
MO,201507,5.5,195.34
MO,201508,4.9,195.34
MO,201509,4.3,195.34
MO,201510,4.2,197.61
MO,201511,4.2,197.61
MO,201512,4.2,197.61
MO,201601,4.9,200.45
MO,201602,5.0,200.45
MO,201603,4.9,200.45
MO,201604,4.3,205.14
MO,201605,4.3,205.14
MO,201606,4.8,205.14
MO,201607,5.1,204.03
MO,201608,5.0,204.03
MO,201609,4.3,204.03
MO,201610,4.1,208.05
MO,201611,3.8,208.05
MO,201612,4.1,208.05
MO,201701,4.7,211.0
MO,201702,4.7,211.0
MO,201703,4.3,211.0
MO,201704,3.6,212.49
MO,201705,3.8,212.49
MO,201706,3.7,212.49
MO,201707,4.1,217.2
MO,201708,4.0,217.2
MO,201709,3.1,217.2
MO,201710,2.9,219.09
MO,201711,3.2,219.09
MO,201712,3.3,219.09
MO,201801,4.1,221.76
MO,201802,4.0,221.76
MO,201803,3.8,221.76
MO,201804,3.1,226.7
MO,201805,3.1,226.7
MO,201806,3.3,226.7
MO,201807,3.5,228.44
MO,201808,3.2,228.44
MO,201809,2.5,228.44
MO,201810,2.5,232.43
MO,201811,2.6,232.43
MO,201812,3.0,232.43
MO,201901,3.9,235.46
MO,201902,3.7,235.46
MO,201903,3.7,235.46
MO,201904,2.8,237.94
MO,201905,3.0,237.94
MO,201906,3.2,237.94
MO,201907,3.6,240.11
MO,201908,3.3,240.11
MO,201909,2.6,240.11
MO,201910,2.8,243.59
MO,201911,3.0,243.59
MO,201912,3.2,243.59
MO,202001,3.8,250.14
MO,202002,3.5,250.14
MO,202003,4.2,250.14
MO,202004,10.9,253.65
MO,202005,9.9,253.65
MO,202006,8.5,253.65
MO,202007,8.0,255.62
MO,202008,6.3,255.62
MO,202009,5.2,255.62
MO,202010,4.5,266.57
MO,202011,4.5,266.57
MO,202012,4.9,266.57
MO,202101,5.5,276.52
MO,202102,5.3,276.52
MO,202103,5.0,276.52
MO,202104,4.5,286.22
MO,202105,4.7,286.22
MO,202106,4.8,286.22
MO,202107,4.4,297.35
MO,202108,4.0,297.35
MO,202109,3.1,297.35
MO,202110,3.1,308.18
MO,202111,2.8,308.18
MO,202112,2.8,308.18
MO,202201,3.5,319.16
MO,202202,3.2,319.16
MO,202203,2.9,319.16
MO,202204,2.1,331.77
MO,202205,2.3,331.77
MO,202206,2.4,331.77
MO,202207,2.9,341.7
MO,202208,2.8,341.7
MO,202209,2.0,341.7
MO,202210,2.5,342.98
MO,202211,2.4,342.98
MO,202212,2.4,342.98
MO,202301,3.2,346.75
MO,202302,3.2,346.75
MO,202303,3.1,346.75
MO,202304,2.6,352.21
MO,202305,3.1,352.21
MO,202306,3.3,352.21
MO,202307,3.4,360.36
MO,202308,3.4,360.36
MO,202309,2.8,360.36
MO,202310,3.2,367.58
MO,202311,2.9,367.58
MO,202312,3.1,367.58
MO,202401,3.9,373.83
MO,202402,4.1,373.83
MO,202403,3.9,373.83
MO,202404,3.3,380.17
MO,202405,3.7,380.17
MO,202406,3.9,380.17
MO,202407,4.3,384.15
MO,202408,3.9,384.15
MO,202409,3.0,384.15
MO,202410,3.3,388.68
MO,202411,3.3,388.68
MO,202412,3.2,388.68
MO,202501,4.4,391.29
MO,202502,4.4,391.29
MO,202503,4.4,391.29
MT,199901,6.6,164.79
MT,199902,6.5,164.79
MT,199903,6.2,164.79
MT,199904,5.5,165.23
MT,199905,4.9,165.23
MT,199906,5.2,165.23
MT,199907,4.8,168.19
MT,199908,4.8,168.19
MT,199909,4.5,168.19
MT,199910,4.6,171.11
MT,199911,4.8,171.11
MT,199912,5.1,171.11
MT,200001,6.1,171.73
MT,200002,5.9,171.73
MT,200003,5.8,171.73
MT,200004,4.8,173.14
MT,200005,4.5,173.14
MT,200006,4.7,173.14
MT,200007,4.4,174.54
MT,200008,4.4,174.54
MT,200009,4.0,174.54
MT,200010,4.1,176.97
MT,200011,4.5,176.97
MT,200012,4.7,176.97
MT,200101,5.8,177.63
MT,200102,5.4,177.63
MT,200103,5.5,177.63
MT,200104,4.8,184.31
MT,200105,4.1,184.31
MT,200106,4.4,184.31
MT,200107,3.9,184.36
MT,200108,4.2,184.36
MT,200109,3.8,184.36
MT,200110,4.1,184.4
MT,200111,4.5,184.4
MT,200112,5.0,184.4
MT,200201,5.8,188.94
MT,200202,5.6,188.94
MT,200203,5.6,188.94
MT,200204,4.9,192.94
MT,200205,4.1,192.94
MT,200206,4.6,192.94
MT,200207,4.1,193.79
MT,200208,3.8,193.79
MT,200209,3.5,193.79
MT,200210,3.9,198.6
MT,200211,4.4,198.6
MT,200212,4.8,198.6
MT,200301,5.7,202.32
MT,200302,5.4,202.32
MT,200303,5.4,202.32
MT,200304,4.7,205.35
MT,200305,4.2,205.35
MT,200306,4.9,205.35
MT,200307,4.4,211.73
MT,200308,4.3,211.73
MT,200309,4.1,211.73
MT,200310,4.2,217.16
MT,200311,4.6,217.16
MT,200312,4.9,217.16
MT,200401,5.9,220.94
MT,200402,5.4,220.94
MT,200403,5.5,220.94
MT,200404,4.6,224.06
MT,200405,4.1,224.06
MT,200406,4.6,224.06
MT,200407,4.1,232.2
MT,200408,4.0,232.2
MT,200409,3.8,232.2
MT,200410,3.9,238.23
MT,200411,4.1,238.23
MT,200412,4.4,238.23
MT,200501,5.5,243.25
MT,200502,5.2,243.25
MT,200503,4.9,243.25
MT,200504,4.2,249.81
MT,200505,3.8,249.81
MT,200506,4.2,249.81
MT,200507,3.7,259.36
MT,200508,3.6,259.36
MT,200509,3.4,259.36
MT,200510,3.4,264.28
MT,200511,3.7,264.28
MT,200512,3.9,264.28
MT,200601,4.5,273.1
MT,200602,4.3,273.1
MT,200603,4.1,273.1
MT,200604,3.6,282.7
MT,200605,3.1,282.7
MT,200606,3.4,282.7
MT,200607,3.2,287.92
MT,200608,2.9,287.92
MT,200609,2.7,287.92
MT,200610,2.7,294.99
MT,200611,2.8,294.99
MT,200612,3.2,294.99
MT,200701,3.9,300.1
MT,200702,3.6,300.1
MT,200703,3.3,300.1
MT,200704,3.1,303.77
MT,200705,2.8,303.77
MT,200706,3.4,303.77
MT,200707,3.3,310.64
MT,200708,3.2,310.64
MT,200709,3.1,310.64
MT,200710,3.3,310.58
MT,200711,3.5,310.58
MT,200712,4.1,310.58
MT,200801,4.8,314.48
MT,200802,4.6,314.48
MT,200803,4.7,314.48
MT,200804,4.1,313.69
MT,200805,4.0,313.69
MT,200806,4.5,313.69
MT,200807,4.3,308.84
MT,200808,4.5,308.84
MT,200809,4.4,308.84
MT,200810,4.8,308.35
MT,200811,5.3,308.35
MT,200812,6.2,308.35
MT,200901,7.7,298.8
MT,200902,7.9,298.8
MT,200903,8.1,298.8
MT,200904,7.1,303.41
MT,200905,6.8,303.41
MT,200906,7.1,303.41
MT,200907,6.7,297.71
MT,200908,6.6,297.71
MT,200909,6.4,297.71
MT,200910,6.5,296.99
MT,200911,6.9,296.99
MT,200912,7.6,296.99
MT,201001,8.6,295.68
MT,201002,8.5,295.68
MT,201003,8.2,295.68
MT,201004,7.3,294.26
MT,201005,6.7,294.26
MT,201006,7.0,294.26
MT,201007,6.6,290.26
MT,201008,6.5,290.26
MT,201009,6.2,290.26
MT,201010,6.3,287.18
MT,201011,6.8,287.18
MT,201012,7.3,287.18
MT,201101,8.2,277.22
MT,201102,7.7,277.22
MT,201103,7.5,277.22
MT,201104,6.7,272.52
MT,201105,6.2,272.52
MT,201106,6.7,272.52
MT,201107,6.3,281.82
MT,201108,6.2,281.82
MT,201109,5.9,281.82
MT,201110,5.9,280.88
MT,201111,5.9,280.88
MT,201112,6.4,280.88
MT,201201,7.1,284.77
MT,201202,6.8,284.77
MT,201203,6.6,284.77
MT,201204,5.8,283.49
MT,201205,5.5,283.49
MT,201206,5.9,283.49
MT,201207,5.6,287.42
MT,201208,5.4,287.42
MT,201209,4.9,287.42
MT,201210,5.1,288.71
MT,201211,5.2,288.71
MT,201212,5.7,288.71
MT,201301,6.7,298.06
MT,201302,6.2,298.06
MT,201303,6.0,298.06
MT,201304,5.3,304.3
MT,201305,4.9,304.3
MT,201306,5.5,304.3
MT,201307,5.1,304.4
MT,201308,4.9,304.4
MT,201309,4.5,304.4
MT,201310,4.8,305.79
MT,201311,4.9,305.79
MT,201312,5.3,305.79
MT,201401,5.9,310.63
MT,201402,5.6,310.63
MT,201403,5.6,310.63
MT,201404,4.4,313.38
MT,201405,4.3,313.38
MT,201406,4.5,313.38
MT,201407,4.5,316.19
MT,201408,4.3,316.19
MT,201409,3.8,316.19
MT,201410,3.9,322.09
MT,201411,4.3,322.09
MT,201412,4.5,322.09
MT,201501,5.4,322.37
MT,201502,5.0,322.37
MT,201503,4.8,322.37
MT,201504,4.1,327.18
MT,201505,3.9,327.18
MT,201506,4.2,327.18
MT,201507,4.1,329.73
MT,201508,3.8,329.73
MT,201509,3.5,329.73
MT,201510,3.9,331.54
MT,201511,4.1,331.54
MT,201512,4.6,331.54
MT,201601,5.2,334.75
MT,201602,5.1,334.75
MT,201603,5.0,334.75
MT,201604,4.2,339.45
MT,201605,3.9,339.45
MT,201606,4.4,339.45
MT,201607,4.0,342.21
MT,201608,3.9,342.21
MT,201609,3.5,342.21
MT,201610,3.9,344.78
MT,201611,3.8,344.78
MT,201612,4.5,344.78
MT,201701,5.2,357.19
MT,201702,4.9,357.19
MT,201703,4.6,357.19
MT,201704,4.0,356.09
MT,201705,3.7,356.09
MT,201706,4.0,356.09
MT,201707,3.8,362.11
MT,201708,3.7,362.11
MT,201709,3.4,362.11
MT,201710,3.5,367.99
MT,201711,3.9,367.99
MT,201712,4.2,367.99
MT,201801,4.9,372.86
MT,201802,4.7,372.86
MT,201803,4.4,372.86
MT,201804,3.7,380.19
MT,201805,3.2,380.19
MT,201806,3.8,380.19
MT,201807,3.4,381.57
MT,201808,3.3,381.57
MT,201809,3.0,381.57
MT,201810,3.1,389.65
MT,201811,3.3,389.65
MT,201812,3.9,389.65
MT,201901,4.8,390.64
MT,201902,4.2,390.64
MT,201903,4.2,390.64
MT,201904,3.4,392.21
MT,201905,3.1,392.21
MT,201906,3.4,392.21
MT,201907,3.2,405.49
MT,201908,3.2,405.49
MT,201909,2.8,405.49
MT,201910,3.0,409.13
MT,201911,3.2,409.13
MT,201912,3.7,409.13
MT,202001,4.4,415.96
MT,202002,4.1,415.96
MT,202003,4.7,415.96
MT,202004,11.8,438.81
MT,202005,9.0,438.81
MT,202006,7.4,438.81
MT,202007,6.6,426.1
MT,202008,5.2,426.1
MT,202009,4.6,426.1
MT,202010,3.9,452.51
MT,202011,4.0,452.51
MT,202012,4.4,452.51
MT,202101,4.9,479.81
MT,202102,4.7,479.81
MT,202103,4.3,479.81
MT,202104,3.7,503.6
MT,202105,3.2,503.6
MT,202106,3.8,503.6
MT,202107,3.2,529.21
MT,202108,3.0,529.21
MT,202109,2.3,529.21
MT,202110,2.5,571.55
MT,202111,2.5,571.55
MT,202112,2.7,571.55
MT,202201,3.6,595.27
MT,202202,3.3,595.27
MT,202203,3.0,595.27
MT,202204,2.7,627.52
MT,202205,2.5,627.52
MT,202206,2.8,627.52
MT,202207,2.5,652.52
MT,202208,2.5,652.52
MT,202209,2.0,652.52
MT,202210,2.2,648.72
MT,202211,2.2,648.72
MT,202212,2.6,648.72
MT,202301,3.2,660.72
MT,202302,3.1,660.72
MT,202303,3.0,660.72
MT,202304,2.4,665.05
MT,202305,2.4,665.05
MT,202306,2.6,665.05
MT,202307,2.4,678.35
MT,202308,2.4,678.35
MT,202309,2.2,678.35
MT,202310,2.6,679.93
MT,202311,2.7,679.93
MT,202312,3.3,679.93
MT,202401,3.8,689.89
MT,202402,3.7,689.89
MT,202403,3.4,689.89
MT,202404,2.8,697.55
MT,202405,2.7,697.55
MT,202406,3.1,697.55
MT,202407,2.9,705.43
MT,202408,2.8,705.43
MT,202409,2.4,705.43
MT,202410,2.4,725.64
MT,202411,2.7,725.64
MT,202412,3.0,725.64
MT,202501,3.2,736.69
MT,202502,3.4,736.69
MT,202503,3.0,736.69
NE,199901,3.0,153.49
NE,199902,3.0,153.49
NE,199903,2.8,153.49
NE,199904,2.7,153.79
NE,199905,2.7,153.79
NE,199906,3.2,153.79
NE,199907,3.0,154.85
NE,199908,2.6,154.85
NE,199909,2.6,154.85
NE,199910,2.4,156.16
NE,199911,2.5,156.16
NE,199912,2.6,156.16
NE,200001,3.2,156.51
NE,200002,3.1,156.51
NE,200003,3.0,156.51
NE,200004,2.7,157.96
NE,200005,2.8,157.96
NE,200006,3.0,157.96
NE,200007,2.9,159.64
NE,200008,2.6,159.64
NE,200009,2.6,159.64
NE,200010,2.7,160.6
NE,200011,2.6,160.6
NE,200012,2.6,160.6
NE,200101,3.3,161.71
NE,200102,3.3,161.71
NE,200103,3.4,161.71
NE,200104,3.0,162.4
NE,200105,2.9,162.4
NE,200106,3.3,162.4
NE,200107,3.2,164.34
NE,200108,3.0,164.34
NE,200109,2.9,164.34
NE,200110,3.0,165.4
NE,200111,3.2,165.4
NE,200112,3.3,165.4
NE,200201,4.1,166.14
NE,200202,4.0,166.14
NE,200203,4.1,166.14
NE,200204,3.8,168.27
NE,200205,3.5,168.27
NE,200206,4.0,168.27
NE,200207,3.8,169.5
NE,200208,3.3,169.5
NE,200209,3.3,169.5
NE,200210,3.2,171.0
NE,200211,3.4,171.0
NE,200212,3.5,171.0
NE,200301,4.2,173.22
NE,200302,4.1,173.22
NE,200303,4.1,173.22
NE,200304,3.9,175.15
NE,200305,3.9,175.15
NE,200306,4.4,175.15
NE,200307,4.1,176.4
NE,200308,3.7,176.4
NE,200309,3.8,176.4
NE,200310,3.6,177.87
NE,200311,3.5,177.87
NE,200312,3.6,177.87
NE,200401,4.4,179.62
NE,200402,4.2,179.62
NE,200403,4.2,179.62
NE,200404,3.7,182.04
NE,200405,3.7,182.04
NE,200406,4.1,182.04
NE,200407,3.9,181.9
NE,200408,3.7,181.9
NE,200409,3.7,181.9
NE,200410,3.6,186.29
NE,200411,3.6,186.29
NE,200412,3.8,186.29
NE,200501,4.5,187.95
NE,200502,4.4,187.95
NE,200503,4.3,187.95
NE,200504,3.8,189.73
NE,200505,3.8,189.73
NE,200506,3.9,189.73
NE,200507,3.8,189.04
NE,200508,3.4,189.04
NE,200509,3.5,189.04
NE,200510,3.3,191.66
NE,200511,3.5,191.66
NE,200512,3.4,191.66
NE,200601,3.6,193.05
NE,200602,3.5,193.05
NE,200603,3.3,193.05
NE,200604,3.1,193.91
NE,200605,2.8,193.91
NE,200606,3.2,193.91
NE,200607,3.3,195.85
NE,200608,2.9,195.85
NE,200609,2.8,195.85
NE,200610,2.7,196.37
NE,200611,2.7,196.37
NE,200612,2.7,196.37
NE,200701,3.4,196.39
NE,200702,3.3,196.39
NE,200703,2.9,196.39
NE,200704,2.7,197.94
NE,200705,2.9,197.94
NE,200706,3.3,197.94
NE,200707,3.2,198.61
NE,200708,2.8,198.61
NE,200709,2.8,198.61
NE,200710,2.8,197.43
NE,200711,2.8,197.43
NE,200712,2.7,197.43
NE,200801,3.3,195.93
NE,200802,3.3,195.93
NE,200803,3.2,195.93
NE,200804,2.9,193.88
NE,200805,3.0,193.88
NE,200806,3.4,193.88
NE,200807,3.4,191.62
NE,200808,3.1,191.62
NE,200809,3.2,191.62
NE,200810,3.2,190.98
NE,200811,3.2,190.98
NE,200812,3.6,190.98
NE,200901,4.6,190.79
NE,200902,4.6,190.79
NE,200903,4.8,190.79
NE,200904,4.5,189.36
NE,200905,4.6,189.36
NE,200906,4.9,189.36
NE,200907,4.8,191.76
NE,200908,4.6,191.76
NE,200909,4.6,191.76
NE,200910,4.4,192.4
NE,200911,4.3,192.4
NE,200912,4.7,192.4
NE,201001,5.4,193.16
NE,201002,5.4,193.16
NE,201003,5.2,193.16
NE,201004,4.6,189.75
NE,201005,4.4,189.75
NE,201006,4.9,189.75
NE,201007,4.6,192.71
NE,201008,4.3,192.71
NE,201009,4.3,192.71
NE,201010,4.2,190.38
NE,201011,4.2,190.38
NE,201012,4.3,190.38
NE,201101,5.0,186.76
NE,201102,4.9,186.76
NE,201103,4.7,186.76
NE,201104,4.3,188.37
NE,201105,4.3,188.37
NE,201106,4.7,188.37
NE,201107,4.5,186.93
NE,201108,4.3,186.93
NE,201109,4.1,186.93
NE,201110,4.0,189.01
NE,201111,3.8,189.01
NE,201112,4.1,189.01
NE,201201,4.4,189.66
NE,201202,4.5,189.66
NE,201203,4.2,189.66
NE,201204,3.7,191.14
NE,201205,3.7,191.14
NE,201206,4.1,191.14
NE,201207,4.2,193.23
NE,201208,3.8,193.23
NE,201209,3.5,193.23
NE,201210,3.6,193.85
NE,201211,3.4,193.85
NE,201212,3.8,193.85
NE,201301,4.4,198.63
NE,201302,4.2,198.63
NE,201303,3.9,198.63
NE,201304,3.6,200.8
NE,201305,3.7,200.8
NE,201306,4.1,200.8
NE,201307,4.0,200.91
NE,201308,3.5,200.91
NE,201309,3.4,200.91
NE,201310,3.3,202.4
NE,201311,3.1,202.4
NE,201312,3.3,202.4
NE,201401,3.8,205.38
NE,201402,3.9,205.38
NE,201403,3.9,205.38
NE,201404,3.1,205.86
NE,201405,3.1,205.86
NE,201406,3.4,205.86
NE,201407,3.6,208.39
NE,201408,3.1,208.39
NE,201409,2.9,208.39
NE,201410,2.7,210.41
NE,201411,2.6,210.41
NE,201412,2.8,210.41
NE,201501,3.3,212.48
NE,201502,3.1,212.48
NE,201503,3.1,212.48
NE,201504,2.8,216.18
NE,201505,2.9,216.18
NE,201506,3.2,216.18
NE,201507,3.3,217.42
NE,201508,2.9,217.42
NE,201509,2.7,217.42
NE,201510,2.8,221.29
NE,201511,2.7,221.29
NE,201512,2.9,221.29
NE,201601,3.3,222.47
NE,201602,3.3,222.47
NE,201603,3.3,222.47
NE,201604,3.0,222.1
NE,201605,2.8,222.1
NE,201606,3.4,222.1
NE,201607,3.4,227.47
NE,201608,3.1,227.47
NE,201609,3.0,227.47
NE,201610,3.1,230.17
NE,201611,2.8,230.17
NE,201612,3.0,230.17
NE,201701,3.5,231.44
NE,201702,3.3,231.44
NE,201703,3.0,231.44
NE,201704,2.8,236.57
NE,201705,2.8,236.57
NE,201706,3.1,236.57
NE,201707,3.1,241.17
NE,201708,2.9,241.17
NE,201709,2.7,241.17
NE,201710,2.5,243.46
NE,201711,2.7,243.46
NE,201712,2.9,243.46
NE,201801,3.2,249.57
NE,201802,3.3,249.57
NE,201803,3.1,249.57
NE,201804,2.8,254.14
NE,201805,2.7,254.14
NE,201806,3.2,254.14
NE,201807,3.1,256.0
NE,201808,2.8,256.0
NE,201809,2.6,256.0
NE,201810,2.7,259.77
NE,201811,2.5,259.77
NE,201812,2.9,259.77
NE,201901,3.5,263.42
NE,201902,3.4,263.42
NE,201903,3.4,263.42
NE,201904,2.9,265.2
NE,201905,3.0,265.2
NE,201906,3.4,265.2
NE,201907,3.3,269.83
NE,201908,3.0,269.83
NE,201909,2.7,269.83
NE,201910,3.0,274.09
NE,201911,2.8,274.09
NE,201912,2.8,274.09
NE,202001,3.3,274.26
NE,202002,3.1,274.26
NE,202003,5.1,274.26
NE,202004,8.0,282.14
NE,202005,6.6,282.14
NE,202006,5.6,282.14
NE,202007,4.8,284.6
NE,202008,3.5,284.6
NE,202009,3.2,284.6
NE,202010,2.5,294.78
NE,202011,2.5,294.78
NE,202012,2.8,294.78
NE,202101,3.4,306.04
NE,202102,3.5,306.04
NE,202103,3.1,306.04
NE,202104,2.7,315.96
NE,202105,2.7,315.96
NE,202106,3.2,315.96
NE,202107,2.8,327.92
NE,202108,2.5,327.92
NE,202109,2.1,327.92
NE,202110,2.1,340.7
NE,202111,1.8,340.7
NE,202112,1.8,340.7
NE,202201,2.4,350.54
NE,202202,2.3,350.54
NE,202203,2.2,350.54
NE,202204,1.9,362.19
NE,202205,2.0,362.19
NE,202206,2.5,362.19
NE,202207,2.4,372.21
NE,202208,2.3,372.21
NE,202209,2.0,372.21
NE,202210,2.1,375.12
NE,202211,2.0,375.12
NE,202212,2.1,375.12
NE,202301,2.3,382.13
NE,202302,2.4,382.13
NE,202303,2.2,382.13
NE,202304,2.0,386.35
NE,202305,2.2,386.35
NE,202306,2.6,386.35
NE,202307,2.4,392.1
NE,202308,2.3,392.1
NE,202309,2.3,392.1
NE,202310,2.5,402.45
NE,202311,2.2,402.45
NE,202312,2.3,402.45
NE,202401,2.8,400.82
NE,202402,2.9,400.82
NE,202403,2.7,400.82
NE,202404,2.4,412.1
NE,202405,2.6,412.1
NE,202406,3.1,412.1
NE,202407,3.1,417.53
NE,202408,2.8,417.53
NE,202409,2.6,417.53
NE,202410,2.7,420.3
NE,202411,2.7,420.3
NE,202412,2.6,420.3
NE,202501,3.2,427.75
NE,202502,3.4,427.75
NE,202503,2.9,427.75
NV,199901,4.5,119.49
NV,199902,4.2,119.49
NV,199903,4.1,119.49
NV,199904,4.1,120.64
NV,199905,3.8,120.64
NV,199906,4.3,120.64
NV,199907,4.3,120.77
NV,199908,4.0,120.77
NV,199909,4.1,120.77
NV,199910,3.8,122.21
NV,199911,3.7,122.21
NV,199912,3.7,122.21
NV,200001,4.4,123.36
NV,200002,4.1,123.36
NV,200003,4.1,123.36
NV,200004,3.9,123.93
NV,200005,3.9,123.93
NV,200006,4.2,123.93
NV,200007,4.3,125.84
NV,200008,4.3,125.84
NV,200009,4.2,125.84
NV,200010,4.1,125.89
NV,200011,4.1,125.89
NV,200012,4.3,125.89
NV,200101,5.2,128.02
NV,200102,4.9,128.02
NV,200103,5.0,128.02
NV,200104,4.9,130.79
NV,200105,4.5,130.79
NV,200106,5.1,130.79
NV,200107,5.1,133.34
NV,200108,5.3,133.34
NV,200109,5.2,133.34
NV,200110,5.3,135.07
NV,200111,5.4,135.07
NV,200112,5.6,135.07
NV,200201,6.3,137.76
NV,200202,5.9,137.76
NV,200203,5.8,137.76
NV,200204,5.8,140.33
NV,200205,5.5,140.33
NV,200206,5.8,140.33
NV,200207,5.8,142.21
NV,200208,5.5,142.21
NV,200209,5.3,142.21
NV,200210,5.1,145.72
NV,200211,5.3,145.72
NV,200212,5.4,145.72
NV,200301,6.0,149.5
NV,200302,5.6,149.5
NV,200303,5.4,149.5
NV,200304,5.3,153.27
NV,200305,5.0,153.27
NV,200306,5.6,153.27
NV,200307,5.4,157.08
NV,200308,5.1,157.08
NV,200309,5.1,157.08
NV,200310,4.8,164.22
NV,200311,4.7,164.22
NV,200312,4.6,164.22
NV,200401,5.3,174.14
NV,200402,4.7,174.14
NV,200403,4.8,174.14
NV,200404,4.5,186.33
NV,200405,4.2,186.33
NV,200406,4.7,186.33
NV,200407,4.6,204.27
NV,200408,4.2,204.27
NV,200409,4.1,204.27
NV,200410,4.0,219.4
NV,200411,4.1,219.4
NV,200412,4.2,219.4
NV,200501,4.7,229.92
NV,200502,4.5,229.92
NV,200503,4.3,229.92
NV,200504,4.2,239.66
NV,200505,4.0,239.66
NV,200506,4.3,239.66
NV,200507,4.4,253.7
NV,200508,4.1,253.7
NV,200509,4.2,253.7
NV,200510,3.9,257.19
NV,200511,4.0,257.19
NV,200512,3.9,257.19
NV,200601,4.3,268.49
NV,200602,4.3,268.49
NV,200603,4.1,268.49
NV,200604,4.1,273.44
NV,200605,3.9,273.44
NV,200606,4.3,273.44
NV,200607,4.5,271.03
NV,200608,4.1,271.03
NV,200609,4.1,271.03
NV,200610,3.9,267.33
NV,200611,4.0,267.33
NV,200612,4.1,267.33
NV,200701,4.8,265.94
NV,200702,4.4,265.94
NV,200703,4.4,265.94
NV,200704,4.5,263.37
NV,200705,4.3,263.37
NV,200706,4.8,263.37
NV,200707,5.0,258.39
NV,200708,4.8,258.39
NV,200709,4.9,258.39
NV,200710,4.9,247.73
NV,200711,5.0,247.73
NV,200712,5.4,247.73
NV,200801,6.0,234.81
NV,200802,5.6,234.81
NV,200803,5.9,234.81
NV,200804,5.8,217.11
NV,200805,6.2,217.11
NV,200806,6.7,217.11
NV,200807,7.1,197.5
NV,200808,7.3,197.5
NV,200809,7.5,197.5
NV,200810,7.7,181.63
NV,200811,8.0,181.63
NV,200812,8.8,181.63
NV,200901,9.7,161.8
NV,200902,9.9,161.8
NV,200903,10.1,161.8
NV,200904,10.0,150.37
NV,200905,10.4,150.37
NV,200906,11.2,150.37
NV,200907,11.5,141.45
NV,200908,11.6,141.45
NV,200909,11.9,141.45
NV,200910,12.1,132.64
NV,200911,12.1,132.64
NV,200912,12.5,132.64
NV,201001,13.4,134.89
NV,201002,13.2,134.89
NV,201003,13.2,134.89
NV,201004,13.1,131.92
NV,201005,12.9,131.92
NV,201006,13.3,131.92
NV,201007,13.6,131.01
NV,201008,13.4,131.01
NV,201009,13.3,131.01
NV,201010,13.1,127.8
NV,201011,13.4,127.8
NV,201012,13.4,127.8
NV,201101,13.7,124.63
NV,201102,13.3,124.63
NV,201103,13.1,124.63
NV,201104,12.9,119.1
NV,201105,12.7,119.1
NV,201106,13.3,119.1
NV,201107,13.4,115.0
NV,201108,13.2,115.0
NV,201109,13.0,115.0
NV,201110,12.6,113.28
NV,201111,12.2,113.28
NV,201112,12.3,113.28
NV,201201,12.5,111.33
NV,201202,12.2,111.33
NV,201203,11.9,111.33
NV,201204,11.5,112.26
NV,201205,11.5,112.26
NV,201206,12.0,112.26
NV,201207,12.0,119.68
NV,201208,11.6,119.68
NV,201209,10.9,119.68
NV,201210,10.8,124.77
NV,201211,10.4,124.77
NV,201212,10.7,124.77
NV,201301,11.3,131.74
NV,201302,10.6,131.74
NV,201303,10.2,131.74
NV,201304,10.0,139.47
NV,201305,9.9,139.47
NV,201306,10.4,139.47
NV,201307,10.3,148.12
NV,201308,9.8,148.12
NV,201309,9.6,148.12
NV,201310,9.5,154.91
NV,201311,9.0,154.91
NV,201312,9.0,154.91
NV,201401,9.2,160.57
NV,201402,9.0,160.57
NV,201403,8.8,160.57
NV,201404,7.9,164.71
NV,201405,8.2,164.71
NV,201406,8.4,164.71
NV,201407,8.6,167.57
NV,201408,8.2,167.57
NV,201409,7.8,167.57
NV,201410,7.5,171.69
NV,201411,7.5,171.69
NV,201412,7.3,171.69
NV,201501,7.9,175.76
NV,201502,7.4,175.76
NV,201503,7.1,175.76
NV,201504,7.0,180.27
NV,201505,7.0,180.27
NV,201506,7.0,180.27
NV,201507,7.2,183.68
NV,201508,6.7,183.68
NV,201509,6.5,183.68
NV,201510,6.4,190.17
NV,201511,6.3,190.17
NV,201512,6.3,190.17
NV,201601,6.5,193.43
NV,201602,6.2,193.43
NV,201603,6.2,193.43
NV,201604,6.0,198.99
NV,201605,5.6,198.99
NV,201606,6.1,198.99
NV,201607,6.0,202.45
NV,201608,5.7,202.45
NV,201609,5.6,202.45
NV,201610,5.5,204.88
NV,201611,5.2,204.88
NV,201612,5.3,204.88
NV,201701,5.7,211.7
NV,201702,5.4,211.7
NV,201703,5.1,211.7
NV,201704,5.0,214.43
NV,201705,4.8,214.43
NV,201706,5.2,214.43
NV,201707,5.3,218.06
NV,201708,5.0,218.06
NV,201709,4.8,218.06
NV,201710,4.6,225.88
NV,201711,4.6,225.88
NV,201712,4.7,225.88
NV,201801,5.1,237.18
NV,201802,4.8,237.18
NV,201803,4.5,237.18
NV,201804,4.4,242.7
NV,201805,4.1,242.7
NV,201806,4.6,242.7
NV,201807,4.6,253.06
NV,201808,4.4,253.06
NV,201809,4.1,253.06
NV,201810,4.1,257.57
NV,201811,4.0,257.57
NV,201812,4.2,257.57
NV,201901,4.8,261.43
NV,201902,4.3,261.43
NV,201903,4.2,261.43
NV,201904,4.0,266.82
NV,201905,4.0,266.82
NV,201906,4.3,266.82
NV,201907,4.4,268.86
NV,201908,4.1,268.86
NV,201909,3.9,268.86
NV,201910,3.9,270.32
NV,201911,3.8,270.32
NV,201912,4.0,270.32
NV,202001,4.4,273.27
NV,202002,4.2,273.27
NV,202003,7.6,273.27
NV,202004,30.1,278.8
NV,202005,25.0,278.8
NV,202006,19.2,278.8
NV,202007,17.3,280.16
NV,202008,13.8,280.16
NV,202009,12.8,280.16
NV,202010,10.6,289.81
NV,202011,9.8,289.81
NV,202012,9.5,289.81
NV,202101,9.2,302.43
NV,202102,8.5,302.43
NV,202103,7.9,302.43
NV,202104,7.6,314.71
NV,202105,7.0,314.71
NV,202106,7.4,314.71
NV,202107,7.0,335.21
NV,202108,6.4,335.21
NV,202109,5.6,335.21
NV,202110,5.3,359.08
NV,202111,5.0,359.08
NV,202112,4.8,359.08
NV,202201,5.6,373.5
NV,202202,5.3,373.5
NV,202203,5.0,373.5
NV,202204,5.0,392.5
NV,202205,5.1,392.5
NV,202206,5.5,392.5
NV,202207,5.4,405.39
NV,202208,5.4,405.39
NV,202209,5.1,405.39
NV,202210,5.1,390.68
NV,202211,5.1,390.68
NV,202212,4.9,390.68
NV,202301,5.4,384.79
NV,202302,5.3,384.79
NV,202303,5.0,384.79
NV,202304,4.8,375.99
NV,202305,5.1,375.99
NV,202306,5.2,375.99
NV,202307,5.3,383.35
NV,202308,5.3,383.35
NV,202309,5.2,383.35
NV,202310,5.2,395.01
NV,202311,4.9,395.01
NV,202312,5.0,395.01
NV,202401,5.4,399.49
NV,202402,5.4,399.49
NV,202403,5.3,399.49
NV,202404,5.2,409.09
NV,202405,5.3,409.09
NV,202406,5.8,409.09
NV,202407,6.1,411.04
NV,202408,5.9,411.04
NV,202409,5.5,411.04
NV,202410,5.6,411.48
NV,202411,5.7,411.48
NV,202412,5.6,411.48
NV,202501,5.9,426.08
NV,202502,5.7,426.08
NV,202503,5.4,426.08
NH,199901,3.4,113.73
NH,199902,3.4,113.73
NH,199903,3.2,113.73
NH,199904,2.8,116.0
NH,199905,2.5,116.0
NH,199906,2.6,116.0
NH,199907,2.6,120.22
NH,199908,2.4,120.22
NH,199909,2.3,120.22
NH,199910,2.4,122.02
NH,199911,2.6,122.02
NH,199912,2.5,122.02
NH,200001,3.3,125.32
NH,200002,3.3,125.32
NH,200003,3.1,125.32
NH,200004,2.7,130.64
NH,200005,2.6,130.64
NH,200006,2.7,130.64
NH,200007,2.7,134.54
NH,200008,2.6,134.54
NH,200009,2.2,134.54
NH,200010,2.1,138.91
NH,200011,2.2,138.91
NH,200012,2.4,138.91
NH,200101,3.4,146.02
NH,200102,3.4,146.02
NH,200103,3.6,146.02
NH,200104,3.3,149.38
NH,200105,2.9,149.38
NH,200106,3.3,149.38
NH,200107,3.4,154.28
NH,200108,3.7,154.28
NH,200109,3.4,154.28
NH,200110,3.4,159.95
NH,200111,3.7,159.95
NH,200112,3.6,159.95
NH,200201,4.6,163.64
NH,200202,4.6,163.64
NH,200203,4.7,163.64
NH,200204,4.5,166.97
NH,200205,4.3,166.97
NH,200206,4.6,166.97
NH,200207,4.5,173.45
NH,200208,4.6,173.45
NH,200209,4.3,173.45
NH,200210,4.3,180.48
NH,200211,4.5,180.48
NH,200212,4.4,180.48
NH,200301,5.0,184.56
NH,200302,4.8,184.56
NH,200303,4.7,184.56
NH,200304,4.4,189.31
NH,200305,4.2,189.31
NH,200306,4.6,189.31
NH,200307,4.5,193.8
NH,200308,4.5,193.8
NH,200309,4.3,193.8
NH,200310,4.1,197.67
NH,200311,4.2,197.67
NH,200312,3.9,197.67
NH,200401,4.6,203.76
NH,200402,4.5,203.76
NH,200403,4.5,203.76
NH,200404,4.0,209.11
NH,200405,3.8,209.11
NH,200406,3.9,209.11
NH,200407,3.8,213.13
NH,200408,3.6,213.13
NH,200409,3.3,213.13
NH,200410,3.1,215.9
NH,200411,3.3,215.9
NH,200412,3.3,215.9
NH,200501,4.1,223.53
NH,200502,4.3,223.53
NH,200503,4.0,223.53
NH,200504,3.6,228.22
NH,200505,3.5,228.22
NH,200506,3.6,228.22
NH,200507,3.6,231.22
NH,200508,3.5,231.22
NH,200509,3.6,231.22
NH,200510,3.3,235.86
NH,200511,3.5,235.86
NH,200512,3.2,235.86
NH,200601,3.8,237.45
NH,200602,4.0,237.45
NH,200603,3.8,237.45
NH,200604,3.4,237.05
NH,200605,3.2,237.05
NH,200606,3.4,237.05
NH,200607,3.6,235.91
NH,200608,3.5,235.91
NH,200609,3.3,235.91
NH,200610,3.1,233.38
NH,200611,3.5,233.38
NH,200612,3.4,233.38
NH,200701,4.3,229.23
NH,200702,4.2,229.23
NH,200703,4.0,229.23
NH,200704,3.7,231.24
NH,200705,3.4,231.24
NH,200706,3.6,231.24
NH,200707,3.5,230.4
NH,200708,3.3,230.4
NH,200709,3.1,230.4
NH,200710,2.9,226.42
NH,200711,3.1,226.42
NH,200712,3.2,226.42
NH,200801,3.9,220.92
NH,200802,3.9,220.92
NH,200803,3.9,220.92
NH,200804,3.4,217.81
NH,200805,3.5,217.81
NH,200806,3.6,217.81
NH,200807,3.7,213.55
NH,200808,3.8,213.55
NH,200809,3.7,213.55
NH,200810,3.6,209.39
NH,200811,3.9,209.39
NH,200812,4.2,209.39
NH,200901,5.5,203.39
NH,200902,5.9,203.39
NH,200903,6.0,203.39
NH,200904,5.7,208.14
NH,200905,5.8,208.14
NH,200906,6.1,208.14
NH,200907,6.2,203.59
NH,200908,6.3,203.59
NH,200909,6.4,203.59
NH,200910,6.2,198.16
NH,200911,6.2,198.16
NH,200912,6.4,198.16
NH,201001,7.3,199.78
NH,201002,7.1,199.78
NH,201003,6.8,199.78
NH,201004,6.1,195.47
NH,201005,5.8,195.47
NH,201006,5.8,195.47
NH,201007,5.9,195.18
NH,201008,5.8,195.18
NH,201009,5.5,195.18
NH,201010,5.4,196.95
NH,201011,5.7,196.95
NH,201012,5.5,196.95
NH,201101,6.2,193.46
NH,201102,6.0,193.46
NH,201103,5.7,193.46
NH,201104,5.3,187.82
NH,201105,5.3,187.82
NH,201106,5.6,187.82
NH,201107,5.6,186.25
NH,201108,5.5,186.25
NH,201109,5.4,186.25
NH,201110,5.1,186.55
NH,201111,5.0,186.55
NH,201112,5.1,186.55
NH,201201,5.8,189.35
NH,201202,5.8,189.35
NH,201203,5.6,189.35
NH,201204,5.1,185.3
NH,201205,5.2,185.3
NH,201206,5.6,185.3
NH,201207,5.8,185.85
NH,201208,5.7,185.85
NH,201209,5.3,185.85
NH,201210,5.2,185.89
NH,201211,5.2,185.89
NH,201212,5.4,185.89
NH,201301,6.3,187.78
NH,201302,5.9,187.78
NH,201303,5.7,187.78
NH,201304,5.2,189.33
NH,201305,5.1,189.33
NH,201306,5.2,189.33
NH,201307,5.2,193.99
NH,201308,5.1,193.99
NH,201309,5.0,193.99
NH,201310,5.0,194.2
NH,201311,4.8,194.2
NH,201312,4.6,194.2
NH,201401,5.1,194.46
NH,201402,5.1,194.46
NH,201403,5.0,194.46
NH,201404,4.3,198.44
NH,201405,4.3,198.44
NH,201406,4.2,198.44
NH,201407,4.4,197.84
NH,201408,4.3,197.84
NH,201409,3.9,197.84
NH,201410,3.6,201.51
NH,201411,3.8,201.51
NH,201412,3.6,201.51
NH,201501,4.4,200.92
NH,201502,4.2,200.92
NH,201503,4.0,200.92
NH,201504,3.5,207.04
NH,201505,3.5,207.04
NH,201506,3.4,207.04
NH,201507,3.4,207.51
NH,201508,3.1,207.51
NH,201509,2.9,207.51
NH,201510,2.9,210.71
NH,201511,2.9,210.71
NH,201512,2.7,210.71
NH,201601,3.3,212.06
NH,201602,3.2,212.06
NH,201603,3.2,212.06
NH,201604,2.9,212.75
NH,201605,2.7,212.75
NH,201606,2.9,212.75
NH,201607,2.9,217.71
NH,201608,2.9,217.71
NH,201609,2.6,217.71
NH,201610,2.5,218.75
NH,201611,2.6,218.75
NH,201612,2.7,218.75
NH,201701,3.4,221.49
NH,201702,3.5,221.49
NH,201703,3.2,221.49
NH,201704,2.8,230.24
NH,201705,2.7,230.24
NH,201706,2.7,230.24
NH,201707,2.7,229.7
NH,201708,2.8,229.7
NH,201709,2.6,229.7
NH,201710,2.4,233.31
NH,201711,2.5,233.31
NH,201712,2.4,233.31
NH,201801,3.2,237.96
NH,201802,3.2,237.96
NH,201803,3.1,237.96
NH,201804,2.8,240.47
NH,201805,2.5,240.47
NH,201806,2.7,240.47
NH,201807,2.7,242.72
NH,201808,2.5,242.72
NH,201809,2.2,242.72
NH,201810,2.1,246.75
NH,201811,2.2,246.75
NH,201812,2.3,246.75
NH,201901,3.2,251.69
NH,201902,3.0,251.69
NH,201903,3.0,251.69
NH,201904,2.5,253.36
NH,201905,2.4,253.36
NH,201906,2.5,253.36
NH,201907,2.6,258.16
NH,201908,2.6,258.16
NH,201909,2.3,258.16
NH,201910,2.2,261.67
NH,201911,2.2,261.67
NH,201912,2.2,261.67
NH,202001,3.0,265.36
NH,202002,2.9,265.36
NH,202003,3.2,265.36
NH,202004,15.8,272.06
NH,202005,11.9,272.06
NH,202006,9.5,272.06
NH,202007,8.4,273.02
NH,202008,6.5,273.02
NH,202009,6.0,273.02
NH,202010,4.8,288.47
NH,202011,4.6,288.47
NH,202012,4.4,288.47
NH,202101,4.7,303.96
NH,202102,4.6,303.96
NH,202103,4.4,303.96
NH,202104,3.9,316.87
NH,202105,3.5,316.87
NH,202106,3.8,316.87
NH,202107,3.6,332.44
NH,202108,3.3,332.44
NH,202109,2.9,332.44
NH,202110,2.5,347.79
NH,202111,2.4,347.79
NH,202112,2.1,347.79
NH,202201,3.0,360.54
NH,202202,2.7,360.54
NH,202203,2.5,360.54
NH,202204,2.2,380.05
NH,202205,2.1,380.05
NH,202206,2.3,380.05
NH,202207,2.4,387.54
NH,202208,2.7,387.54
NH,202209,2.4,387.54
NH,202210,2.4,388.38
NH,202211,2.4,388.38
NH,202212,2.2,388.38
NH,202301,2.8,395.11
NH,202302,2.7,395.11
NH,202303,2.4,395.11
NH,202304,1.9,402.78
NH,202305,2.0,402.78
NH,202306,2.1,402.78
NH,202307,2.2,415.26
NH,202308,2.4,415.26
NH,202309,2.2,415.26
NH,202310,2.0,426.59
NH,202311,2.1,426.59
NH,202312,2.0,426.59
NH,202401,2.6,432.91
NH,202402,2.8,432.91
NH,202403,2.7,432.91
NH,202404,2.3,441.17
NH,202405,2.1,441.17
NH,202406,2.5,441.17
NH,202407,2.8,448.89
NH,202408,2.8,448.89
NH,202409,2.4,448.89
NH,202410,2.5,457.59
NH,202411,2.9,457.59
NH,202412,2.8,457.59
NH,202501,3.3,464.57
NH,202502,3.6,464.57
NH,202503,3.5,464.57
NJ,199901,4.8,110.34
NJ,199902,4.9,110.34
NJ,199903,4.8,110.34
NJ,199904,4.5,112.11
NJ,199905,4.5,112.11
NJ,199906,4.9,112.11
NJ,199907,5.2,114.72
NJ,199908,4.4,114.72
NJ,199909,4.3,114.72
NJ,199910,3.8,117.32
NJ,199911,3.7,117.32
NJ,199912,3.5,117.32
NJ,200001,4.3,119.49
NJ,200002,4.3,119.49
NJ,200003,4.0,119.49
NJ,200004,3.3,122.71
NJ,200005,3.4,122.71
NJ,200006,3.4,122.71
NJ,200007,4.0,125.62
NJ,200008,3.7,125.62
NJ,200009,3.4,125.62
NJ,200010,3.3,128.53
NJ,200011,3.5,128.53
NJ,200012,3.4,128.53
NJ,200101,4.2,132.68
NJ,200102,4.2,132.68
NJ,200103,4.1,132.68
NJ,200104,3.6,136.51
NJ,200105,3.7,136.51
NJ,200106,4.1,136.51
NJ,200107,4.3,139.54
NJ,200108,4.3,139.54
NJ,200109,4.3,139.54
NJ,200110,4.4,144.54
NJ,200111,4.6,144.54
NJ,200112,4.9,144.54
NJ,200201,5.9,148.63
NJ,200202,6.0,148.63
NJ,200203,6.1,148.63
NJ,200204,5.7,153.16
NJ,200205,5.6,153.16
NJ,200206,5.9,153.16
NJ,200207,6.1,159.32
NJ,200208,5.6,159.32
NJ,200209,5.5,159.32
NJ,200210,5.5,165.65
NJ,200211,5.7,165.65
NJ,200212,5.7,165.65
NJ,200301,6.5,171.87
NJ,200302,6.4,171.87
NJ,200303,6.2,171.87
NJ,200304,5.7,175.93
NJ,200305,5.8,175.93
NJ,200306,6.2,175.93
NJ,200307,6.3,182.44
NJ,200308,5.8,182.44
NJ,200309,5.6,182.44
NJ,200310,5.3,187.84
NJ,200311,5.3,187.84
NJ,200312,4.9,187.84
NJ,200401,6.0,194.31
NJ,200402,5.7,194.31
NJ,200403,5.6,194.31
NJ,200404,5.0,200.96
NJ,200405,4.8,200.96
NJ,200406,5.1,200.96
NJ,200407,5.4,207.88
NJ,200408,4.7,207.88
NJ,200409,4.5,207.88
NJ,200410,4.2,215.18
NJ,200411,4.1,215.18
NJ,200412,4.0,215.18
NJ,200501,4.8,223.06
NJ,200502,5.1,223.06
NJ,200503,4.7,223.06
NJ,200504,4.1,230.43
NJ,200505,4.0,230.43
NJ,200506,4.3,230.43
NJ,200507,4.7,238.07
NJ,200508,4.3,238.07
NJ,200509,4.3,238.07
NJ,200510,4.0,246.57
NJ,200511,4.5,246.57
NJ,200512,4.5,246.57
NJ,200601,5.2,252.23
NJ,200602,5.4,252.23
NJ,200603,5.1,252.23
NJ,200604,4.8,255.55
NJ,200605,4.8,255.55
NJ,200606,4.8,255.55
NJ,200607,5.3,257.46
NJ,200608,4.7,257.46
NJ,200609,4.4,257.46
NJ,200610,3.8,255.9
NJ,200611,4.0,255.9
NJ,200612,3.8,255.9
NJ,200701,4.7,254.19
NJ,200702,4.6,254.19
NJ,200703,4.3,254.19
NJ,200704,3.9,255.48
NJ,200705,4.0,255.48
NJ,200706,4.2,255.48
NJ,200707,4.7,254.66
NJ,200708,4.1,254.66
NJ,200709,4.0,254.66
NJ,200710,3.8,250.87
NJ,200711,4.0,250.87
NJ,200712,4.2,250.87
NJ,200801,5.2,248.65
NJ,200802,5.1,248.65
NJ,200803,5.0,248.65
NJ,200804,4.5,243.49
NJ,200805,5.0,243.49
NJ,200806,5.2,243.49
NJ,200807,5.7,237.15
NJ,200808,5.7,237.15
NJ,200809,5.6,237.15
NJ,200810,5.6,231.87
NJ,200811,5.8,231.87
NJ,200812,6.4,231.87
NJ,200901,7.7,227.44
NJ,200902,8.3,227.44
NJ,200903,8.3,227.44
NJ,200904,7.9,225.91
NJ,200905,8.3,225.91
NJ,200906,8.9,225.91
NJ,200907,9.4,220.52
NJ,200908,9.3,220.52
NJ,200909,9.4,220.52
NJ,200910,9.5,218.52
NJ,200911,9.5,218.52
NJ,200912,9.7,218.52
NJ,201001,10.5,217.09
NJ,201002,10.5,217.09
NJ,201003,10.3,217.09
NJ,201004,9.7,218.41
NJ,201005,9.5,218.41
NJ,201006,9.6,218.41
NJ,201007,9.9,215.49
NJ,201008,9.5,215.49
NJ,201009,9.2,215.49
NJ,201010,9.0,213.01
NJ,201011,9.3,213.01
NJ,201012,9.2,213.01
NJ,201101,10.0,211.2
NJ,201102,10.0,211.2
NJ,201103,9.6,211.2
NJ,201104,9.1,207.06
NJ,201105,9.3,207.06
NJ,201106,9.6,207.06
NJ,201107,9.8,203.3
NJ,201108,9.4,203.3
NJ,201109,9.3,203.3
NJ,201110,9.0,201.84
NJ,201111,8.9,201.84
NJ,201112,8.9,201.84
NJ,201201,9.7,199.51
NJ,201202,9.9,199.51
NJ,201203,9.6,199.51
NJ,201204,9.1,198.25
NJ,201205,9.4,198.25
NJ,201206,9.8,198.25
NJ,201207,10.2,198.51
NJ,201208,9.7,198.51
NJ,201209,9.2,198.51
NJ,201210,9.1,198.63
NJ,201211,8.7,198.63
NJ,201212,9.0,198.63
NJ,201301,9.9,198.79
NJ,201302,9.5,198.79
NJ,201303,9.0,198.79
NJ,201304,8.4,199.94
NJ,201305,8.7,199.94
NJ,201306,8.9,199.94
NJ,201307,8.8,203.31
NJ,201308,8.3,203.31
NJ,201309,7.9,203.31
NJ,201310,7.6,203.81
NJ,201311,7.0,203.81
NJ,201312,6.8,203.81
NJ,201401,7.6,204.47
NJ,201402,7.6,204.47
NJ,201403,7.3,204.47
NJ,201404,6.2,205.16
NJ,201405,6.6,205.16
NJ,201406,6.6,205.16
NJ,201407,7.2,206.78
NJ,201408,6.9,206.78
NJ,201409,6.4,206.78
NJ,201410,6.1,207.06
NJ,201411,6.1,207.06
NJ,201412,5.8,207.06
NJ,201501,6.9,208.88
NJ,201502,6.7,208.88
NJ,201503,6.3,208.88
NJ,201504,5.8,210.79
NJ,201505,6.1,210.79
NJ,201506,6.0,210.79
NJ,201507,6.3,209.55
NJ,201508,5.5,209.55
NJ,201509,5.1,209.55
NJ,201510,4.8,211.14
NJ,201511,4.7,211.14
NJ,201512,4.5,211.14
NJ,201601,5.2,211.77
NJ,201602,5.3,211.77
NJ,201603,5.3,211.77
NJ,201604,4.9,212.32
NJ,201605,4.8,212.32
NJ,201606,5.1,212.32
NJ,201607,5.5,215.33
NJ,201608,5.2,215.33
NJ,201609,4.9,215.33
NJ,201610,4.6,216.57
NJ,201611,4.3,216.57
NJ,201612,4.3,216.57
NJ,201701,5.0,217.9
NJ,201702,5.0,217.9
NJ,201703,4.5,217.9
NJ,201704,4.1,218.01
NJ,201705,4.4,218.01
NJ,201706,4.5,218.01
NJ,201707,5.0,221.69
NJ,201708,4.8,221.69
NJ,201709,4.5,221.69
NJ,201710,4.2,225.37
NJ,201711,4.2,225.37
NJ,201712,4.0,225.37
NJ,201801,4.8,225.58
NJ,201802,4.9,225.58
NJ,201803,4.5,225.58
NJ,201804,3.9,230.1
NJ,201805,3.8,230.1
NJ,201806,4.3,230.1
NJ,201807,4.5,230.83
NJ,201808,4.0,230.83
NJ,201809,3.6,230.83
NJ,201810,3.3,232.24
NJ,201811,3.1,232.24
NJ,201812,3.4,232.24
NJ,201901,4.2,233.66
NJ,201902,4.0,233.66
NJ,201903,3.5,233.66
NJ,201904,2.8,235.83
NJ,201905,3.0,235.83
NJ,201906,3.2,235.83
NJ,201907,3.8,236.86
NJ,201908,3.6,236.86
NJ,201909,3.3,236.86
NJ,201910,3.3,240.13
NJ,201911,3.4,240.13
NJ,201912,3.6,240.13
NJ,202001,4.4,244.41
NJ,202002,4.3,244.41
NJ,202003,5.0,244.41
NJ,202004,14.4,249.96
NJ,202005,15.6,249.96
NJ,202006,14.6,249.96
NJ,202007,14.9,248.2
NJ,202008,13.0,248.2
NJ,202009,7.3,248.2
NJ,202010,6.6,261.18
NJ,202011,6.9,261.18
NJ,202012,6.9,261.18
NJ,202101,7.8,274.07
NJ,202102,7.8,274.07
NJ,202103,7.5,274.07
NJ,202104,6.9,285.16
NJ,202105,6.8,285.16
NJ,202106,7.5,285.16
NJ,202107,7.4,295.6
NJ,202108,6.9,295.6
NJ,202109,6.1,295.6
NJ,202110,5.5,304.4
NJ,202111,5.2,304.4
NJ,202112,5.1,304.4
NJ,202201,5.7,316.39
NJ,202202,5.1,316.39
NJ,202203,4.5,316.39
NJ,202204,3.8,327.98
NJ,202205,3.6,327.98
NJ,202206,3.7,327.98
NJ,202207,3.8,337.41
NJ,202208,3.3,337.41
NJ,202209,2.9,337.41
NJ,202210,3.1,342.0
NJ,202211,3.3,342.0
NJ,202212,3.4,342.0
NJ,202301,4.2,343.18
NJ,202302,4.4,343.18
NJ,202303,4.1,343.18
NJ,202304,3.6,350.08
NJ,202305,4.2,350.08
NJ,202306,4.5,350.08
NJ,202307,4.7,361.25
NJ,202308,4.7,361.25
NJ,202309,4.3,361.25
NJ,202310,4.2,373.49
NJ,202311,4.0,373.49
NJ,202312,4.1,373.49
NJ,202401,4.7,383.27
NJ,202402,4.9,383.27
NJ,202403,4.6,383.27
NJ,202404,4.0,392.46
NJ,202405,4.3,392.46
NJ,202406,4.7,392.46
NJ,202407,5.3,398.05
NJ,202408,5.0,398.05
NJ,202409,4.2,398.05
NJ,202410,4.2,404.66
NJ,202411,4.3,404.66
NJ,202412,4.2,404.66
NJ,202501,4.9,415.16
NJ,202502,5.0,415.16
NJ,202503,5.0,415.16
NM,199901,6.1,142.95
NM,199902,5.9,142.95
NM,199903,5.6,142.95
NM,199904,5.5,143.89
NM,199905,5.3,143.89
NM,199906,6.4,143.89
NM,199907,6.2,142.84
NM,199908,5.7,142.84
NM,199909,5.6,142.84
NM,199910,5.2,143.84
NM,199911,5.1,143.84
NM,199912,4.6,143.84
NM,200001,5.2,145.4
NM,200002,5.2,145.4
NM,200003,5.1,145.4
NM,200004,4.7,144.64
NM,200005,5.0,144.64
NM,200006,5.7,144.64
NM,200007,5.5,145.37
NM,200008,5.1,145.37
NM,200009,4.8,145.37
NM,200010,4.7,145.95
NM,200011,4.7,145.95
NM,200012,4.4,145.95
NM,200101,5.3,144.89
NM,200102,5.0,144.89
NM,200103,4.9,144.89
NM,200104,4.7,148.33
NM,200105,4.5,148.33
NM,200106,5.4,148.33
NM,200107,5.2,149.11
NM,200108,4.9,149.11
NM,200109,4.8,149.11
NM,200110,4.9,150.36
NM,200111,4.9,150.36
NM,200112,4.8,150.36
NM,200201,5.7,150.49
NM,200202,5.4,150.49
NM,200203,5.3,150.49
NM,200204,5.2,152.48
NM,200205,5.2,152.48
NM,200206,6.3,152.48
NM,200207,6.3,155.73
NM,200208,5.6,155.73
NM,200209,5.2,155.73
NM,200210,5.1,157.64
NM,200211,5.3,157.64
NM,200212,5.3,157.64
NM,200301,5.8,160.88
NM,200302,5.7,160.88
NM,200303,5.7,160.88
NM,200304,5.6,162.9
NM,200305,5.6,162.9
NM,200306,6.8,162.9
NM,200307,6.7,164.91
NM,200308,6.2,164.91
NM,200309,6.0,164.91
NM,200310,5.8,168.06
NM,200311,5.8,168.06
NM,200312,5.3,168.06
NM,200401,6.1,171.16
NM,200402,5.8,171.16
NM,200403,5.8,171.16
NM,200404,5.5,174.11
NM,200405,5.4,174.11
NM,200406,6.3,174.11
NM,200407,6.1,177.74
NM,200408,5.4,177.74
NM,200409,5.3,177.74
NM,200410,5.2,182.15
NM,200411,5.2,182.15
NM,200412,5.2,182.15
NM,200501,5.7,185.8
NM,200502,5.8,185.8
NM,200503,5.5,185.8
NM,200504,5.2,192.21
NM,200505,5.2,192.21
NM,200506,6.0,192.21
NM,200507,5.8,198.77
NM,200508,5.0,198.77
NM,200509,4.9,198.77
NM,200510,4.6,206.33
NM,200511,4.6,206.33
NM,200512,4.2,206.33
NM,200601,4.7,213.85
NM,200602,4.6,213.85
NM,200603,4.1,213.85
NM,200604,4.2,220.35
NM,200605,4.1,220.35
NM,200606,4.9,220.35
NM,200607,5.1,227.91
NM,200608,4.3,227.91
NM,200609,3.9,227.91
NM,200610,3.7,232.54
NM,200611,3.7,232.54
NM,200612,3.3,232.54
NM,200701,3.9,237.23
NM,200702,3.7,237.23
NM,200703,3.5,237.23
NM,200704,3.4,240.05
NM,200705,3.3,240.05
NM,200706,4.0,240.05
NM,200707,4.3,241.7
NM,200708,3.6,241.7
NM,200709,3.3,241.7
NM,200710,3.1,240.69
NM,200711,3.2,240.69
NM,200712,3.3,240.69
NM,200801,3.8,238.78
NM,200802,3.7,238.78
NM,200803,3.8,238.78
NM,200804,3.5,240.26
NM,200805,3.9,240.26
NM,200806,4.8,240.26
NM,200807,5.1,236.18
NM,200808,4.7,236.18
NM,200809,4.5,236.18
NM,200810,4.6,232.64
NM,200811,4.9,232.64
NM,200812,5.2,232.64
NM,200901,6.1,229.37
NM,200902,6.3,229.37
NM,200903,6.3,229.37
NM,200904,6.1,223.88
NM,200905,6.6,223.88
NM,200906,7.7,223.88
NM,200907,8.0,224.57
NM,200908,7.5,224.57
NM,200909,7.5,224.57
NM,200910,7.5,220.82
NM,200911,7.5,220.82
NM,200912,7.5,220.82
NM,201001,8.4,221.4
NM,201002,8.2,221.4
NM,201003,7.9,221.4
NM,201004,7.5,220.71
NM,201005,7.5,220.71
NM,201006,8.4,220.71
NM,201007,8.6,213.94
NM,201008,7.9,213.94
NM,201009,7.6,213.94
NM,201010,7.4,211.82
NM,201011,7.5,211.82
NM,201012,7.2,211.82
NM,201101,7.7,209.07
NM,201102,7.4,209.07
NM,201103,6.9,209.07
NM,201104,6.7,204.47
NM,201105,6.7,204.47
NM,201106,7.9,204.47
NM,201107,8.0,200.4
NM,201108,7.4,200.4
NM,201109,7.2,200.4
NM,201110,7.0,201.18
NM,201111,6.8,201.18
NM,201112,6.8,201.18
NM,201201,7.3,199.1
NM,201202,7.2,199.1
NM,201203,6.7,199.1
NM,201204,6.4,198.74
NM,201205,6.6,198.74
NM,201206,7.7,198.74
NM,201207,7.9,202.78
NM,201208,7.1,202.78
NM,201209,6.7,202.78
NM,201210,6.6,203.41
NM,201211,6.5,203.41
NM,201212,6.6,203.41
NM,201301,7.4,201.1
NM,201302,7.0,201.1
NM,201303,6.6,201.1
NM,201304,6.4,206.06
NM,201305,6.6,206.06
NM,201306,7.7,206.06
NM,201307,7.7,205.76
NM,201308,6.9,205.76
NM,201309,6.7,205.76
NM,201310,6.7,206.78
NM,201311,6.5,206.78
NM,201312,6.4,206.78
NM,201401,6.9,205.31
NM,201402,6.9,205.31
NM,201403,6.6,205.31
NM,201404,5.9,206.21
NM,201405,6.3,206.21
NM,201406,7.2,206.21
NM,201407,7.5,209.37
NM,201408,6.8,209.37
NM,201409,6.3,209.37
NM,201410,6.1,208.15
NM,201411,6.2,208.15
NM,201412,5.9,208.15
NM,201501,6.7,210.42
NM,201502,6.6,210.42
NM,201503,6.2,210.42
NM,201504,6.2,210.33
NM,201505,6.6,210.33
NM,201506,7.4,210.33
NM,201507,7.6,211.39
NM,201508,6.8,211.39
NM,201509,6.5,211.39
NM,201510,6.4,217.21
NM,201511,6.3,217.21
NM,201512,6.1,217.21
NM,201601,6.5,213.92
NM,201602,6.4,213.92
NM,201603,6.3,213.92
NM,201604,6.3,213.57
NM,201605,6.3,213.57
NM,201606,7.5,213.57
NM,201607,7.8,219.76
NM,201608,7.1,219.76
NM,201609,7.0,219.76
NM,201610,6.8,217.67
NM,201611,6.6,217.67
NM,201612,6.5,217.67
NM,201701,7.1,221.98
NM,201702,6.9,221.98
NM,201703,6.3,221.98
NM,201704,6.1,225.4
NM,201705,5.9,225.4
NM,201706,6.7,225.4
NM,201707,7.0,226.54
NM,201708,6.2,226.54
NM,201709,5.6,226.54
NM,201710,5.3,228.75
NM,201711,5.3,228.75
NM,201712,5.0,228.75
NM,201801,5.5,232.98
NM,201802,5.2,232.98
NM,201803,4.7,232.98
NM,201804,4.4,233.93
NM,201805,4.3,233.93
NM,201806,5.6,233.93
NM,201807,5.6,235.86
NM,201808,5.0,235.86
NM,201809,4.7,235.86
NM,201810,4.7,239.39
NM,201811,4.8,239.39
NM,201812,4.9,239.39
NM,201901,5.6,242.64
NM,201902,5.1,242.64
NM,201903,4.7,242.64
NM,201904,4.6,244.95
NM,201905,4.7,244.95
NM,201906,5.7,244.95
NM,201907,6.0,248.97
NM,201908,5.0,248.97
NM,201909,4.6,248.97
NM,201910,4.6,253.49
NM,201911,4.7,253.49
NM,201912,4.6,253.49
NM,202001,5.3,255.81
NM,202002,5.1,255.81
NM,202003,6.3,255.81
NM,202004,8.4,264.02
NM,202005,9.3,264.02
NM,202006,9.6,264.02
NM,202007,10.1,267.16
NM,202008,8.5,267.16
NM,202009,8.7,267.16
NM,202010,7.8,276.48
NM,202011,7.9,276.48
NM,202012,8.1,276.48
NM,202101,8.5,286.34
NM,202102,8.2,286.34
NM,202103,7.7,286.34
NM,202104,7.6,294.95
NM,202105,7.2,294.95
NM,202106,8.4,294.95
NM,202107,8.0,305.0
NM,202108,6.9,305.0
NM,202109,6.0,305.0
NM,202110,5.7,318.95
NM,202111,5.6,318.95
NM,202112,5.1,318.95
NM,202201,5.6,329.3
NM,202202,5.0,329.3
NM,202203,4.4,329.3
NM,202204,4.1,341.68
NM,202205,3.9,341.68
NM,202206,4.7,341.68
NM,202207,4.4,358.27
NM,202208,3.7,358.27
NM,202209,3.4,358.27
NM,202210,3.3,358.14
NM,202211,3.3,358.14
NM,202212,3.1,358.14
NM,202301,3.8,363.11
NM,202302,3.7,363.11
NM,202303,3.2,363.11
NM,202304,3.1,369.54
NM,202305,3.4,369.54
NM,202306,4.3,369.54
NM,202307,4.5,371.94
NM,202308,3.9,371.94
NM,202309,3.6,371.94
NM,202310,3.6,381.92
NM,202311,3.5,381.92
NM,202312,3.4,381.92
NM,202401,3.8,382.4
NM,202402,3.8,382.4
NM,202403,3.5,382.4
NM,202404,3.5,394.56
NM,202405,3.8,394.56
NM,202406,4.9,394.56
NM,202407,5.3,399.78
NM,202408,4.5,399.78
NM,202409,4.1,399.78
NM,202410,4.2,395.42
NM,202411,4.2,395.42
NM,202412,3.9,395.42
NM,202501,4.6,402.98
NM,202502,4.3,402.98
NM,202503,3.8,402.98
NY,199901,5.8,107.67
NY,199902,6.0,107.67
NY,199903,5.5,107.67
NY,199904,5.2,109.36
NY,199905,4.9,109.36
NY,199906,5.2,109.36
NY,199907,5.4,111.88
NY,199908,5.0,111.88
NY,199909,5.1,111.88
NY,199910,4.8,114.41
NY,199911,4.7,114.41
NY,199912,4.5,114.41
NY,200001,5.3,116.86
NY,200002,5.2,116.86
NY,200003,5.0,116.86
NY,200004,4.3,119.56
NY,200005,4.3,119.56
NY,200006,4.3,119.56
NY,200007,4.5,121.92
NY,200008,4.5,121.92
NY,200009,4.3,121.92
NY,200010,4.1,125.05
NY,200011,4.2,125.05
NY,200012,4.1,125.05
NY,200101,4.8,128.33
NY,200102,4.8,128.33
NY,200103,4.5,128.33
NY,200104,4.2,130.91
NY,200105,4.1,130.91
NY,200106,4.4,130.91
NY,200107,4.7,134.27
NY,200108,5.0,134.27
NY,200109,5.0,134.27
NY,200110,5.3,137.85
NY,200111,5.7,137.85
NY,200112,6.0,137.85
NY,200201,6.8,141.57
NY,200202,6.8,141.57
NY,200203,6.6,141.57
NY,200204,6.2,145.56
NY,200205,5.9,145.56
NY,200206,6.0,145.56
NY,200207,6.2,149.7
NY,200208,5.9,149.7
NY,200209,5.7,149.7
NY,200210,5.8,154.42
NY,200211,6.2,154.42
NY,200212,6.2,154.42
NY,200301,7.0,158.17
NY,200302,6.9,158.17
NY,200303,6.5,158.17
NY,200304,6.2,164.44
NY,200305,6.1,164.44
NY,200306,6.5,164.44
NY,200307,6.5,166.84
NY,200308,6.3,166.84
NY,200309,6.3,166.84
NY,200310,6.1,171.9
NY,200311,6.3,171.9
NY,200312,6.1,171.9
NY,200401,7.0,177.5
NY,200402,6.8,177.5
NY,200403,6.7,177.5
NY,200404,5.9,182.1
NY,200405,5.6,182.1
NY,200406,5.9,182.1
NY,200407,5.9,186.94
NY,200408,5.5,186.94
NY,200409,5.3,186.94
NY,200410,5.1,190.36
NY,200411,5.1,190.36
NY,200412,5.3,190.36
NY,200501,5.6,196.38
NY,200502,5.7,196.38
NY,200503,5.0,196.38
NY,200504,4.8,200.6
NY,200505,4.7,200.6
NY,200506,4.8,200.6
NY,200507,5.1,203.05
NY,200508,4.7,203.05
NY,200509,4.9,203.05
NY,200510,4.6,209.85
NY,200511,4.9,209.85
NY,200512,4.7,209.85
NY,200601,5.0,211.98
NY,200602,5.3,211.98
NY,200603,4.9,211.98
NY,200604,4.5,214.78
NY,200605,4.3,214.78
NY,200606,4.4,214.78
NY,200607,4.9,216.21
NY,200608,4.4,216.21
NY,200609,4.1,216.21
NY,200610,3.8,214.55
NY,200611,4.0,214.55
NY,200612,3.9,214.55
NY,200701,4.8,215.15
NY,200702,4.7,215.15
NY,200703,4.2,215.15
NY,200704,4.0,214.95
NY,200705,4.0,214.95
NY,200706,4.3,214.95
NY,200707,4.8,216.93
NY,200708,4.5,216.93
NY,200709,4.3,216.93
NY,200710,4.3,215.8
NY,200711,4.3,215.8
NY,200712,4.7,215.8
NY,200801,5.3,215.18
NY,200802,5.2,215.18
NY,200803,5.0,215.18
NY,200804,4.5,213.89
NY,200805,4.8,213.89
NY,200806,5.1,213.89
NY,200807,5.4,211.54
NY,200808,5.6,211.54
NY,200809,5.5,211.54
NY,200810,5.5,210.43
NY,200811,5.9,210.43
NY,200812,6.5,210.43
NY,200901,7.7,206.36
NY,200902,8.3,206.36
NY,200903,8.2,206.36
NY,200904,7.9,205.16
NY,200905,8.1,205.16
NY,200906,8.6,205.16
NY,200907,8.7,202.68
NY,200908,8.7,202.68
NY,200909,8.6,202.68
NY,200910,8.7,201.93
NY,200911,8.6,201.93
NY,200912,8.9,201.93
NY,201001,9.6,202.89
NY,201002,9.6,202.89
NY,201003,9.2,202.89
NY,201004,8.6,202.49
NY,201005,8.4,202.49
NY,201006,8.6,202.49
NY,201007,8.8,201.8
NY,201008,8.7,201.8
NY,201009,8.4,201.8
NY,201010,8.3,199.87
NY,201011,8.4,199.87
NY,201012,8.3,199.87
NY,201101,9.0,201.32
NY,201102,8.8,201.32
NY,201103,8.3,201.32
NY,201104,7.9,197.13
NY,201105,7.9,197.13
NY,201106,8.3,197.13
NY,201107,8.5,196.43
NY,201108,8.5,196.43
NY,201109,8.3,196.43
NY,201110,8.3,195.78
NY,201111,8.2,195.78
NY,201112,8.4,195.78
NY,201201,9.2,193.63
NY,201202,9.3,193.63
NY,201203,8.9,193.63
NY,201204,8.3,194.63
NY,201205,8.5,194.63
NY,201206,8.8,194.63
NY,201207,9.2,194.73
NY,201208,8.8,194.73
NY,201209,8.2,194.73
NY,201210,8.2,195.08
NY,201211,8.0,195.08
NY,201212,8.3,195.08
NY,201301,9.2,195.39
NY,201302,8.8,195.39
NY,201303,8.1,195.39
NY,201304,7.5,196.91
NY,201305,7.7,196.91
NY,201306,8.0,196.91
NY,201307,8.1,198.07
NY,201308,7.9,198.07
NY,201309,7.5,198.07
NY,201310,7.5,199.23
NY,201311,7.0,199.23
NY,201312,6.8,199.23
NY,201401,7.3,199.94
NY,201402,7.5,199.94
NY,201403,7.0,199.94
NY,201404,6.0,199.85
NY,201405,6.2,199.85
NY,201406,6.2,199.85
NY,201407,6.5,200.49
NY,201408,6.3,200.49
NY,201409,5.7,200.49
NY,201410,5.6,200.68
NY,201411,5.6,200.68
NY,201412,5.5,200.68
NY,201501,6.2,202.81
NY,201502,6.1,202.81
NY,201503,5.6,202.81
NY,201504,5.2,204.3
NY,201505,5.2,204.3
NY,201506,5.2,204.3
NY,201507,5.4,205.4
NY,201508,5.1,205.4
NY,201509,4.7,205.4
NY,201510,4.6,207.47
NY,201511,4.7,207.47
NY,201512,4.7,207.47
NY,201601,5.2,207.81
NY,201602,5.2,207.81
NY,201603,5.0,207.81
NY,201604,4.6,209.3
NY,201605,4.4,209.3
NY,201606,4.8,209.3
NY,201607,5.2,213.05
NY,201608,5.1,213.05
NY,201609,4.9,213.05
NY,201610,4.9,214.48
NY,201611,4.6,214.48
NY,201612,4.6,214.48
NY,201701,5.1,217.88
NY,201702,5.2,217.88
NY,201703,4.6,217.88
NY,201704,4.4,219.32
NY,201705,4.4,219.32
NY,201706,4.6,219.32
NY,201707,4.9,222.17
NY,201708,4.9,222.17
NY,201709,4.5,222.17
NY,201710,4.4,226.86
NY,201711,4.3,226.86
NY,201712,4.4,226.86
NY,201801,4.9,228.98
NY,201802,4.9,228.98
NY,201803,4.5,228.98
NY,201804,4.0,233.67
NY,201805,3.6,233.67
NY,201806,4.1,233.67
NY,201807,4.2,235.51
NY,201808,4.1,235.51
NY,201809,3.6,235.51
NY,201810,3.6,238.72
NY,201811,3.6,238.72
NY,201812,3.9,238.72
NY,201901,4.5,240.2
NY,201902,4.4,240.2
NY,201903,4.1,240.2
NY,201904,3.5,241.93
NY,201905,3.6,241.93
NY,201906,3.7,241.93
NY,201907,4.1,244.65
NY,201908,4.1,244.65
NY,201909,3.6,244.65
NY,201910,3.7,247.29
NY,201911,3.6,247.29
NY,201912,3.7,247.29
NY,202001,4.3,251.49
NY,202002,4.3,251.49
NY,202003,5.2,251.49
NY,202004,15.2,256.01
NY,202005,16.7,256.01
NY,202006,13.4,256.01
NY,202007,13.0,257.43
NY,202008,10.8,257.43
NY,202009,10.0,257.43
NY,202010,8.8,265.41
NY,202011,8.3,265.41
NY,202012,8.4,265.41
NY,202101,9.1,279.15
NY,202102,9.0,279.15
NY,202103,8.4,279.15
NY,202104,7.8,288.94
NY,202105,7.1,288.94
NY,202106,7.6,288.94
NY,202107,7.4,299.93
NY,202108,7.0,299.93
NY,202109,6.0,299.93
NY,202110,5.6,308.92
NY,202111,5.2,308.92
NY,202112,5.0,308.92
NY,202201,5.6,316.56
NY,202202,5.4,316.56
NY,202203,4.8,316.56
NY,202204,4.2,330.8
NY,202205,4.0,330.8
NY,202206,4.2,330.8
NY,202207,4.4,343.47
NY,202208,4.3,343.47
NY,202209,3.6,343.47
NY,202210,3.7,341.91
NY,202211,3.8,341.91
NY,202212,3.8,341.91
NY,202301,4.4,342.87
NY,202302,4.5,342.87
NY,202303,4.1,342.87
NY,202304,3.5,346.12
NY,202305,3.8,346.12
NY,202306,4.0,346.12
NY,202307,4.1,356.93
NY,202308,4.4,356.93
NY,202309,3.9,356.93
NY,202310,4.1,368.48
NY,202311,3.9,368.48
NY,202312,4.0,368.48
NY,202401,4.4,376.15
NY,202402,4.6,376.15
NY,202403,4.3,376.15
NY,202404,3.9,384.19
NY,202405,4.0,384.19
NY,202406,4.3,384.19
NY,202407,4.8,389.6
NY,202408,4.8,389.6
NY,202409,4.0,389.6
NY,202410,4.2,394.63
NY,202411,4.2,394.63
NY,202412,4.2,394.63
NY,202501,4.6,403.0
NY,202502,4.3,403.0
NY,202503,4.1,403.0
NC,199901,3.6,134.63
NC,199902,3.6,134.63
NC,199903,3.2,134.63
NC,199904,2.9,136.0
NC,199905,3.1,136.0
NC,199906,3.4,136.0
NC,199907,3.6,137.59
NC,199908,3.3,137.59
NC,199909,3.1,137.59
NC,199910,3.2,138.67
NC,199911,3.3,138.67
NC,199912,3.1,138.67
NC,200001,3.8,140.42
NC,200002,3.9,140.42
NC,200003,3.6,140.42
NC,200004,3.2,140.95
NC,200005,3.5,140.95
NC,200006,3.8,140.95
NC,200007,3.9,142.7
NC,200008,4.1,142.7
NC,200009,3.6,142.7
NC,200010,3.8,144.42
NC,200011,4.0,144.42
NC,200012,3.8,144.42
NC,200101,4.8,145.47
NC,200102,5.0,145.47
NC,200103,5.0,145.47
NC,200104,4.7,146.91
NC,200105,5.0,146.91
NC,200106,5.4,146.91
NC,200107,5.6,147.92
NC,200108,5.8,147.92
NC,200109,5.4,147.92
NC,200110,5.9,148.66
NC,200111,6.5,148.66
NC,200112,6.6,148.66
NC,200201,7.4,149.12
NC,200202,7.1,149.12
NC,200203,6.9,149.12
NC,200204,6.6,150.71
NC,200205,6.4,150.71
NC,200206,6.7,150.71
NC,200207,6.6,151.59
NC,200208,6.3,151.59
NC,200209,5.8,151.59
NC,200210,5.9,153.0
NC,200211,6.4,153.0
NC,200212,6.3,153.0
NC,200301,6.8,154.41
NC,200302,6.7,154.41
NC,200303,6.3,154.41
NC,200304,6.2,155.69
NC,200305,6.2,155.69
NC,200306,6.8,155.69
NC,200307,6.7,156.58
NC,200308,6.4,156.58
NC,200309,5.8,156.58
NC,200310,5.8,157.71
NC,200311,5.9,157.71
NC,200312,5.5,157.71
NC,200401,6.2,159.08
NC,200402,6.0,159.08
NC,200403,5.9,159.08
NC,200404,5.3,160.63
NC,200405,5.4,160.63
NC,200406,5.8,160.63
NC,200407,5.5,164.25
NC,200408,5.3,164.25
NC,200409,4.8,164.25
NC,200410,5.0,165.18
NC,200411,5.3,165.18
NC,200412,5.2,165.18
NC,200501,5.6,168.43
NC,200502,5.8,168.43
NC,200503,5.3,168.43
NC,200504,5.0,171.67
NC,200505,5.2,171.67
NC,200506,5.5,171.67
NC,200507,5.6,174.2
NC,200508,5.2,174.2
NC,200509,4.8,174.2
NC,200510,4.8,177.75
NC,200511,5.0,177.75
NC,200512,4.6,177.75
NC,200601,4.9,181.66
NC,200602,5.0,181.66
NC,200603,4.6,181.66
NC,200604,4.4,185.47
NC,200605,4.6,185.47
NC,200606,4.9,185.47
NC,200607,5.2,187.73
NC,200608,4.9,187.73
NC,200609,4.5,187.73
NC,200610,4.4,190.98
NC,200611,4.7,190.98
NC,200612,4.5,190.98
NC,200701,5.0,195.35
NC,200702,4.9,195.35
NC,200703,4.5,195.35
NC,200704,4.4,197.37
NC,200705,4.6,197.37
NC,200706,4.9,197.37
NC,200707,5.0,198.13
NC,200708,4.8,198.13
NC,200709,4.5,198.13
NC,200710,4.6,199.89
NC,200711,4.7,199.89
NC,200712,4.8,199.89
NC,200801,5.3,198.67
NC,200802,5.2,198.67
NC,200803,5.1,198.67
NC,200804,4.7,198.58
NC,200805,5.3,198.58
NC,200806,5.6,198.58
NC,200807,5.9,199.19
NC,200808,5.8,199.19
NC,200809,5.3,199.19
NC,200810,5.5,195.47
NC,200811,7.9,195.47
NC,200812,9.0,195.47
NC,200901,10.6,190.82
NC,200902,11.2,190.82
NC,200903,11.2,190.82
NC,200904,10.8,195.98
NC,200905,11.0,195.98
NC,200906,11.2,195.98
NC,200907,11.1,191.71
NC,200908,10.8,191.71
NC,200909,10.3,191.71
NC,200910,10.4,189.85
NC,200911,10.5,189.85
NC,200912,10.8,189.85
NC,201001,11.8,186.69
NC,201002,11.9,186.69
NC,201003,11.5,186.69
NC,201004,10.8,183.93
NC,201005,10.7,183.93
NC,201006,10.8,183.93
NC,201007,10.8,182.34
NC,201008,10.5,182.34
NC,201009,10.0,182.34
NC,201010,10.1,178.75
NC,201011,10.6,178.75
NC,201012,10.5,178.75
NC,201101,11.2,179.63
NC,201102,10.8,179.63
NC,201103,10.4,179.63
NC,201104,9.9,172.52
NC,201105,10.2,172.52
NC,201106,10.7,172.52
NC,201107,10.7,171.91
NC,201108,10.6,171.91
NC,201109,10.2,171.91
NC,201110,10.1,172.17
NC,201111,9.9,172.17
NC,201112,9.9,172.17
NC,201201,10.2,173.88
NC,201202,10.0,173.88
NC,201203,9.6,173.88
NC,201204,9.1,171.7
NC,201205,9.4,171.7
NC,201206,9.9,171.7
NC,201207,10.1,172.26
NC,201208,9.9,172.26
NC,201209,9.1,172.26
NC,201210,9.3,173.03
NC,201211,9.2,173.03
NC,201212,9.5,173.03
NC,201301,10.3,173.01
NC,201302,9.5,173.01
NC,201303,8.7,173.01
NC,201304,8.0,178.5
NC,201305,8.1,178.5
NC,201306,8.3,178.5
NC,201307,7.9,177.87
NC,201308,7.4,177.87
NC,201309,6.3,177.87
NC,201310,6.4,180.66
NC,201311,6.4,180.66
NC,201312,6.1,180.66
NC,201401,6.6,181.41
NC,201402,6.7,181.41
NC,201403,6.5,181.41
NC,201404,5.7,182.29
NC,201405,6.1,182.29
NC,201406,6.2,182.29
NC,201407,6.6,185.18
NC,201408,6.5,185.18
NC,201409,5.7,185.18
NC,201410,5.7,184.99
NC,201411,5.7,184.99
NC,201412,5.4,184.99
NC,201501,6.1,186.57
NC,201502,5.9,186.57
NC,201503,5.7,186.57
NC,201504,5.4,190.55
NC,201505,5.9,190.55
NC,201506,6.0,190.55
NC,201507,6.1,192.77
NC,201508,5.8,192.77
NC,201509,5.3,192.77
NC,201510,5.3,196.24
NC,201511,5.4,196.24
NC,201512,5.2,196.24
NC,201601,5.6,198.54
NC,201602,5.4,198.54
NC,201603,5.2,198.54
NC,201604,4.8,200.82
NC,201605,4.8,200.82
NC,201606,5.2,200.82
NC,201607,5.3,203.55
NC,201608,5.2,203.55
NC,201609,4.9,203.55
NC,201610,5.0,207.29
NC,201611,4.9,207.29
NC,201612,4.7,207.29
NC,201701,5.3,210.73
NC,201702,5.0,210.73
NC,201703,4.7,210.73
NC,201704,4.2,211.57
NC,201705,4.4,211.57
NC,201706,4.6,211.57
NC,201707,4.8,217.84
NC,201708,4.8,217.84
NC,201709,4.1,217.84
NC,201710,4.1,220.39
NC,201711,4.3,220.39
NC,201712,4.1,220.39
NC,201801,4.5,224.44
NC,201802,4.4,224.44
NC,201803,4.2,224.44
NC,201804,3.7,228.7
NC,201805,3.7,228.7
NC,201806,4.2,228.7
NC,201807,4.2,232.17
NC,201808,4.1,232.17
NC,201809,3.6,232.17
NC,201810,3.8,235.64
NC,201811,3.8,235.64
NC,201812,3.9,235.64
NC,201901,4.5,238.69
NC,201902,4.1,238.69
NC,201903,4.0,238.69
NC,201904,3.5,242.4
NC,201905,3.8,242.4
NC,201906,4.1,242.4
NC,201907,4.1,246.39
NC,201908,4.1,246.39
NC,201909,3.4,246.39
NC,201910,3.6,249.36
NC,201911,3.6,249.36
NC,201912,3.4,249.36
NC,202001,4.0,254.7
NC,202002,3.8,254.7
NC,202003,4.6,254.7
NC,202004,13.8,260.2
NC,202005,11.9,260.2
NC,202006,10.0,260.2
NC,202007,9.3,261.64
NC,202008,7.0,261.64
NC,202009,6.4,261.64
NC,202010,5.5,271.03
NC,202011,5.6,271.03
NC,202012,5.7,271.03
NC,202101,6.2,285.6
NC,202102,6.0,285.6
NC,202103,5.5,285.6
NC,202104,5.1,296.6
NC,202105,5.0,296.6
NC,202106,5.5,296.6
NC,202107,5.1,312.09
NC,202108,4.9,312.09
NC,202109,4.1,312.09
NC,202110,4.1,331.11
NC,202111,3.9,331.11
NC,202112,3.3,331.11
NC,202201,4.1,346.04
NC,202202,3.9,346.04
NC,202203,3.6,346.04
NC,202204,3.3,366.26
NC,202205,3.5,366.26
NC,202206,3.9,366.26
NC,202207,3.9,386.15
NC,202208,4.1,386.15
NC,202209,3.4,386.15
NC,202210,3.6,386.39
NC,202211,3.6,386.39
NC,202212,3.3,386.39
NC,202301,3.8,391.73
NC,202302,3.8,391.73
NC,202303,3.5,391.73
NC,202304,3.0,398.6
NC,202305,3.4,398.6
NC,202306,3.6,398.6
NC,202307,3.6,404.73
NC,202308,3.8,404.73
NC,202309,3.3,404.73
NC,202310,3.4,415.58
NC,202311,3.4,415.58
NC,202312,3.3,415.58
NC,202401,3.7,418.51
NC,202402,3.8,418.51
NC,202403,3.6,418.51
NC,202404,3.2,423.03
NC,202405,3.4,423.03
NC,202406,3.9,423.03
NC,202407,4.1,429.88
NC,202408,3.9,429.88
NC,202409,3.2,429.88
NC,202410,3.6,430.3
NC,202411,3.7,430.3
NC,202412,3.4,430.3
NC,202501,4.0,438.45
NC,202502,3.7,438.45
NC,202503,3.7,438.45
ND,199901,3.9,136.1
ND,199902,4.0,136.1
ND,199903,4.0,136.1
ND,199904,3.4,135.61
ND,199905,2.8,135.61
ND,199906,3.5,135.61
ND,199907,3.2,135.9
ND,199908,2.7,135.9
ND,199909,2.4,135.9
ND,199910,2.1,136.35
ND,199911,2.6,136.35
ND,199912,2.9,136.35
ND,200001,4.0,135.97
ND,200002,3.7,135.97
ND,200003,3.9,135.97
ND,200004,3.0,139.11
ND,200005,2.6,139.11
ND,200006,3.1,139.11
ND,200007,2.6,139.4
ND,200008,2.7,139.4
ND,200009,2.2,139.4
ND,200010,2.0,140.27
ND,200011,2.5,140.27
ND,200012,2.8,140.27
ND,200101,3.6,138.06
ND,200102,3.5,138.06
ND,200103,3.6,138.06
ND,200104,3.0,143.13
ND,200105,2.3,143.13
ND,200106,3.0,143.13
ND,200107,2.5,142.64
ND,200108,2.5,142.64
ND,200109,2.0,142.64
ND,200110,2.1,142.38
ND,200111,2.6,142.38
ND,200112,3.2,142.38
ND,200201,4.2,146.96
ND,200202,4.0,146.96
ND,200203,4.2,146.96
ND,200204,3.7,147.22
ND,200205,3.0,147.22
ND,200206,3.7,147.22
ND,200207,3.2,149.89
ND,200208,3.0,149.89
ND,200209,2.7,149.89
ND,200210,2.5,152.4
ND,200211,3.1,152.4
ND,200212,3.3,152.4
ND,200301,4.4,156.22
ND,200302,4.2,156.22
ND,200303,4.2,156.22
ND,200304,3.6,158.08
ND,200305,3.1,158.08
ND,200306,3.8,158.08
ND,200307,3.2,159.53
ND,200308,3.2,159.53
ND,200309,2.8,159.53
ND,200310,2.6,161.93
ND,200311,3.1,161.93
ND,200312,3.3,161.93
ND,200401,4.2,164.01
ND,200402,4.0,164.01
ND,200403,4.2,164.01
ND,200404,3.3,166.45
ND,200405,3.0,166.45
ND,200406,3.7,166.45
ND,200407,3.2,170.1
ND,200408,3.1,170.1
ND,200409,2.8,170.1
ND,200410,2.6,173.92
ND,200411,3.0,173.92
ND,200412,3.6,173.92
ND,200501,4.2,176.16
ND,200502,4.2,176.16
ND,200503,4.2,176.16
ND,200504,3.5,179.9
ND,200505,3.1,179.9
ND,200506,3.6,179.9
ND,200507,3.0,183.34
ND,200508,2.8,183.34
ND,200509,2.7,183.34
ND,200510,2.5,186.11
ND,200511,3.0,186.11
ND,200512,3.2,186.11
ND,200601,3.9,191.08
ND,200602,4.0,191.08
ND,200603,3.8,191.08
ND,200604,3.2,190.11
ND,200605,2.7,190.11
ND,200606,3.3,190.11
ND,200607,3.0,197.06
ND,200608,2.8,197.06
ND,200609,2.5,197.06
ND,200610,2.4,197.69
ND,200611,2.9,197.69
ND,200612,3.1,197.69
ND,200701,3.8,200.32
ND,200702,3.8,200.32
ND,200703,3.6,200.32
ND,200704,3.2,203.01
ND,200705,2.7,203.01
ND,200706,3.3,203.01
ND,200707,2.8,204.47
ND,200708,2.7,204.47
ND,200709,2.6,204.47
ND,200710,2.3,206.95
ND,200711,2.5,206.95
ND,200712,3.2,206.95
ND,200801,3.7,206.53
ND,200802,3.5,206.53
ND,200803,3.5,206.53
ND,200804,2.9,209.05
ND,200805,2.7,209.05
ND,200806,3.3,209.05
ND,200807,3.1,210.29
ND,200808,2.9,210.29
ND,200809,2.6,210.29
ND,200810,2.4,211.23
ND,200811,2.8,211.23
ND,200812,3.3,211.23
ND,200901,4.8,210.71
ND,200902,4.9,210.71
ND,200903,4.7,210.71
ND,200904,4.0,209.54
ND,200905,3.7,209.54
ND,200906,4.2,209.54
ND,200907,3.6,213.9
ND,200908,3.6,213.9
ND,200909,3.2,213.9
ND,200910,3.0,214.21
ND,200911,3.4,214.21
ND,200912,3.9,214.21
ND,201001,4.7,215.35
ND,201002,4.7,215.35
ND,201003,4.7,215.35
ND,201004,3.7,221.9
ND,201005,3.2,221.9
ND,201006,3.8,221.9
ND,201007,3.4,215.83
ND,201008,3.3,215.83
ND,201009,2.9,215.83
ND,201010,2.7,215.08
ND,201011,3.2,215.08
ND,201012,3.6,215.08
ND,201101,4.2,222.3
ND,201102,4.1,222.3
ND,201103,4.0,222.3
ND,201104,3.4,221.8
ND,201105,3.0,221.8
ND,201106,3.7,221.8
ND,201107,3.2,224.51
ND,201108,3.2,224.51
ND,201109,2.8,224.51
ND,201110,2.5,227.84
ND,201111,2.7,227.84
ND,201112,3.1,227.84
ND,201201,3.7,231.22
ND,201202,3.7,231.22
ND,201203,3.6,231.22
ND,201204,2.9,235.73
ND,201205,2.6,235.73
ND,201206,3.1,235.73
ND,201207,2.9,242.15
ND,201208,2.7,242.15
ND,201209,2.3,242.15
ND,201210,2.2,246.43
ND,201211,2.5,246.43
ND,201212,3.0,246.43
ND,201301,3.9,252.82
ND,201302,3.6,252.82
ND,201303,3.5,252.82
ND,201304,3.1,255.68
ND,201305,2.6,255.68
ND,201306,3.1,255.68
ND,201307,2.8,260.56
ND,201308,2.6,260.56
ND,201309,2.2,260.56
ND,201310,2.1,267.05
ND,201311,2.3,267.05
ND,201312,2.8,267.05
ND,201401,3.4,267.6
ND,201402,3.5,267.6
ND,201403,3.4,267.6
ND,201404,2.7,275.33
ND,201405,2.4,275.33
ND,201406,2.8,275.33
ND,201407,2.6,277.45
ND,201408,2.4,277.45
ND,201409,2.1,277.45
ND,201410,1.9,284.87
ND,201411,2.2,284.87
ND,201412,2.6,284.87
ND,201501,3.3,289.98
ND,201502,3.3,289.98
ND,201503,3.4,289.98
ND,201504,2.9,294.31
ND,201505,2.7,294.31
ND,201506,3.0,294.31
ND,201507,2.7,293.47
ND,201508,2.5,293.47
ND,201509,2.2,293.47
ND,201510,2.0,295.37
ND,201511,2.4,295.37
ND,201512,2.9,295.37
ND,201601,3.7,297.59
ND,201602,3.8,297.59
ND,201603,4.0,297.59
ND,201604,3.3,298.41
ND,201605,2.8,298.41
ND,201606,3.4,298.41
ND,201607,2.9,299.99
ND,201608,2.8,299.99
ND,201609,2.4,299.99
ND,201610,2.1,300.6
ND,201611,2.4,300.6
ND,201612,3.0,300.6
ND,201701,3.6,302.5
ND,201702,3.5,302.5
ND,201703,3.3,302.5
ND,201704,2.7,299.68
ND,201705,2.2,299.68
ND,201706,2.7,299.68
ND,201707,2.3,303.85
ND,201708,2.4,303.85
ND,201709,2.0,303.85
ND,201710,1.7,305.55
ND,201711,2.2,305.55
ND,201712,2.7,305.55
ND,201801,3.3,302.58
ND,201802,3.3,302.58
ND,201803,3.2,302.58
ND,201804,2.8,305.44
ND,201805,2.0,305.44
ND,201806,2.6,305.44
ND,201807,2.2,307.0
ND,201808,2.1,307.0
ND,201809,1.7,307.0
ND,201810,1.5,306.78
ND,201811,1.8,306.78
ND,201812,2.3,306.78
ND,201901,3.1,309.62
ND,201902,2.9,309.62
ND,201903,2.9,309.62
ND,201904,2.3,316.46
ND,201905,1.9,316.46
ND,201906,2.4,316.46
ND,201907,2.1,319.18
ND,201908,1.9,319.18
ND,201909,1.5,319.18
ND,201910,1.4,316.73
ND,201911,1.7,316.73
ND,201912,2.0,316.73
ND,202001,2.7,316.44
ND,202002,2.5,316.44
ND,202003,3.0,316.44
ND,202004,8.4,320.8
ND,202005,7.7,320.8
ND,202006,7.0,320.8
ND,202007,6.3,321.63
ND,202008,5.3,321.63
ND,202009,4.5,321.63
ND,202010,3.9,329.33
ND,202011,4.1,329.33
ND,202012,4.4,329.33
ND,202101,4.6,338.04
ND,202102,4.6,338.04
ND,202103,4.3,338.04
ND,202104,3.7,343.02
ND,202105,3.0,343.02
ND,202106,3.7,343.02
ND,202107,2.9,351.45
ND,202108,2.6,351.45
ND,202109,2.1,351.45
ND,202110,1.8,362.89
ND,202111,1.9,362.89
ND,202112,2.1,362.89
ND,202201,2.8,373.42
ND,202202,2.7,373.42
ND,202203,2.7,373.42
ND,202204,2.1,380.65
ND,202205,1.8,380.65
ND,202206,2.4,380.65
ND,202207,1.9,388.5
ND,202208,2.0,388.5
ND,202209,1.5,388.5
ND,202210,1.5,393.08
ND,202211,1.7,393.08
ND,202212,2.0,393.08
ND,202301,2.5,393.96
ND,202302,2.6,393.96
ND,202303,2.5,393.96
ND,202304,2.1,399.09
ND,202305,1.8,399.09
ND,202306,2.3,399.09
ND,202307,1.8,403.82
ND,202308,1.8,403.82
ND,202309,1.6,403.82
ND,202310,1.6,404.23
ND,202311,1.7,404.23
ND,202312,2.0,404.23
ND,202401,2.7,414.36
ND,202402,2.9,414.36
ND,202403,2.8,414.36
ND,202404,2.4,414.0
ND,202405,2.1,414.0
ND,202406,2.8,414.0
ND,202407,2.7,418.66
ND,202408,2.4,418.66
ND,202409,1.9,418.66
ND,202410,1.9,422.35
ND,202411,2.2,422.35
ND,202412,2.5,422.35
ND,202501,3.1,427.24
ND,202502,3.2,427.24
ND,202503,3.1,427.24
OH,199901,5.0,136.49
OH,199902,4.9,136.49
OH,199903,4.4,136.49
OH,199904,4.2,138.33
OH,199905,4.0,138.33
OH,199906,4.6,138.33
OH,199907,4.5,139.67
OH,199908,4.1,139.67
OH,199909,4.2,139.67
OH,199910,3.9,141.32
OH,199911,3.9,141.32
OH,199912,3.9,141.32
OH,200001,4.8,142.58
OH,200002,4.9,142.58
OH,200003,4.5,142.58
OH,200004,3.8,143.84
OH,200005,3.9,143.84
OH,200006,4.4,143.84
OH,200007,4.2,145.38
OH,200008,4.0,145.38
OH,200009,3.8,145.38
OH,200010,3.4,146.74
OH,200011,3.5,146.74
OH,200012,3.6,146.74
OH,200101,4.7,147.91
OH,200102,4.4,147.91
OH,200103,4.2,147.91
OH,200104,3.9,149.37
OH,200105,3.8,149.37
OH,200106,4.5,149.37
OH,200107,4.4,150.68
OH,200108,4.3,150.68
OH,200109,4.3,150.68
OH,200110,4.5,151.67
OH,200111,4.9,151.67
OH,200112,5.1,151.67
OH,200201,6.5,153.07
OH,200202,6.4,153.07
OH,200203,6.3,153.07
OH,200204,6.0,154.88
OH,200205,5.7,154.88
OH,200206,6.1,154.88
OH,200207,5.9,155.32
OH,200208,5.4,155.32
OH,200209,5.3,155.32
OH,200210,5.2,157.14
OH,200211,5.4,157.14
OH,200212,5.6,157.14
OH,200301,6.8,158.79
OH,200302,6.9,158.79
OH,200303,6.7,158.79
OH,200304,6.3,160.09
OH,200305,6.1,160.09
OH,200306,6.9,160.09
OH,200307,6.5,161.46
OH,200308,5.9,161.46
OH,200309,5.8,161.46
OH,200310,5.5,162.75
OH,200311,5.7,162.75
OH,200312,5.8,162.75
OH,200401,7.1,164.24
OH,200402,6.8,164.24
OH,200403,6.7,164.24
OH,200404,6.1,165.72
OH,200405,5.9,165.72
OH,200406,6.5,165.72
OH,200407,6.3,166.78
OH,200408,5.9,166.78
OH,200409,5.8,166.78
OH,200410,5.9,168.12
OH,200411,6.0,168.12
OH,200412,5.9,168.12
OH,200501,6.9,169.41
OH,200502,7.1,169.41
OH,200503,6.6,169.41
OH,200504,5.9,170.7
OH,200505,5.7,170.7
OH,200506,6.1,170.7
OH,200507,5.7,171.98
OH,200508,5.4,171.98
OH,200509,5.5,171.98
OH,200510,5.3,172.49
OH,200511,5.4,172.49
OH,200512,5.5,172.49
OH,200601,6.1,173.49
OH,200602,6.1,173.49
OH,200603,5.6,173.49
OH,200604,5.4,174.3
OH,200605,5.1,174.3
OH,200606,5.5,174.3
OH,200607,5.8,174.12
OH,200608,5.3,174.12
OH,200609,5.1,174.12
OH,200610,4.8,173.39
OH,200611,5.2,173.39
OH,200612,5.3,173.39
OH,200701,6.3,172.7
OH,200702,6.0,172.7
OH,200703,5.7,172.7
OH,200704,5.6,173.09
OH,200705,5.3,173.09
OH,200706,5.8,173.09
OH,200707,5.7,171.42
OH,200708,5.4,171.42
OH,200709,5.4,171.42
OH,200710,5.2,169.85
OH,200711,5.2,169.85
OH,200712,5.7,169.85
OH,200801,6.4,167.68
OH,200802,6.1,167.68
OH,200803,6.3,167.68
OH,200804,5.6,164.69
OH,200805,6.1,164.69
OH,200806,6.6,164.69
OH,200807,6.9,162.16
OH,200808,6.7,162.16
OH,200809,6.6,162.16
OH,200810,6.6,159.4
OH,200811,7.0,159.4
OH,200812,7.9,159.4
OH,200901,9.7,155.82
OH,200902,10.2,155.82
OH,200903,10.4,155.82
OH,200904,10.1,154.44
OH,200905,10.3,154.44
OH,200906,10.9,154.44
OH,200907,10.6,155.4
OH,200908,10.1,155.4
OH,200909,10.0,155.4
OH,200910,10.0,155.26
OH,200911,10.1,155.26
OH,200912,10.5,155.26
OH,201001,11.7,155.76
OH,201002,11.6,155.76
OH,201003,11.1,155.76
OH,201004,10.2,155.54
OH,201005,9.8,155.54
OH,201006,10.0,155.54
OH,201007,9.8,152.74
OH,201008,9.5,152.74
OH,201009,9.3,152.74
OH,201010,9.0,149.55
OH,201011,9.2,149.55
OH,201012,9.1,149.55
OH,201101,10.1,149.53
OH,201102,9.7,149.53
OH,201103,9.2,149.53
OH,201104,8.5,145.81
OH,201105,8.6,145.81
OH,201106,9.2,145.81
OH,201107,9.0,144.97
OH,201108,8.6,144.97
OH,201109,8.5,144.97
OH,201110,8.1,145.65
OH,201111,7.6,145.65
OH,201112,7.8,145.65
OH,201201,8.6,146.14
OH,201202,8.4,146.14
OH,201203,7.9,146.14
OH,201204,7.1,146.48
OH,201205,7.0,146.48
OH,201206,7.5,146.48
OH,201207,7.5,148.49
OH,201208,7.1,148.49
OH,201209,6.8,148.49
OH,201210,6.7,149.19
OH,201211,6.8,149.19
OH,201212,7.2,149.19
OH,201301,8.7,149.59
OH,201302,8.2,149.59
OH,201303,7.7,149.59
OH,201304,7.0,151.02
OH,201305,7.1,151.02
OH,201306,7.8,151.02
OH,201307,7.6,152.8
OH,201308,7.1,152.8
OH,201309,7.1,152.8
OH,201310,7.0,155.03
OH,201311,6.7,155.03
OH,201312,6.5,155.03
OH,201401,7.4,155.62
OH,201402,7.2,155.62
OH,201403,6.6,155.62
OH,201404,5.5,157.85
OH,201405,5.6,157.85
OH,201406,6.0,157.85
OH,201407,6.0,158.47
OH,201408,5.5,158.47
OH,201409,5.2,158.47
OH,201410,4.9,159.87
OH,201411,4.9,159.87
OH,201412,5.0,159.87
OH,201501,6.1,162.14
OH,201502,5.7,162.14
OH,201503,5.4,162.14
OH,201504,4.7,162.98
OH,201505,4.9,162.98
OH,201506,5.1,162.98
OH,201507,5.0,164.75
OH,201508,4.4,164.75
OH,201509,4.5,164.75
OH,201510,4.4,166.03
OH,201511,4.6,166.03
OH,201512,4.8,166.03
OH,201601,5.7,168.29
OH,201602,5.6,168.29
OH,201603,5.3,168.29
OH,201604,4.8,169.96
OH,201605,4.6,169.96
OH,201606,5.1,169.96
OH,201607,5.0,172.22
OH,201608,4.9,172.22
OH,201609,5.1,172.22
OH,201610,4.8,174.76
OH,201611,4.6,174.76
OH,201612,5.0,174.76
OH,201701,6.0,177.09
OH,201702,5.9,177.09
OH,201703,5.3,177.09
OH,201704,4.6,179.57
OH,201705,4.7,179.57
OH,201706,5.2,179.57
OH,201707,5.2,182.15
OH,201708,4.9,182.15
OH,201709,4.6,182.15
OH,201710,4.3,184.93
OH,201711,4.2,184.93
OH,201712,4.4,184.93
OH,201801,5.2,187.63
OH,201802,5.1,187.63
OH,201803,4.7,187.63
OH,201804,4.3,191.16
OH,201805,4.1,191.16
OH,201806,5.0,191.16
OH,201807,4.6,192.91
OH,201808,4.3,192.91
OH,201809,4.0,192.91
OH,201810,4.0,196.35
OH,201811,3.9,196.35
OH,201812,4.4,196.35
OH,201901,5.1,198.85
OH,201902,4.6,198.85
OH,201903,4.3,198.85
OH,201904,3.6,201.82
OH,201905,3.7,201.82
OH,201906,4.3,201.82
OH,201907,4.5,204.72
OH,201908,4.1,204.72
OH,201909,3.9,204.72
OH,201910,3.7,207.55
OH,201911,3.7,207.55
OH,201912,3.9,207.55
OH,202001,4.9,211.53
OH,202002,4.6,211.53
OH,202003,5.4,211.53
OH,202004,15.9,215.59
OH,202005,13.6,215.59
OH,202006,11.4,215.59
OH,202007,10.1,219.12
OH,202008,7.9,219.12
OH,202009,7.5,219.12
OH,202010,6.1,228.23
OH,202011,5.5,228.23
OH,202012,5.9,228.23
OH,202101,6.9,237.7
OH,202102,6.7,237.7
OH,202103,6.3,237.7
OH,202104,5.9,245.04
OH,202105,5.4,245.04
OH,202106,6.1,245.04
OH,202107,5.5,254.19
OH,202108,4.9,254.19
OH,202109,4.4,254.19
OH,202110,3.9,262.24
OH,202111,3.6,262.24
OH,202112,3.5,262.24
OH,202201,4.7,270.62
OH,202202,4.6,270.62
OH,202203,4.2,270.62
OH,202204,3.7,281.63
OH,202205,3.6,281.63
OH,202206,4.4,281.63
OH,202207,4.3,289.9
OH,202208,4.2,289.9
OH,202209,3.8,289.9
OH,202210,3.7,290.18
OH,202211,3.4,290.18
OH,202212,3.5,290.18
OH,202301,4.2,293.45
OH,202302,4.2,293.45
OH,202303,3.9,293.45
OH,202304,3.1,299.51
OH,202305,3.3,299.51
OH,202306,3.8,299.51
OH,202307,3.7,306.56
OH,202308,3.7,306.56
OH,202309,3.6,306.56
OH,202310,3.5,313.87
OH,202311,3.3,313.87
OH,202312,3.5,313.87
OH,202401,4.4,320.1
OH,202402,4.5,320.1
OH,202403,4.4,320.1
OH,202404,3.9,323.99
OH,202405,4.1,323.99
OH,202406,4.7,323.99
OH,202407,4.7,329.64
OH,202408,4.3,329.64
OH,202409,4.1,329.64
OH,202410,3.9,335.82
OH,202411,4.2,335.82
OH,202412,4.2,335.82
OH,202501,5.3,341.47
OH,202502,5.4,341.47
OH,202503,5.1,341.47
OK,199901,4.3,132.09
OK,199902,4.3,132.09
OK,199903,3.7,132.09
OK,199904,3.4,133.48
OK,199905,3.4,133.48
OK,199906,3.7,133.48
OK,199907,3.4,134.76
OK,199908,3.2,134.76
OK,199909,3.2,134.76
OK,199910,3.2,137.07
OK,199911,3.0,137.07
OK,199912,3.0,137.07
OK,200001,3.4,137.63
OK,200002,3.5,137.63
OK,200003,3.1,137.63
OK,200004,2.6,139.41
OK,200005,3.0,139.41
OK,200006,3.3,139.41
OK,200007,3.0,140.59
OK,200008,3.0,140.59
OK,200009,2.8,140.59
OK,200010,2.8,141.84
OK,200011,2.8,141.84
OK,200012,2.6,141.84
OK,200101,3.2,143.38
OK,200102,3.5,143.38
OK,200103,3.4,143.38
OK,200104,2.8,144.7
OK,200105,3.1,144.7
OK,200106,3.8,144.7
OK,200107,3.6,146.47
OK,200108,3.8,146.47
OK,200109,3.7,146.47
OK,200110,4.1,147.53
OK,200111,4.3,147.53
OK,200112,4.4,147.53
OK,200201,5.0,148.41
OK,200202,4.9,148.41
OK,200203,4.7,148.41
OK,200204,4.4,150.53
OK,200205,4.6,150.53
OK,200206,4.7,150.53
OK,200207,4.5,151.04
OK,200208,4.4,151.04
OK,200209,4.3,151.04
OK,200210,4.4,152.21
OK,200211,4.6,152.21
OK,200212,4.9,152.21
OK,200301,5.5,154.7
OK,200302,5.6,154.7
OK,200303,5.2,154.7
OK,200304,5.0,155.26
OK,200305,5.7,155.26
OK,200306,6.2,155.26
OK,200307,5.7,157.02
OK,200308,5.4,157.02
OK,200309,5.2,157.02
OK,200310,5.1,158.91
OK,200311,5.1,158.91
OK,200312,4.9,158.91
OK,200401,5.6,160.3
OK,200402,5.3,160.3
OK,200403,5.0,160.3
OK,200404,4.5,162.04
OK,200405,4.7,162.04
OK,200406,5.2,162.04
OK,200407,4.6,164.14
OK,200408,4.3,164.14
OK,200409,4.3,164.14
OK,200410,4.4,163.27
OK,200411,4.4,163.27
OK,200412,4.3,163.27
OK,200501,4.9,167.12
OK,200502,4.9,167.12
OK,200503,4.5,167.12
OK,200504,4.0,168.95
OK,200505,4.3,168.95
OK,200506,4.7,168.95
OK,200507,4.3,171.36
OK,200508,4.2,171.36
OK,200509,4.2,171.36
OK,200510,4.2,174.3
OK,200511,4.1,174.3
OK,200512,3.9,174.3
OK,200601,4.2,176.99
OK,200602,4.2,176.99
OK,200603,3.9,176.99
OK,200604,3.6,180.03
OK,200605,3.9,180.03
OK,200606,4.1,180.03
OK,200607,3.9,182.18
OK,200608,3.9,182.18
OK,200609,3.8,182.18
OK,200610,3.7,182.83
OK,200611,3.9,182.83
OK,200612,3.8,182.83
OK,200701,4.5,184.82
OK,200702,4.4,184.82
OK,200703,4.0,184.82
OK,200704,3.8,189.87
OK,200705,4.1,189.87
OK,200706,4.3,189.87
OK,200707,4.2,188.52
OK,200708,3.8,188.52
OK,200709,3.8,188.52
OK,200710,3.7,192.19
OK,200711,3.6,192.19
OK,200712,3.5,192.19
OK,200801,3.7,193.32
OK,200802,3.4,193.32
OK,200803,3.2,193.32
OK,200804,2.8,192.35
OK,200805,3.4,192.35
OK,200806,3.8,192.35
OK,200807,3.6,191.86
OK,200808,3.6,191.86
OK,200809,3.5,191.86
OK,200810,3.8,191.33
OK,200811,3.9,191.33
OK,200812,4.3,191.33
OK,200901,5.5,187.13
OK,200902,6.0,187.13
OK,200903,6.3,187.13
OK,200904,6.1,190.5
OK,200905,6.9,190.5
OK,200906,7.1,190.5
OK,200907,6.8,192.24
OK,200908,6.8,192.24
OK,200909,6.8,192.24
OK,200910,6.8,192.36
OK,200911,6.5,192.36
OK,200912,6.5,192.36
OK,201001,7.5,191.42
OK,201002,7.5,191.42
OK,201003,6.7,191.42
OK,201004,6.2,191.12
OK,201005,6.5,191.12
OK,201006,6.6,191.12
OK,201007,6.4,191.24
OK,201008,6.3,191.24
OK,201009,6.1,191.24
OK,201010,6.0,190.15
OK,201011,6.1,190.15
OK,201012,5.8,190.15
OK,201101,6.3,190.46
OK,201102,6.1,190.46
OK,201103,5.5,190.46
OK,201104,5.0,184.41
OK,201105,5.4,184.41
OK,201106,5.9,184.41
OK,201107,5.7,189.03
OK,201108,5.5,189.03
OK,201109,5.5,189.03
OK,201110,5.5,186.18
OK,201111,5.2,186.18
OK,201112,5.2,186.18
OK,201201,5.6,189.76
OK,201202,5.5,189.76
OK,201203,4.9,189.76
OK,201204,4.5,187.87
OK,201205,5.0,187.87
OK,201206,5.4,187.87
OK,201207,5.3,190.23
OK,201208,5.1,190.23
OK,201209,4.9,190.23
OK,201210,5.0,193.7
OK,201211,4.8,193.7
OK,201212,5.0,193.7
OK,201301,5.7,195.7
OK,201302,5.4,195.7
OK,201303,5.0,195.7
OK,201304,4.6,198.95
OK,201305,5.2,198.95
OK,201306,5.5,198.95
OK,201307,5.2,199.86
OK,201308,5.1,199.86
OK,201309,5.1,199.86
OK,201310,5.2,199.36
OK,201311,4.8,199.36
OK,201312,4.6,199.36
OK,201401,5.1,198.93
OK,201402,5.1,198.93
OK,201403,4.7,198.93
OK,201404,3.9,204.39
OK,201405,4.4,204.39
OK,201406,4.6,204.39
OK,201407,4.5,202.78
OK,201408,4.3,202.78
OK,201409,4.1,202.78
OK,201410,3.9,205.5
OK,201411,3.9,205.5
OK,201412,3.7,205.5
OK,201501,4.3,206.59
OK,201502,4.3,206.59
OK,201503,4.0,206.59
OK,201504,3.9,213.13
OK,201505,4.5,213.13
OK,201506,4.7,213.13
OK,201507,4.5,212.41
OK,201508,4.3,212.41
OK,201509,4.2,212.41
OK,201510,4.3,214.71
OK,201511,4.3,214.71
OK,201512,4.2,214.71
OK,201601,4.6,217.19
OK,201602,4.8,217.19
OK,201603,4.6,217.19
OK,201604,4.3,215.89
OK,201605,4.6,215.89
OK,201606,5.1,215.89
OK,201607,4.9,218.02
OK,201608,4.9,218.02
OK,201609,4.7,218.02
OK,201610,4.5,219.05
OK,201611,4.3,219.05
OK,201612,4.3,219.05
OK,201701,4.7,220.74
OK,201702,4.6,220.74
OK,201703,4.1,220.74
OK,201704,3.7,224.05
OK,201705,4.1,224.05
OK,201706,4.3,224.05
OK,201707,4.1,225.92
OK,201708,4.1,225.92
OK,201709,3.8,225.92
OK,201710,3.7,228.36
OK,201711,3.6,228.36
OK,201712,3.6,228.36
OK,201801,4.0,229.53
OK,201802,3.9,229.53
OK,201803,3.5,229.53
OK,201804,3.1,229.24
OK,201805,3.2,229.24
OK,201806,3.5,229.24
OK,201807,3.2,232.71
OK,201808,3.1,232.71
OK,201809,2.8,232.71
OK,201810,3.0,235.37
OK,201811,2.9,235.37
OK,201812,3.0,235.37
OK,201901,3.8,238.17
OK,201902,3.4,238.17
OK,201903,3.1,238.17
OK,201904,2.6,241.96
OK,201905,3.0,241.96
OK,201906,3.4,241.96
OK,201907,3.3,241.02
OK,201908,3.2,241.02
OK,201909,2.9,241.02
OK,201910,3.1,245.42
OK,201911,3.0,245.42
OK,201912,2.8,245.42
OK,202001,3.3,248.38
OK,202002,3.2,248.38
OK,202003,3.6,248.38
OK,202004,12.1,253.86
OK,202005,10.0,253.86
OK,202006,8.5,253.86
OK,202007,7.6,258.59
OK,202008,6.1,258.59
OK,202009,5.8,258.59
OK,202010,5.2,262.19
OK,202011,5.1,262.19
OK,202012,5.1,262.19
OK,202101,5.3,271.59
OK,202102,5.2,271.59
OK,202103,4.4,271.59
OK,202104,4.6,280.37
OK,202105,4.4,280.37
OK,202106,4.9,280.37
OK,202107,4.2,289.97
OK,202108,3.7,289.97
OK,202109,3.1,289.97
OK,202110,3.0,305.26
OK,202111,2.7,305.26
OK,202112,2.5,305.26
OK,202201,3.3,315.36
OK,202202,3.2,315.36
OK,202203,2.9,315.36
OK,202204,2.6,325.8
OK,202205,3.0,325.8
OK,202206,3.4,325.8
OK,202207,3.2,335.96
OK,202208,3.3,335.96
OK,202209,3.0,335.96
OK,202210,3.1,338.41
OK,202211,2.9,338.41
OK,202212,2.7,338.41
OK,202301,3.2,346.57
OK,202302,3.3,346.57
OK,202303,2.9,346.57
OK,202304,2.5,348.98
OK,202305,3.1,348.98
OK,202306,3.3,348.98
OK,202307,3.2,354.84
OK,202308,3.4,354.84
OK,202309,3.4,354.84
OK,202310,3.4,361.37
OK,202311,3.2,361.37
OK,202312,3.2,361.37
OK,202401,3.6,363.16
OK,202402,3.7,363.16
OK,202403,3.2,363.16
OK,202404,2.8,369.05
OK,202405,3.3,369.05
OK,202406,3.6,369.05
OK,202407,3.6,371.34
OK,202408,3.4,371.34
OK,202409,3.1,371.34
OK,202410,3.2,371.59
OK,202411,3.2,371.59
OK,202412,3.0,371.59
OK,202501,3.5,375.49
OK,202502,3.6,375.49
OK,202503,3.1,375.49
OR,199901,6.5,171.55
OR,199902,6.5,171.55
OR,199903,6.1,171.55
OR,199904,5.5,173.01
OR,199905,4.9,173.01
OR,199906,5.7,173.01
OR,199907,5.7,174.8
OR,199908,5.5,174.8
OR,199909,5.1,174.8
OR,199910,4.8,175.9
OR,199911,4.7,175.9
OR,199912,4.7,175.9
OR,200001,5.7,176.83
OR,200002,5.8,176.83
OR,200003,5.7,176.83
OR,200004,5.0,179.09
OR,200005,5.0,179.09
OR,200006,5.3,179.09
OR,200007,5.4,179.38
OR,200008,5.4,179.38
OR,200009,4.7,179.38
OR,200010,4.8,180.74
OR,200011,4.8,180.74
OR,200012,4.7,180.74
OR,200101,6.0,183.49
OR,200102,6.2,183.49
OR,200103,6.3,183.49
OR,200104,5.9,185.85
OR,200105,5.5,185.85
OR,200106,6.0,185.85
OR,200107,6.3,188.08
OR,200108,6.5,188.08
OR,200109,6.2,188.08
OR,200110,6.7,190.22
OR,200111,7.2,190.22
OR,200112,7.6,190.22
OR,200201,8.8,192.1
OR,200202,8.5,192.1
OR,200203,8.3,192.1
OR,200204,7.6,194.88
OR,200205,6.9,194.88
OR,200206,7.3,194.88
OR,200207,7.3,197.81
OR,200208,7.1,197.81
OR,200209,6.5,197.81
OR,200210,6.7,200.81
OR,200211,7.1,200.81
OR,200212,7.4,200.81
OR,200301,8.4,203.75
OR,200302,8.4,203.75
OR,200303,8.5,203.75
OR,200304,8.2,207.62
OR,200305,8.0,207.62
OR,200306,8.7,207.62
OR,200307,8.3,211.68
OR,200308,8.0,211.68
OR,200309,7.5,211.68
OR,200310,7.2,214.58
OR,200311,7.4,214.58
OR,200312,7.3,214.58
OR,200401,8.6,220.06
OR,200402,8.3,220.06
OR,200403,8.5,220.06
OR,200404,7.5,225.6
OR,200405,7.1,225.6
OR,200406,7.4,225.6
OR,200407,7.4,231.01
OR,200408,7.2,231.01
OR,200409,6.6,231.01
OR,200410,6.5,239.34
OR,200411,6.6,239.34
OR,200412,6.5,239.34
OR,200501,7.1,247.72
OR,200502,7.3,247.72
OR,200503,6.9,247.72
OR,200504,6.4,256.22
OR,200505,5.9,256.22
OR,200506,6.2,256.22
OR,200507,6.3,267.15
OR,200508,5.9,267.15
OR,200509,5.5,267.15
OR,200510,5.3,282.14
OR,200511,5.5,282.14
OR,200512,5.5,282.14
OR,200601,6.2,295.02
OR,200602,6.3,295.02
OR,200603,6.0,295.02
OR,200604,5.5,304.66
OR,200605,5.0,304.66
OR,200606,5.3,304.66
OR,200607,5.6,315.01
OR,200608,5.3,315.01
OR,200609,4.8,315.01
OR,200610,4.6,321.58
OR,200611,5.0,321.58
OR,200612,5.1,321.58
OR,200701,6.0,324.84
OR,200702,5.8,324.84
OR,200703,5.6,324.84
OR,200704,5.1,332.97
OR,200705,4.6,332.97
OR,200706,5.0,332.97
OR,200707,5.4,334.86
OR,200708,5.1,334.86
OR,200709,4.8,334.86
OR,200710,4.8,331.13
OR,200711,4.9,331.13
OR,200712,5.2,331.13
OR,200801,5.9,327.75
OR,200802,5.7,327.75
OR,200803,5.7,327.75
OR,200804,5.0,321.98
OR,200805,5.1,321.98
OR,200806,5.6,321.98
OR,200807,6.3,316.47
OR,200808,6.5,316.47
OR,200809,6.3,316.47
OR,200810,6.9,308.31
OR,200811,7.6,308.31
OR,200812,8.6,308.31
OR,200901,10.5,297.62
OR,200902,11.2,297.62
OR,200903,11.7,297.62
OR,200904,11.0,294.36
OR,200905,10.7,294.36
OR,200906,10.9,294.36
OR,200907,10.8,283.01
OR,200908,10.6,283.01
OR,200909,10.0,283.01
OR,200910,10.0,277.46
OR,200911,9.9,277.46
OR,200912,10.5,277.46
OR,201001,11.6,275.77
OR,201002,11.4,275.77
OR,201003,11.6,275.77
OR,201004,10.7,268.93
OR,201005,10.2,268.93
OR,201006,10.4,268.93
OR,201007,10.7,270.06
OR,201008,10.4,270.06
OR,201009,10.0,270.06
OR,201010,9.8,257.23
OR,201011,10.2,257.23
OR,201012,10.1,257.23
OR,201101,10.8,251.49
OR,201102,10.4,251.49
OR,201103,10.0,251.49
OR,201104,9.2,244.86
OR,201105,9.0,244.86
OR,201106,9.6,244.86
OR,201107,9.7,238.87
OR,201108,9.4,238.87
OR,201109,9.0,238.87
OR,201110,8.8,242.59
OR,201111,8.5,242.59
OR,201112,8.9,242.59
OR,201201,9.7,243.23
OR,201202,9.5,243.23
OR,201203,9.3,243.23
OR,201204,8.5,241.83
OR,201205,8.4,241.83
OR,201206,8.8,241.83
OR,201207,9.1,246.69
OR,201208,8.7,246.69
OR,201209,7.9,246.69
OR,201210,8.0,255.24
OR,201211,8.0,255.24
OR,201212,8.4,255.24
OR,201301,9.5,256.64
OR,201302,8.9,256.64
OR,201303,8.5,256.64
OR,201304,7.7,268.18
OR,201305,7.5,268.18
OR,201306,8.0,268.18
OR,201307,8.0,275.87
OR,201308,7.5,275.87
OR,201309,6.9,275.87
OR,201310,7.0,279.39
OR,201311,6.7,279.39
OR,201312,6.9,279.39
OR,201401,7.8,285.7
OR,201402,7.7,285.7
OR,201403,7.7,285.7
OR,201404,6.6,290.54
OR,201405,6.4,290.54
OR,201406,6.6,290.54
OR,201407,7.0,294.19
OR,201408,6.8,294.19
OR,201409,6.0,294.19
OR,201410,5.9,299.41
OR,201411,5.9,299.41
OR,201412,5.7,299.41
OR,201501,6.5,305.15
OR,201502,6.0,305.15
OR,201503,6.0,305.15
OR,201504,5.4,309.97
OR,201505,5.4,309.97
OR,201506,5.6,309.97
OR,201507,5.9,319.23
OR,201508,5.4,319.23
OR,201509,5.0,319.23
OR,201510,4.8,327.8
OR,201511,4.8,327.8
OR,201512,4.9,327.8
OR,201601,5.4,337.0
OR,201602,5.3,337.0
OR,201603,5.3,337.0
OR,201604,4.8,346.42
OR,201605,4.5,346.42
OR,201606,5.2,346.42
OR,201607,5.3,354.72
OR,201608,4.9,354.72
OR,201609,4.4,354.72
OR,201610,4.2,362.33
OR,201611,3.9,362.33
OR,201612,4.0,362.33
OR,201701,4.7,372.31
OR,201702,4.3,372.31
OR,201703,4.3,372.31
OR,201704,3.7,375.64
OR,201705,3.6,375.64
OR,201706,4.1,375.64
OR,201707,4.4,384.49
OR,201708,4.4,384.49
OR,201709,3.9,384.49
OR,201710,3.7,390.93
OR,201711,3.6,390.93
OR,201712,3.9,390.93
OR,201801,4.7,396.42
OR,201802,4.5,396.42
OR,201803,4.4,396.42
OR,201804,3.8,407.63
OR,201805,3.4,407.63
OR,201806,4.0,407.63
OR,201807,4.2,411.43
OR,201808,4.0,411.43
OR,201809,3.7,411.43
OR,201810,3.8,416.44
OR,201811,3.7,416.44
OR,201812,4.1,416.44
OR,201901,4.9,420.54
OR,201902,4.4,420.54
OR,201903,4.5,420.54
OR,201904,3.7,424.44
OR,201905,3.3,424.44
OR,201906,3.8,424.44
OR,201907,4.1,428.51
OR,201908,3.9,428.51
OR,201909,3.2,428.51
OR,201910,2.9,435.53
OR,201911,2.8,435.53
OR,201912,3.0,435.53
OR,202001,4.1,444.94
OR,202002,3.8,444.94
OR,202003,4.6,444.94
OR,202004,13.3,452.36
OR,202005,11.7,452.36
OR,202006,10.1,452.36
OR,202007,9.7,452.49
OR,202008,7.7,452.49
OR,202009,7.3,452.49
OR,202010,6.2,474.3
OR,202011,5.9,474.3
OR,202012,6.4,474.3
OR,202101,7.1,497.56
OR,202102,6.7,497.56
OR,202103,6.6,497.56
OR,202104,5.8,517.89
OR,202105,5.3,517.89
OR,202106,5.5,517.89
OR,202107,5.2,543.95
OR,202108,4.8,543.95
OR,202109,4.2,543.95
OR,202110,3.7,566.86
OR,202111,3.6,566.86
OR,202112,3.7,566.86
OR,202201,4.6,584.93
OR,202202,4.2,584.93
OR,202203,4.1,584.93
OR,202204,3.5,610.75
OR,202205,3.3,610.75
OR,202206,3.9,610.75
OR,202207,4.1,617.2
OR,202208,4.2,617.2
OR,202209,3.8,617.2
OR,202210,3.8,608.66
OR,202211,3.9,608.66
OR,202212,3.9,608.66
OR,202301,4.5,606.45
OR,202302,4.1,606.45
OR,202303,3.8,606.45
OR,202304,3.1,600.17
OR,202305,3.3,600.17
OR,202306,3.7,600.17
OR,202307,3.9,607.63
OR,202308,3.9,607.63
OR,202309,3.6,607.63
OR,202310,3.6,617.04
OR,202311,3.6,617.04
OR,202312,4.0,617.04
OR,202401,4.7,615.6
OR,202402,4.6,615.6
OR,202403,4.4,615.6
OR,202404,3.7,623.97
OR,202405,3.6,623.97
OR,202406,4.0,623.97
OR,202407,4.6,625.15
OR,202408,4.4,625.15
OR,202409,3.9,625.15
OR,202410,3.9,628.11
OR,202411,4.0,628.11
OR,202412,4.3,628.11
OR,202501,5.3,634.25
OR,202502,5.2,634.25
OR,202503,5.2,634.25
PA,199901,5.1,110.7
PA,199902,5.1,110.7
PA,199903,4.8,110.7
PA,199904,4.2,111.7
PA,199905,4.3,111.7
PA,199906,4.7,111.7
PA,199907,4.8,112.7
PA,199908,4.5,112.7
PA,199909,4.4,112.7
PA,199910,4.0,114.05
PA,199911,4.1,114.05
PA,199912,3.8,114.05
PA,200001,4.7,115.04
PA,200002,4.8,115.04
PA,200003,4.4,115.04
PA,200004,3.7,116.64
PA,200005,4.2,116.64
PA,200006,4.3,116.64
PA,200007,4.4,118.11
PA,200008,4.4,118.11
PA,200009,4.0,118.11
PA,200010,3.8,119.12
PA,200011,4.1,119.12
PA,200012,3.8,119.12
PA,200101,5.0,120.93
PA,200102,5.0,120.93
PA,200103,4.8,120.93
PA,200104,4.2,123.02
PA,200105,4.5,123.02
PA,200106,4.8,123.02
PA,200107,4.9,125.09
PA,200108,5.0,125.09
PA,200109,4.6,125.09
PA,200110,4.9,127.2
PA,200111,5.2,127.2
PA,200112,5.0,127.2
PA,200201,6.4,129.13
PA,200202,6.1,129.13
PA,200203,5.9,129.13
PA,200204,5.3,131.61
PA,200205,5.4,131.61
PA,200206,5.6,131.61
PA,200207,5.6,134.19
PA,200208,5.3,134.19
PA,200209,4.9,134.19
PA,200210,5.0,137.01
PA,200211,5.4,137.01
PA,200212,5.5,137.01
PA,200301,6.4,140.78
PA,200302,6.4,140.78
PA,200303,6.1,140.78
PA,200304,5.5,143.47
PA,200305,5.6,143.47
PA,200306,6.0,143.47
PA,200307,5.9,146.34
PA,200308,5.6,146.34
PA,200309,5.3,146.34
PA,200310,5.1,149.99
PA,200311,5.2,149.99
PA,200312,5.0,149.99
PA,200401,6.2,152.37
PA,200402,6.0,152.37
PA,200403,5.9,152.37
PA,200404,5.0,156.57
PA,200405,5.2,156.57
PA,200406,5.6,156.57
PA,200407,5.6,161.48
PA,200408,5.3,161.48
PA,200409,4.8,161.48
PA,200410,4.9,165.57
PA,200411,5.0,165.57
PA,200412,4.9,165.57
PA,200501,5.7,171.06
PA,200502,5.9,171.06
PA,200503,5.7,171.06
PA,200504,4.7,173.75
PA,200505,4.8,173.75
PA,200506,5.1,173.75
PA,200507,5.1,178.83
PA,200508,4.9,178.83
PA,200509,4.5,178.83
PA,200510,4.4,184.8
PA,200511,4.7,184.8
PA,200512,4.5,184.8
PA,200601,5.3,188.69
PA,200602,5.3,188.69
PA,200603,4.9,188.69
PA,200604,4.5,192.03
PA,200605,4.6,192.03
PA,200606,4.9,192.03
PA,200607,5.1,193.0
PA,200608,4.9,193.0
PA,200609,4.3,193.0
PA,200610,4.0,195.02
PA,200611,4.3,195.02
PA,200612,4.2,195.02
PA,200701,5.2,196.46
PA,200702,5.0,196.46
PA,200703,4.6,196.46
PA,200704,4.2,198.29
PA,200705,4.4,198.29
PA,200706,4.7,198.29
PA,200707,4.8,199.87
PA,200708,4.7,199.87
PA,200709,4.3,199.87
PA,200710,4.2,198.48
PA,200711,4.3,198.48
PA,200712,4.6,198.48
PA,200801,5.5,198.14
PA,200802,5.4,198.14
PA,200803,5.2,198.14
PA,200804,4.6,197.01
PA,200805,5.0,197.01
PA,200806,5.3,197.01
PA,200807,5.6,194.09
PA,200808,5.7,194.09
PA,200809,5.0,194.09
PA,200810,5.2,192.3
PA,200811,5.6,192.3
PA,200812,6.3,192.3
PA,200901,7.8,188.97
PA,200902,8.4,188.97
PA,200903,8.3,188.97
PA,200904,7.6,187.08
PA,200905,8.1,187.08
PA,200906,8.4,187.08
PA,200907,8.5,186.37
PA,200908,8.4,186.37
PA,200909,7.8,186.37
PA,200910,7.6,186.3
PA,200911,7.5,186.3
PA,200912,7.8,186.3
PA,201001,9.1,187.82
PA,201002,9.3,187.82
PA,201003,8.8,187.82
PA,201004,7.9,187.62
PA,201005,8.1,187.62
PA,201006,8.1,187.62
PA,201007,8.4,185.4
PA,201008,8.3,185.4
PA,201009,7.4,185.4
PA,201010,7.4,183.07
PA,201011,7.6,183.07
PA,201012,7.5,183.07
PA,201101,8.4,183.2
PA,201102,8.2,183.2
PA,201103,7.8,183.2
PA,201104,7.1,180.89
PA,201105,7.4,180.89
PA,201106,8.0,180.89
PA,201107,8.1,180.42
PA,201108,8.2,180.42
PA,201109,7.4,180.42
PA,201110,7.2,179.64
PA,201111,7.2,179.64
PA,201112,7.3,179.64
PA,201201,8.1,177.78
PA,201202,8.0,177.78
PA,201203,7.6,177.78
PA,201204,6.9,178.71
PA,201205,7.4,178.71
PA,201206,8.0,178.71
PA,201207,8.2,179.68
PA,201208,8.1,179.68
PA,201209,7.1,179.68
PA,201210,7.1,179.94
PA,201211,7.0,179.94
PA,201212,7.3,179.94
PA,201301,8.4,181.89
PA,201302,7.9,181.89
PA,201303,7.4,181.89
PA,201304,6.7,183.09
PA,201305,6.9,183.09
PA,201306,7.4,183.09
PA,201307,7.4,184.81
PA,201308,7.3,184.81
PA,201309,6.5,184.81
PA,201310,6.5,186.55
PA,201311,6.3,186.55
PA,201312,6.1,186.55
PA,201401,6.9,186.77
PA,201402,7.0,186.77
PA,201403,6.6,186.77
PA,201404,5.6,187.01
PA,201405,6.0,187.01
PA,201406,6.1,187.01
PA,201407,6.5,188.72
PA,201408,6.2,188.72
PA,201409,5.2,188.72
PA,201410,5.2,189.32
PA,201411,5.1,189.32
PA,201412,5.2,189.32
PA,201501,6.2,190.08
PA,201502,6.0,190.08
PA,201503,5.7,190.08
PA,201504,5.0,190.45
PA,201505,5.5,190.45
PA,201506,5.6,190.45
PA,201507,5.9,192.58
PA,201508,5.7,192.58
PA,201509,5.0,192.58
PA,201510,4.9,194.43
PA,201511,4.9,194.43
PA,201512,4.9,194.43
PA,201601,5.7,195.72
PA,201602,5.8,195.72
PA,201603,5.6,195.72
PA,201604,5.0,197.0
PA,201605,5.1,197.0
PA,201606,5.5,197.0
PA,201607,5.8,198.97
PA,201608,5.8,198.97
PA,201609,5.1,198.97
PA,201610,5.0,201.31
PA,201611,4.7,201.31
PA,201612,4.8,201.31
PA,201701,5.7,203.36
PA,201702,5.6,203.36
PA,201703,5.2,203.36
PA,201704,4.6,204.93
PA,201705,4.7,204.93
PA,201706,5.0,204.93
PA,201707,5.4,207.65
PA,201708,5.5,207.65
PA,201709,4.5,207.65
PA,201710,4.4,210.27
PA,201711,4.5,210.27
PA,201712,4.5,210.27
PA,201801,5.2,212.79
PA,201802,5.2,212.79
PA,201803,4.7,212.79
PA,201804,4.1,215.88
PA,201805,4.0,215.88
PA,201806,4.6,215.88
PA,201807,4.8,217.75
PA,201808,4.8,217.75
PA,201809,3.9,217.75
PA,201810,3.9,220.03
PA,201811,3.7,220.03
PA,201812,4.0,220.03
PA,201901,4.8,222.69
PA,201902,4.7,222.69
PA,201903,4.5,222.69
PA,201904,3.7,226.91
PA,201905,4.0,226.91
PA,201906,4.4,226.91
PA,201907,4.8,228.14
PA,201908,4.9,228.14
PA,201909,3.9,228.14
PA,201910,4.0,230.54
PA,201911,3.9,230.54
PA,201912,4.1,230.54
PA,202001,4.7,234.0
PA,202002,4.6,234.0
PA,202003,5.3,234.0
PA,202004,15.1,238.62
PA,202005,13.0,238.62
PA,202006,11.9,238.62
PA,202007,11.2,239.55
PA,202008,9.4,239.55
PA,202009,8.5,239.55
PA,202010,7.4,250.13
PA,202011,7.3,250.13
PA,202012,7.8,250.13
PA,202101,7.5,259.58
PA,202102,7.3,259.58
PA,202103,6.6,259.58
PA,202104,6.2,266.92
PA,202105,6.1,266.92
PA,202106,6.6,266.92
PA,202107,6.4,276.96
PA,202108,6.3,276.96
PA,202109,4.9,276.96
PA,202110,4.8,286.06
PA,202111,4.1,286.06
PA,202112,3.7,286.06
PA,202201,4.8,294.07
PA,202202,4.6,294.07
PA,202203,4.2,294.07
PA,202204,3.8,304.61
PA,202205,4.0,304.61
PA,202206,4.5,304.61
PA,202207,4.6,310.41
PA,202208,5.0,310.41
PA,202209,3.6,310.41
PA,202210,3.7,312.39
PA,202211,3.6,312.39
PA,202212,3.4,312.39
PA,202301,4.1,316.96
PA,202302,4.3,316.96
PA,202303,3.7,316.96
PA,202304,3.1,320.38
PA,202305,3.4,320.38
PA,202306,3.8,320.38
PA,202307,3.9,326.29
PA,202308,4.4,326.29
PA,202309,3.3,326.29
PA,202310,3.4,335.88
PA,202311,3.2,335.88
PA,202312,3.3,335.88
PA,202401,3.8,338.95
PA,202402,4.0,338.95
PA,202403,3.6,338.95
PA,202404,3.1,344.93
PA,202405,3.3,344.93
PA,202406,3.9,344.93
PA,202407,4.2,350.96
PA,202408,4.5,350.96
PA,202409,3.2,350.96
PA,202410,3.4,354.83
PA,202411,3.3,354.83
PA,202412,3.3,354.83
PA,202501,4.3,360.36
PA,202502,4.2,360.36
PA,202503,3.9,360.36
RI,199901,5.4,97.29
RI,199902,4.8,97.29
RI,199903,4.1,97.29
RI,199904,3.7,99.7
RI,199905,3.8,99.7
RI,199906,4.0,99.7
RI,199907,4.4,100.1
RI,199908,4.3,100.1
RI,199909,4.1,100.1
RI,199910,4.1,103.68
RI,199911,3.9,103.68
RI,199912,3.8,103.68
RI,200001,5.3,105.94
RI,200002,5.1,105.94
RI,200003,4.5,105.94
RI,200004,3.7,107.35
RI,200005,3.9,107.35
RI,200006,3.8,107.35
RI,200007,4.2,112.66
RI,200008,4.3,112.66
RI,200009,3.5,112.66
RI,200010,3.3,116.09
RI,200011,3.4,116.09
RI,200012,3.4,116.09
RI,200101,5.2,119.47
RI,200102,5.0,119.47
RI,200103,5.1,119.47
RI,200104,4.3,122.94
RI,200105,4.3,122.94
RI,200106,4.5,122.94
RI,200107,4.7,127.58
RI,200108,4.5,127.58
RI,200109,3.9,127.58
RI,200110,4.1,132.39
RI,200111,4.2,132.39
RI,200112,4.3,132.39
RI,200201,5.9,137.7
RI,200202,5.3,137.7
RI,200203,5.1,137.7
RI,200204,4.7,143.78
RI,200205,4.6,143.78
RI,200206,4.5,143.78
RI,200207,5.0,150.69
RI,200208,5.3,150.69
RI,200209,4.9,150.69
RI,200210,5.0,158.6
RI,200211,5.1,158.6
RI,200212,5.2,158.6
RI,200301,6.6,164.95
RI,200302,6.3,164.95
RI,200303,6.1,164.95
RI,200304,5.4,171.21
RI,200305,5.4,171.21
RI,200306,5.7,171.21
RI,200307,5.7,178.19
RI,200308,5.5,178.19
RI,200309,4.8,178.19
RI,200310,4.8,183.68
RI,200311,5.0,183.68
RI,200312,5.0,183.68
RI,200401,6.6,191.75
RI,200402,6.2,191.75
RI,200403,6.3,191.75
RI,200404,5.6,200.75
RI,200405,5.4,200.75
RI,200406,5.4,200.75
RI,200407,5.6,206.76
RI,200408,5.1,206.76
RI,200409,4.3,206.76
RI,200410,4.1,217.28
RI,200411,4.3,217.28
RI,200412,4.4,217.28
RI,200501,5.7,219.67
RI,200502,5.7,219.67
RI,200503,5.5,219.67
RI,200504,4.7,230.69
RI,200505,4.7,230.69
RI,200506,5.0,230.69
RI,200507,5.4,231.79
RI,200508,5.3,231.79
RI,200509,5.1,231.79
RI,200510,4.8,235.41
RI,200511,4.9,235.41
RI,200512,5.0,235.41
RI,200601,6.1,234.97
RI,200602,6.2,234.97
RI,200603,5.8,234.97
RI,200604,5.3,236.6
RI,200605,5.2,236.6
RI,200606,5.2,236.6
RI,200607,5.6,236.86
RI,200608,5.4,236.86
RI,200609,4.6,236.86
RI,200610,4.4,234.05
RI,200611,4.7,234.05
RI,200612,4.6,234.05
RI,200701,5.7,231.61
RI,200702,5.4,231.61
RI,200703,4.9,231.61
RI,200704,4.7,227.48
RI,200705,4.7,227.48
RI,200706,4.7,227.48
RI,200707,5.4,225.1
RI,200708,5.3,225.1
RI,200709,4.8,225.1
RI,200710,4.9,222.23
RI,200711,5.2,222.23
RI,200712,5.7,222.23
RI,200801,7.2,219.35
RI,200802,7.0,219.35
RI,200803,6.9,219.35
RI,200804,6.2,212.64
RI,200805,7.1,212.64
RI,200806,7.2,212.64
RI,200807,7.9,206.62
RI,200808,8.4,206.62
RI,200809,7.9,206.62
RI,200810,8.1,198.09
RI,200811,8.4,198.09
RI,200812,9.2,198.09
RI,200901,11.1,193.03
RI,200902,11.4,193.03
RI,200903,11.3,193.03
RI,200904,10.9,197.97
RI,200905,11.1,197.97
RI,200906,11.1,197.97
RI,200907,11.4,187.51
RI,200908,11.4,187.51
RI,200909,11.0,187.51
RI,200910,11.0,189.49
RI,200911,11.1,189.49
RI,200912,11.4,189.49
RI,201001,12.9,186.61
RI,201002,12.8,186.61
RI,201003,12.4,186.61
RI,201004,11.6,182.71
RI,201005,11.4,182.71
RI,201006,11.1,182.71
RI,201007,11.6,182.42
RI,201008,11.6,182.42
RI,201009,10.9,182.42
RI,201010,10.9,183.78
RI,201011,11.4,183.78
RI,201012,11.1,183.78
RI,201101,12.2,180.2
RI,201102,12.0,180.2
RI,201103,11.5,180.2
RI,201104,10.6,178.24
RI,201105,10.8,178.24
RI,201106,10.7,178.24
RI,201107,11.3,173.81
RI,201108,11.2,173.81
RI,201109,10.8,173.81
RI,201110,10.7,170.44
RI,201111,10.7,170.44
RI,201112,10.7,170.44
RI,201201,11.8,171.75
RI,201202,11.7,171.75
RI,201203,11.0,171.75
RI,201204,10.0,171.68
RI,201205,10.2,171.68
RI,201206,10.1,171.68
RI,201207,10.7,170.37
RI,201208,10.5,170.37
RI,201209,9.5,170.37
RI,201210,9.4,169.51
RI,201211,9.4,169.51
RI,201212,9.3,169.51
RI,201301,10.7,170.26
RI,201302,10.2,170.26
RI,201303,9.7,170.26
RI,201304,9.0,171.68
RI,201305,9.4,171.68
RI,201306,9.3,171.68
RI,201307,9.7,175.41
RI,201308,9.8,175.41
RI,201309,9.2,175.41
RI,201310,9.1,177.86
RI,201311,9.0,177.86
RI,201312,8.7,177.86
RI,201401,9.7,175.56
RI,201402,9.5,175.56
RI,201403,9.0,175.56
RI,201404,7.6,181.55
RI,201405,7.8,181.55
RI,201406,7.3,181.55
RI,201407,7.9,180.86
RI,201408,7.9,180.86
RI,201409,7.0,180.86
RI,201410,6.5,182.91
RI,201411,6.7,182.91
RI,201412,6.2,182.91
RI,201501,7.4,184.93
RI,201502,7.2,184.93
RI,201503,6.7,184.93
RI,201504,5.7,186.87
RI,201505,6.1,186.87
RI,201506,5.8,186.87
RI,201507,6.1,187.84
RI,201508,6.1,187.84
RI,201509,5.2,187.84
RI,201510,5.3,189.86
RI,201511,5.6,189.86
RI,201512,5.3,189.86
RI,201601,6.3,192.49
RI,201602,6.3,192.49
RI,201603,5.8,192.49
RI,201604,5.0,193.89
RI,201605,5.1,193.89
RI,201606,5.1,193.89
RI,201607,5.4,196.78
RI,201608,5.6,196.78
RI,201609,4.8,196.78
RI,201610,4.5,200.06
RI,201611,4.5,200.06
RI,201612,4.4,200.06
RI,201701,5.5,203.84
RI,201702,5.4,203.84
RI,201703,4.7,203.84
RI,201704,4.1,207.06
RI,201705,4.1,207.06
RI,201706,4.2,207.06
RI,201707,4.6,211.92
RI,201708,4.7,211.92
RI,201709,4.0,211.92
RI,201710,4.0,212.95
RI,201711,4.4,212.95
RI,201712,4.1,212.95
RI,201801,5.2,216.73
RI,201802,5.3,216.73
RI,201803,4.6,216.73
RI,201804,3.8,222.53
RI,201805,3.7,222.53
RI,201806,3.8,222.53
RI,201807,4.0,226.49
RI,201808,4.2,226.49
RI,201809,3.4,226.49
RI,201810,3.2,229.93
RI,201811,3.6,229.93
RI,201812,3.6,229.93
RI,201901,4.7,229.58
RI,201902,4.4,229.58
RI,201903,3.9,229.58
RI,201904,3.1,233.4
RI,201905,3.4,233.4
RI,201906,3.3,233.4
RI,201907,3.6,236.14
RI,201908,3.9,236.14
RI,201909,3.0,236.14
RI,201910,2.8,239.64
RI,201911,3.1,239.64
RI,201912,3.0,239.64
RI,202001,4.1,244.36
RI,202002,4.1,244.36
RI,202003,4.7,244.36
RI,202004,17.5,250.53
RI,202005,15.9,250.53
RI,202006,12.8,250.53
RI,202007,12.1,246.36
RI,202008,10.7,246.36
RI,202009,9.5,246.36
RI,202010,6.2,260.88
RI,202011,6.5,260.88
RI,202012,6.9,260.88
RI,202101,7.6,278.35
RI,202102,7.3,278.35
RI,202103,6.2,278.35
RI,202104,5.7,288.67
RI,202105,6.0,288.67
RI,202106,6.4,288.67
RI,202107,6.1,304.12
RI,202108,6.1,304.12
RI,202109,4.6,304.12
RI,202110,4.1,314.43
RI,202111,3.8,314.43
RI,202112,3.2,314.43
RI,202201,4.3,322.83
RI,202202,4.2,322.83
RI,202203,3.3,322.83
RI,202204,2.8,337.5
RI,202205,3.0,337.5
RI,202206,3.0,337.5
RI,202207,3.3,349.95
RI,202208,4.0,349.95
RI,202209,2.9,349.95
RI,202210,2.9,349.52
RI,202211,2.9,349.52
RI,202212,2.3,349.52
RI,202301,3.5,340.57
RI,202302,3.8,340.57
RI,202303,3.1,340.57
RI,202304,2.3,362.9
RI,202305,2.5,362.9
RI,202306,2.5,362.9
RI,202307,2.6,365.26
RI,202308,3.3,365.26
RI,202309,2.6,365.26
RI,202310,3.0,378.54
RI,202311,3.3,378.54
RI,202312,3.4,378.54
RI,202401,4.6,388.57
RI,202402,5.0,388.57
RI,202403,4.3,388.57
RI,202404,3.7,392.78
RI,202405,4.1,392.78
RI,202406,4.1,392.78
RI,202407,4.7,400.75
RI,202408,5.0,400.75
RI,202409,3.9,400.75
RI,202410,4.1,409.45
RI,202411,4.5,409.45
RI,202412,4.2,409.45
RI,202501,5.4,418.24
RI,202502,6.2,418.24
RI,202503,5.1,418.24
SC,199901,4.3,131.81
SC,199902,4.5,131.81
SC,199903,3.7,131.81
SC,199904,3.7,133.14
SC,199905,3.8,133.14
SC,199906,4.4,133.14
SC,199907,4.3,135.92
SC,199908,4.4,135.92
SC,199909,4.3,135.92
SC,199910,4.3,137.68
SC,199911,4.2,137.68
SC,199912,3.9,137.68
SC,200001,4.4,138.95
SC,200002,4.3,138.95
SC,200003,3.6,138.95
SC,200004,3.1,140.79
SC,200005,3.6,140.79
SC,200006,4.0,140.79
SC,200007,3.9,143.04
SC,200008,3.9,143.04
SC,200009,3.4,143.04
SC,200010,3.2,143.71
SC,200011,3.3,143.71
SC,200012,3.7,143.71
SC,200101,4.6,145.01
SC,200102,4.7,145.01
SC,200103,4.6,145.01
SC,200104,4.5,146.22
SC,200105,4.6,146.22
SC,200106,5.4,146.22
SC,200107,5.3,147.62
SC,200108,5.7,147.62
SC,200109,5.4,147.62
SC,200110,5.7,149.12
SC,200111,5.7,149.12
SC,200112,5.9,149.12
SC,200201,6.4,149.78
SC,200202,6.4,149.78
SC,200203,6.0,149.78
SC,200204,5.6,152.07
SC,200205,5.6,152.07
SC,200206,6.3,152.07
SC,200207,6.1,152.21
SC,200208,6.1,152.21
SC,200209,5.8,152.21
SC,200210,6.0,153.46
SC,200211,6.3,153.46
SC,200212,6.4,153.46
SC,200301,7.0,155.65
SC,200302,6.9,155.65
SC,200303,6.3,155.65
SC,200304,6.1,155.41
SC,200305,6.4,155.41
SC,200306,7.4,155.41
SC,200307,7.1,157.82
SC,200308,6.9,157.82
SC,200309,6.7,157.82
SC,200310,6.8,159.33
SC,200311,6.7,159.33
SC,200312,6.5,159.33
SC,200401,7.2,160.24
SC,200402,7.1,160.24
SC,200403,7.0,160.24
SC,200404,6.4,163.29
SC,200405,6.5,163.29
SC,200406,7.4,163.29
SC,200407,7.1,164.77
SC,200408,7.0,164.77
SC,200409,6.7,164.77
SC,200410,6.8,168.62
SC,200411,6.9,168.62
SC,200412,7.0,168.62
SC,200501,7.3,170.69
SC,200502,7.5,170.69
SC,200503,6.7,170.69
SC,200504,6.2,173.13
SC,200505,6.3,173.13
SC,200506,6.9,173.13
SC,200507,6.7,176.39
SC,200508,6.7,176.39
SC,200509,6.8,176.39
SC,200510,6.8,180.06
SC,200511,6.9,180.06
SC,200512,6.6,180.06
SC,200601,6.7,185.59
SC,200602,6.9,185.59
SC,200603,6.4,185.59
SC,200604,6.1,188.2
SC,200605,6.1,188.2
SC,200606,6.6,188.2
SC,200607,6.5,191.0
SC,200608,6.5,191.0
SC,200609,6.1,191.0
SC,200610,6.0,192.62
SC,200611,6.0,192.62
SC,200612,6.0,192.62
SC,200701,6.4,197.09
SC,200702,6.2,197.09
SC,200703,5.5,197.09
SC,200704,5.1,198.09
SC,200705,5.0,198.09
SC,200706,5.7,198.09
SC,200707,5.8,200.99
SC,200708,5.6,200.99
SC,200709,5.4,200.99
SC,200710,5.5,200.7
SC,200711,5.4,200.7
SC,200712,5.9,200.7
SC,200801,6.1,199.37
SC,200802,5.8,199.37
SC,200803,5.6,199.37
SC,200804,5.3,200.42
SC,200805,6.0,200.42
SC,200806,6.7,200.42
SC,200807,7.1,198.2
SC,200808,7.5,198.2
SC,200809,7.4,198.2
SC,200810,7.9,195.12
SC,200811,8.2,195.12
SC,200812,9.0,195.12
SC,200901,10.1,189.3
SC,200902,10.6,189.3
SC,200903,10.5,189.3
SC,200904,10.0,192.95
SC,200905,10.6,192.95
SC,200906,11.3,192.95
SC,200907,11.2,189.87
SC,200908,11.3,189.87
SC,200909,11.4,189.87
SC,200910,11.7,189.7
SC,200911,11.5,189.7
SC,200912,11.8,189.7
SC,201001,12.3,185.8
SC,201002,12.0,185.8
SC,201003,11.4,185.8
SC,201004,10.5,184.25
SC,201005,10.7,184.25
SC,201006,11.1,184.25
SC,201007,11.2,181.4
SC,201008,11.1,181.4
SC,201009,10.6,181.4
SC,201010,10.6,177.87
SC,201011,10.9,177.87
SC,201012,10.8,177.87
SC,201101,11.0,179.06
SC,201102,10.9,179.06
SC,201103,10.4,179.06
SC,201104,9.9,170.3
SC,201105,10.3,170.3
SC,201106,11.0,170.3
SC,201107,10.8,168.78
SC,201108,10.6,168.78
SC,201109,10.2,168.78
SC,201110,10.0,169.92
SC,201111,9.5,169.92
SC,201112,9.7,169.92
SC,201201,10.0,173.18
SC,201202,9.9,173.18
SC,201203,9.2,173.18
SC,201204,8.6,168.39
SC,201205,9.0,168.39
SC,201206,9.5,168.39
SC,201207,9.5,173.89
SC,201208,9.1,173.89
SC,201209,8.3,173.89
SC,201210,8.4,173.03
SC,201211,8.2,173.03
SC,201212,8.5,173.03
SC,201301,9.0,172.41
SC,201302,8.5,172.41
SC,201303,7.8,172.41
SC,201304,7.1,176.3
SC,201305,7.4,176.3
SC,201306,8.0,176.3
SC,201307,7.7,179.41
SC,201308,7.5,179.41
SC,201309,6.9,179.41
SC,201310,6.9,181.87
SC,201311,6.4,181.87
SC,201312,6.2,181.87
SC,201401,6.5,180.86
SC,201402,6.2,180.86
SC,201403,6.1,180.86
SC,201404,5.2,181.74
SC,201405,5.7,181.74
SC,201406,6.4,181.74
SC,201407,6.9,184.84
SC,201408,6.9,184.84
SC,201409,6.4,184.84
SC,201410,6.4,187.52
SC,201411,6.4,187.52
SC,201412,6.3,187.52
SC,201501,6.9,190.51
SC,201502,6.7,190.51
SC,201503,6.1,190.51
SC,201504,5.6,194.94
SC,201505,6.0,194.94
SC,201506,6.1,194.94
SC,201507,6.2,197.2
SC,201508,5.7,197.2
SC,201509,5.4,197.2
SC,201510,5.5,196.72
SC,201511,5.3,196.72
SC,201512,5.4,196.72
SC,201601,5.7,203.61
SC,201602,5.5,203.61
SC,201603,5.3,203.61
SC,201604,4.6,205.49
SC,201605,4.5,205.49
SC,201606,5.2,205.49
SC,201607,5.1,206.77
SC,201608,5.0,206.77
SC,201609,4.5,206.77
SC,201610,4.5,209.9
SC,201611,4.2,209.9
SC,201612,4.4,209.9
SC,201701,5.0,213.93
SC,201702,4.7,213.93
SC,201703,4.1,213.93
SC,201704,3.5,215.81
SC,201705,3.7,215.81
SC,201706,4.4,215.81
SC,201707,4.5,218.7
SC,201708,4.4,218.7
SC,201709,3.9,218.7
SC,201710,4.0,223.62
SC,201711,4.0,223.62
SC,201712,4.1,223.62
SC,201801,4.4,226.99
SC,201802,4.1,226.99
SC,201803,3.4,226.99
SC,201804,2.5,231.06
SC,201805,2.8,231.06
SC,201806,3.6,231.06
SC,201807,3.6,234.81
SC,201808,3.5,234.81
SC,201809,3.0,234.81
SC,201810,3.2,237.98
SC,201811,3.0,237.98
SC,201812,3.2,237.98
SC,201901,3.7,241.85
SC,201902,3.5,241.85
SC,201903,3.3,241.85
SC,201904,2.6,245.24
SC,201905,2.7,245.24
SC,201906,3.0,245.24
SC,201907,2.8,249.17
SC,201908,2.5,249.17
SC,201909,1.9,249.17
SC,201910,2.4,251.12
SC,201911,2.4,251.12
SC,201912,2.6,251.12
SC,202001,3.1,255.42
SC,202002,3.2,255.42
SC,202003,3.4,255.42
SC,202004,11.0,261.17
SC,202005,9.2,261.17
SC,202006,8.0,261.17
SC,202007,7.4,263.71
SC,202008,6.1,263.71
SC,202009,5.7,263.71
SC,202010,5.1,273.52
SC,202011,4.9,273.52
SC,202012,5.0,273.52
SC,202101,5.0,282.4
SC,202102,4.8,282.4
SC,202103,4.3,282.4
SC,202104,3.7,292.6
SC,202105,3.6,292.6
SC,202106,4.5,292.6
SC,202107,4.2,310.46
SC,202108,4.0,310.46
SC,202109,3.3,310.46
SC,202110,3.3,324.1
SC,202111,3.2,324.1
SC,202112,3.1,324.1
SC,202201,3.8,342.25
SC,202202,3.8,342.25
SC,202203,3.2,342.25
SC,202204,2.6,357.68
SC,202205,2.9,357.68
SC,202206,3.5,357.68
SC,202207,3.3,373.26
SC,202208,3.4,373.26
SC,202209,3.0,373.26
SC,202210,3.3,381.85
SC,202211,2.9,381.85
SC,202212,2.9,381.85
SC,202301,3.4,383.7
SC,202302,3.5,383.7
SC,202303,3.0,383.7
SC,202304,2.2,391.34
SC,202305,2.7,391.34
SC,202306,3.2,391.34
SC,202307,3.0,397.9
SC,202308,2.8,397.9
SC,202309,2.8,397.9
SC,202310,3.2,407.72
SC,202311,3.1,407.72
SC,202312,3.2,407.72
SC,202401,3.7,417.46
SC,202402,4.0,417.46
SC,202403,3.7,417.46
SC,202404,3.2,424.62
SC,202405,3.8,424.62
SC,202406,4.7,424.62
SC,202407,4.9,427.77
SC,202408,4.9,427.77
SC,202409,4.2,427.77
SC,202410,4.4,431.55
SC,202411,4.2,431.55
SC,202412,4.0,431.55
SC,202501,4.3,439.67
SC,202502,4.5,439.67
SC,202503,4.1,439.67
SD,199901,3.3,146.26
SD,199902,3.2,146.26
SD,199903,3.2,146.26
SD,199904,2.7,150.88
SD,199905,2.6,150.88
SD,199906,2.7,150.88
SD,199907,2.7,151.26
SD,199908,2.6,151.26
SD,199909,2.4,151.26
SD,199910,2.1,152.73
SD,199911,2.5,152.73
SD,199912,2.5,152.73
SD,200001,3.0,154.24
SD,200002,2.9,154.24
SD,200003,2.8,154.24
SD,200004,2.3,155.95
SD,200005,2.5,155.95
SD,200006,2.4,155.95
SD,200007,2.3,158.59
SD,200008,2.4,158.59
SD,200009,2.2,158.59
SD,200010,2.2,161.0
SD,200011,2.7,161.0
SD,200012,2.7,161.0
SD,200101,3.2,160.93
SD,200102,3.3,160.93
SD,200103,3.4,160.93
SD,200104,2.9,163.36
SD,200105,2.7,163.36
SD,200106,2.9,163.36
SD,200107,2.7,164.82
SD,200108,2.9,164.82
SD,200109,2.6,164.82
SD,200110,2.9,166.49
SD,200111,3.1,166.49
SD,200112,3.5,166.49
SD,200201,4.1,169.68
SD,200202,3.9,169.68
SD,200203,4.1,169.68
SD,200204,3.5,169.14
SD,200205,2.9,169.14
SD,200206,3.1,169.14
SD,200207,3.0,172.6
SD,200208,2.9,172.6
SD,200209,2.6,172.6
SD,200210,2.6,172.11
SD,200211,3.1,172.11
SD,200212,3.2,172.11
SD,200301,4.0,174.94
SD,200302,3.9,174.94
SD,200303,3.8,174.94
SD,200304,3.4,176.15
SD,200305,3.3,176.15
SD,200306,3.5,176.15
SD,200307,3.4,178.78
SD,200308,3.3,178.78
SD,200309,3.2,178.78
SD,200310,3.0,182.88
SD,200311,3.4,182.88
SD,200312,3.5,182.88
SD,200401,4.0,184.7
SD,200402,3.9,184.7
SD,200403,4.1,184.7
SD,200404,3.3,186.14
SD,200405,3.4,186.14
SD,200406,3.6,186.14
SD,200407,3.4,188.27
SD,200408,3.4,188.27
SD,200409,3.3,188.27
SD,200410,3.2,192.88
SD,200411,3.5,192.88
SD,200412,3.7,192.88
SD,200501,4.3,194.17
SD,200502,4.4,194.17
SD,200503,4.2,194.17
SD,200504,3.6,196.87
SD,200505,3.6,196.87
SD,200506,3.5,196.87
SD,200507,3.3,201.26
SD,200508,3.1,201.26
SD,200509,3.1,201.26
SD,200510,2.9,201.13
SD,200511,3.2,201.13
SD,200512,3.5,201.13
SD,200601,3.6,208.55
SD,200602,3.6,208.55
SD,200603,3.3,208.55
SD,200604,2.9,208.01
SD,200605,2.8,208.01
SD,200606,2.9,208.01
SD,200607,2.9,211.16
SD,200608,2.9,211.16
SD,200609,2.7,211.16
SD,200610,2.6,212.33
SD,200611,2.8,212.33
SD,200612,3.0,212.33
SD,200701,3.5,214.87
SD,200702,3.5,214.87
SD,200703,3.1,214.87
SD,200704,3.0,216.5
SD,200705,2.7,216.5
SD,200706,2.7,216.5
SD,200707,2.6,217.35
SD,200708,2.7,217.35
SD,200709,2.5,217.35
SD,200710,2.4,219.16
SD,200711,2.5,219.16
SD,200712,2.9,219.16
SD,200801,3.1,221.09
SD,200802,3.1,221.09
SD,200803,3.0,221.09
SD,200804,2.7,222.54
SD,200805,2.8,222.54
SD,200806,2.8,222.54
SD,200807,2.9,222.07
SD,200808,3.1,222.07
SD,200809,2.8,222.07
SD,200810,2.9,222.24
SD,200811,3.3,222.24
SD,200812,4.0,222.24
SD,200901,4.6,220.51
SD,200902,5.1,220.51
SD,200903,5.3,220.51
SD,200904,5.0,221.98
SD,200905,4.7,221.98
SD,200906,4.6,221.98
SD,200907,4.4,222.5
SD,200908,4.4,222.5
SD,200909,4.0,222.5
SD,200910,4.1,219.58
SD,200911,4.2,219.58
SD,200912,4.9,219.58
SD,201001,5.5,223.03
SD,201002,5.5,223.03
SD,201003,5.4,223.03
SD,201004,5.1,222.74
SD,201005,4.8,222.74
SD,201006,4.7,222.74
SD,201007,4.6,219.77
SD,201008,4.7,219.77
SD,201009,4.3,219.77
SD,201010,4.2,218.43
SD,201011,4.6,218.43
SD,201012,5.1,218.43
SD,201101,5.6,216.35
SD,201102,5.7,216.35
SD,201103,5.4,216.35
SD,201104,4.7,218.09
SD,201105,4.4,218.09
SD,201106,4.4,218.09
SD,201107,4.2,217.02
SD,201108,4.3,217.02
SD,201109,4.0,217.02
SD,201110,3.8,219.07
SD,201111,3.9,219.07
SD,201112,4.4,219.07
SD,201201,4.7,222.05
SD,201202,4.9,222.05
SD,201203,4.5,222.05
SD,201204,3.9,219.09
SD,201205,3.9,219.09
SD,201206,4.0,219.09
SD,201207,3.9,222.95
SD,201208,3.9,222.95
SD,201209,3.5,222.95
SD,201210,3.5,225.36
SD,201211,3.6,225.36
SD,201212,4.0,225.36
SD,201301,4.5,226.54
SD,201302,4.6,226.54
SD,201303,4.1,226.54
SD,201304,3.9,228.24
SD,201305,3.5,228.24
SD,201306,3.7,228.24
SD,201307,3.4,231.35
SD,201308,3.5,231.35
SD,201309,3.2,231.35
SD,201310,3.3,235.01
SD,201311,3.3,235.01
SD,201312,3.5,235.01
SD,201401,3.9,238.11
SD,201402,4.2,238.11
SD,201403,3.9,238.11
SD,201404,3.4,239.11
SD,201405,3.2,239.11
SD,201406,3.2,239.11
SD,201407,3.1,241.72
SD,201408,3.2,241.72
SD,201409,2.9,241.72
SD,201410,2.8,241.6
SD,201411,3.2,241.6
SD,201412,3.4,241.6
SD,201501,3.6,247.05
SD,201502,3.7,247.05
SD,201503,3.4,247.05
SD,201504,3.1,248.1
SD,201505,3.1,248.1
SD,201506,3.0,248.1
SD,201507,2.8,250.05
SD,201508,2.9,250.05
SD,201509,2.5,250.05
SD,201510,2.5,252.29
SD,201511,2.7,252.29
SD,201512,3.1,252.29
SD,201601,3.2,255.79
SD,201602,3.4,255.79
SD,201603,3.1,255.79
SD,201604,2.9,262.46
SD,201605,2.7,262.46
SD,201606,3.0,262.46
SD,201607,2.8,260.96
SD,201608,3.1,260.96
SD,201609,2.7,260.96
SD,201610,2.8,267.0
SD,201611,2.9,267.0
SD,201612,3.4,267.0
SD,201701,3.5,268.38
SD,201702,3.7,268.38
SD,201703,3.1,268.38
SD,201704,3.0,271.16
SD,201705,2.9,271.16
SD,201706,2.9,271.16
SD,201707,2.8,276.99
SD,201708,3.1,276.99
SD,201709,2.6,276.99
SD,201710,2.5,278.71
SD,201711,2.8,278.71
SD,201712,3.3,278.71
SD,201801,3.2,282.01
SD,201802,3.5,282.01
SD,201803,3.0,282.01
SD,201804,3.0,287.27
SD,201805,2.5,287.27
SD,201806,2.8,287.27
SD,201807,2.5,289.69
SD,201808,2.6,289.69
SD,201809,2.2,289.69
SD,201810,2.3,296.43
SD,201811,2.4,296.43
SD,201812,2.9,296.43
SD,201901,3.2,299.65
SD,201902,3.3,299.65
SD,201903,3.1,299.65
SD,201904,2.8,301.05
SD,201905,2.6,301.05
SD,201906,2.8,301.05
SD,201907,2.6,306.56
SD,201908,2.8,306.56
SD,201909,2.2,306.56
SD,201910,2.3,305.86
SD,201911,2.4,305.86
SD,201912,2.8,305.86
SD,202001,2.7,311.69
SD,202002,2.8,311.69
SD,202003,3.0,311.69
SD,202004,8.8,313.56
SD,202005,6.7,313.56
SD,202006,5.1,313.56
SD,202007,4.5,320.33
SD,202008,3.9,320.33
SD,202009,3.2,320.33
SD,202010,2.8,329.81
SD,202011,2.9,329.81
SD,202012,3.2,329.81
SD,202101,3.1,342.36
SD,202102,3.4,342.36
SD,202103,2.9,342.36
SD,202104,2.8,359.62
SD,202105,2.6,359.62
SD,202106,2.9,359.62
SD,202107,2.4,370.28
SD,202108,2.6,370.28
SD,202109,2.0,370.28
SD,202110,2.0,390.28
SD,202111,1.9,390.28
SD,202112,2.0,390.28
SD,202201,2.2,405.94
SD,202202,2.4,405.94
SD,202203,2.0,405.94
SD,202204,1.9,420.65
SD,202205,1.8,420.65
SD,202206,2.0,420.65
SD,202207,1.7,437.63
SD,202208,2.1,437.63
SD,202209,1.5,437.63
SD,202210,1.7,443.6
SD,202211,1.7,443.6
SD,202212,2.0,443.6
SD,202301,1.9,443.5
SD,202302,2.3,443.5
SD,202303,1.8,443.5
SD,202304,1.9,456.62
SD,202305,1.8,456.62
SD,202306,1.9,456.62
SD,202307,1.6,463.05
SD,202308,2.0,463.05
SD,202309,1.5,463.05
SD,202310,1.7,467.3
SD,202311,1.5,467.3
SD,202312,1.8,467.3
SD,202401,1.9,474.2
SD,202402,2.3,474.2
SD,202403,1.7,474.2
SD,202404,1.8,477.57
SD,202405,1.7,477.57
SD,202406,1.9,477.57
SD,202407,1.8,478.57
SD,202408,2.0,478.57
SD,202409,1.5,478.57
SD,202410,1.6,483.73
SD,202411,1.7,483.73
SD,202412,2.0,483.73
SD,202501,2.1,487.78
SD,202502,2.1,487.78
SD,202503,1.8,487.78
TN,199901,4.7,137.62
TN,199902,4.5,137.62
TN,199903,4.2,137.62
TN,199904,3.7,139.49
TN,199905,3.4,139.49
TN,199906,4.2,139.49
TN,199907,4.2,140.06
TN,199908,4.0,140.06
TN,199909,3.8,140.06
TN,199910,3.7,141.67
TN,199911,3.7,141.67
TN,199912,3.5,141.67
TN,200001,4.2,143.21
TN,200002,4.0,143.21
TN,200003,3.9,143.21
TN,200004,3.3,143.79
TN,200005,3.4,143.79
TN,200006,4.2,143.79
TN,200007,4.1,145.21
TN,200008,4.0,145.21
TN,200009,3.8,145.21
TN,200010,3.6,145.76
TN,200011,3.8,145.76
TN,200012,3.7,145.76
TN,200101,4.6,146.43
TN,200102,4.3,146.43
TN,200103,4.3,146.43
TN,200104,3.9,147.52
TN,200105,3.8,147.52
TN,200106,4.9,147.52
TN,200107,4.7,148.18
TN,200108,4.7,148.18
TN,200109,4.6,148.18
TN,200110,4.9,148.86
TN,200111,5.2,148.86
TN,200112,5.3,148.86
TN,200201,6.3,150.72
TN,200202,5.8,150.72
TN,200203,5.7,150.72
TN,200204,5.1,151.68
TN,200205,4.7,151.68
TN,200206,5.5,151.68
TN,200207,5.3,152.16
TN,200208,4.9,152.16
TN,200209,4.6,152.16
TN,200210,4.6,154.33
TN,200211,4.8,154.33
TN,200212,4.9,154.33
TN,200301,5.7,154.67
TN,200302,5.6,154.67
TN,200303,5.5,154.67
TN,200304,5.2,156.83
TN,200305,5.2,156.83
TN,200306,6.3,156.83
TN,200307,6.0,158.29
TN,200308,5.6,158.29
TN,200309,5.5,158.29
TN,200310,5.4,159.78
TN,200311,5.4,159.78
TN,200312,5.1,159.78
TN,200401,5.8,162.31
TN,200402,5.4,162.31
TN,200403,5.5,162.31
TN,200404,4.8,163.28
TN,200405,4.7,163.28
TN,200406,5.6,163.28
TN,200407,5.4,165.99
TN,200408,5.3,165.99
TN,200409,5.3,165.99
TN,200410,5.4,168.8
TN,200411,5.4,168.8
TN,200412,5.5,168.8
TN,200501,6.1,170.38
TN,200502,6.1,170.38
TN,200503,5.8,170.38
TN,200504,5.3,174.33
TN,200505,5.2,174.33
TN,200506,5.9,174.33
TN,200507,5.5,176.56
TN,200508,5.1,176.56
TN,200509,5.2,176.56
TN,200510,5.3,179.92
TN,200511,5.4,179.92
TN,200512,5.3,179.92
TN,200601,5.8,184.15
TN,200602,5.6,184.15
TN,200603,5.5,184.15
TN,200604,5.2,187.96
TN,200605,5.1,187.96
TN,200606,5.8,187.96
TN,200607,5.7,190.77
TN,200608,5.2,190.77
TN,200609,4.9,190.77
TN,200610,4.6,193.04
TN,200611,4.7,193.04
TN,200612,4.4,193.04
TN,200701,5.1,195.81
TN,200702,4.8,195.81
TN,200703,4.4,195.81
TN,200704,4.0,198.29
TN,200705,4.1,198.29
TN,200706,4.8,198.29
TN,200707,4.7,200.57
TN,200708,4.5,200.57
TN,200709,4.7,200.57
TN,200710,4.7,200.47
TN,200711,4.8,200.47
TN,200712,5.1,200.47
TN,200801,5.7,199.51
TN,200802,5.6,199.51
TN,200803,5.7,199.51
TN,200804,5.2,198.4
TN,200805,5.9,198.4
TN,200806,6.7,198.4
TN,200807,6.9,195.79
TN,200808,6.7,195.79
TN,200809,6.8,195.79
TN,200810,7.0,193.82
TN,200811,7.3,193.82
TN,200812,8.1,193.82
TN,200901,9.6,190.15
TN,200902,10.1,190.15
TN,200903,10.5,190.15
TN,200904,10.0,190.02
TN,200905,10.4,190.02
TN,200906,11.3,190.02
TN,200907,11.0,187.51
TN,200908,10.6,187.51
TN,200909,10.5,187.51
TN,200910,10.4,187.04
TN,200911,10.1,187.04
TN,200912,10.4,187.04
TN,201001,11.1,186.71
TN,201002,10.7,186.71
TN,201003,10.5,186.71
TN,201004,9.7,184.14
TN,201005,9.4,184.14
TN,201006,9.9,184.14
TN,201007,9.7,184.15
TN,201008,9.5,184.15
TN,201009,9.3,184.15
TN,201010,9.2,180.39
TN,201011,9.4,180.39
TN,201012,9.4,180.39
TN,201101,10.1,179.53
TN,201102,9.6,179.53
TN,201103,9.4,179.53
TN,201104,8.8,177.45
TN,201105,8.8,177.45
TN,201106,9.7,177.45
TN,201107,9.3,175.53
TN,201108,9.1,175.53
TN,201109,8.9,175.53
TN,201110,8.5,178.99
TN,201111,8.1,178.99
TN,201112,8.2,178.99
TN,201201,8.7,177.74
TN,201202,8.4,177.74
TN,201203,8.1,177.74
TN,201204,7.5,176.8
TN,201205,7.7,176.8
TN,201206,8.5,176.8
TN,201207,8.5,179.59
TN,201208,7.9,179.59
TN,201209,7.5,179.59
TN,201210,7.5,181.26
TN,201211,7.3,181.26
TN,201212,7.6,181.26
TN,201301,8.6,183.19
TN,201302,8.1,183.19
TN,201303,7.8,183.19
TN,201304,7.4,186.26
TN,201305,7.5,186.26
TN,201306,8.4,186.26
TN,201307,8.1,188.61
TN,201308,7.6,188.61
TN,201309,7.4,188.61
TN,201310,7.4,190.07
TN,201311,6.9,190.07
TN,201312,6.7,190.07
TN,201401,7.0,191.86
TN,201402,7.0,191.86
TN,201403,6.8,191.86
TN,201404,6.0,194.03
TN,201405,6.3,194.03
TN,201406,7.1,194.03
TN,201407,7.2,196.3
TN,201408,6.7,196.3
TN,201409,6.4,196.3
TN,201410,6.1,197.57
TN,201411,6.1,197.57
TN,201412,5.9,197.57
TN,201501,6.5,199.93
TN,201502,6.1,199.93
TN,201503,5.8,199.93
TN,201504,5.3,204.81
TN,201505,5.6,204.81
TN,201506,6.1,204.81
TN,201507,5.9,205.86
TN,201508,5.4,205.86
TN,201509,5.2,205.86
TN,201510,5.1,209.36
TN,201511,4.9,209.36
TN,201512,4.7,209.36
TN,201601,5.0,211.96
TN,201602,4.8,211.96
TN,201603,4.7,211.96
TN,201604,4.3,216.01
TN,201605,4.2,216.01
TN,201606,5.2,216.01
TN,201607,5.1,219.22
TN,201608,4.9,219.22
TN,201609,4.9,219.22
TN,201610,4.7,223.56
TN,201611,4.4,223.56
TN,201612,4.5,223.56
TN,201701,5.0,227.27
TN,201702,4.5,227.27
TN,201703,4.1,227.27
TN,201704,3.4,230.62
TN,201705,3.3,230.62
TN,201706,4.1,230.62
TN,201707,3.9,235.65
TN,201708,3.6,235.65
TN,201709,3.3,235.65
TN,201710,3.3,239.73
TN,201711,3.3,239.73
TN,201712,3.2,239.73
TN,201801,3.9,244.88
TN,201802,3.6,244.88
TN,201803,3.5,244.88
TN,201804,3.0,248.71
TN,201805,3.1,248.71
TN,201806,4.1,248.71
TN,201807,3.9,252.03
TN,201808,3.6,252.03
TN,201809,3.4,252.03
TN,201810,3.4,257.56
TN,201811,3.1,257.56
TN,201812,3.2,257.56
TN,201901,3.9,261.84
TN,201902,3.4,261.84
TN,201903,3.4,261.84
TN,201904,2.9,266.17
TN,201905,3.1,266.17
TN,201906,3.8,266.17
TN,201907,3.7,270.48
TN,201908,3.3,270.48
TN,201909,3.1,270.48
TN,201910,3.3,274.44
TN,201911,3.1,274.44
TN,201912,3.1,274.44
TN,202001,3.7,280.0
TN,202002,3.4,280.0
TN,202003,3.9,280.0
TN,202004,15.0,286.7
TN,202005,11.8,286.7
TN,202006,10.8,286.7
TN,202007,10.1,290.41
TN,202008,7.7,290.41
TN,202009,6.9,290.41
TN,202010,5.9,301.73
TN,202011,5.4,301.73
TN,202012,5.4,301.73
TN,202101,5.7,314.94
TN,202102,5.3,314.94
TN,202103,5.1,314.94
TN,202104,4.7,328.95
TN,202105,4.6,328.95
TN,202106,5.6,328.95
TN,202107,4.9,348.09
TN,202108,4.4,348.09
TN,202109,3.8,348.09
TN,202110,3.5,368.43
TN,202111,3.2,368.43
TN,202112,3.0,368.43
TN,202201,3.7,388.78
TN,202202,3.4,388.78
TN,202203,3.2,388.78
TN,202204,3.0,409.62
TN,202205,3.1,409.62
TN,202206,4.0,409.62
TN,202207,3.7,427.94
TN,202208,3.5,427.94
TN,202209,3.2,427.94
TN,202210,3.4,430.92
TN,202211,3.2,430.92
TN,202212,3.0,430.92
TN,202301,3.6,431.35
TN,202302,3.4,431.35
TN,202303,3.2,431.35
TN,202304,2.7,437.74
TN,202305,3.1,437.74
TN,202306,3.7,437.74
TN,202307,3.5,441.16
TN,202308,3.3,441.16
TN,202309,3.3,441.16
TN,202310,3.3,447.96
TN,202311,3.0,447.96
TN,202312,2.9,447.96
TN,202401,3.3,457.82
TN,202402,3.1,457.82
TN,202403,3.1,457.82
TN,202404,2.8,463.64
TN,202405,2.9,463.64
TN,202406,3.9,463.64
TN,202407,3.9,467.9
TN,202408,3.7,467.9
TN,202409,3.5,467.9
TN,202410,3.6,473.76
TN,202411,3.7,473.76
TN,202412,3.5,473.76
TN,202501,3.8,479.57
TN,202502,3.5,479.57
TN,202503,3.3,479.57
TX,199901,5.0,124.84
TX,199902,4.9,124.84
TX,199903,4.5,124.84
TX,199904,4.4,126.66
TX,199905,4.5,126.66
TX,199906,5.1,126.66
TX,199907,5.1,128.8
TX,199908,4.7,128.8
TX,199909,4.9,128.8
TX,199910,4.6,130.68
TX,199911,4.5,130.68
TX,199912,4.4,130.68
TX,200001,4.9,133.04
TX,200002,5.0,133.04
TX,200003,4.8,133.04
TX,200004,4.1,135.58
TX,200005,4.3,135.58
TX,200006,4.7,135.58
TX,200007,4.6,137.66
TX,200008,4.5,137.66
TX,200009,4.3,137.66
TX,200010,3.9,140.07
TX,200011,3.9,140.07
TX,200012,3.5,140.07
TX,200101,4.4,142.07
TX,200102,4.2,142.07
TX,200103,4.5,142.07
TX,200104,4.3,143.84
TX,200105,4.4,143.84
TX,200106,5.2,143.84
TX,200107,5.2,145.5
TX,200108,5.4,145.5
TX,200109,5.3,145.5
TX,200110,5.4,146.61
TX,200111,5.7,146.61
TX,200112,5.7,146.61
TX,200201,6.5,147.67
TX,200202,6.3,147.67
TX,200203,6.2,147.67
TX,200204,6.2,148.81
TX,200205,6.1,148.81
TX,200206,6.9,148.81
TX,200207,6.7,150.39
TX,200208,6.5,150.39
TX,200209,6.2,150.39
TX,200210,6.1,151.25
TX,200211,6.4,151.25
TX,200212,6.3,151.25
TX,200301,7.1,152.57
TX,200302,7.0,152.57
TX,200303,6.8,152.57
TX,200304,6.5,153.31
TX,200305,6.7,153.31
TX,200306,7.6,153.31
TX,200307,7.2,153.9
TX,200308,6.9,153.9
TX,200309,6.7,153.9
TX,200310,6.3,154.84
TX,200311,6.3,154.84
TX,200312,5.9,154.84
TX,200401,6.7,155.8
TX,200402,6.3,155.8
TX,200403,6.4,155.8
TX,200404,5.8,157.07
TX,200405,5.8,157.07
TX,200406,6.5,157.07
TX,200407,6.3,158.6
TX,200408,5.8,158.6
TX,200409,5.7,158.6
TX,200410,5.6,159.95
TX,200411,5.8,159.95
TX,200412,5.6,159.95
TX,200501,6.0,161.47
TX,200502,6.0,161.47
TX,200503,5.5,161.47
TX,200504,5.2,163.45
TX,200505,5.2,163.45
TX,200506,5.6,163.45
TX,200507,5.5,165.89
TX,200508,5.4,165.89
TX,200509,5.6,165.89
TX,200510,5.3,168.41
TX,200511,5.5,168.41
TX,200512,5.1,168.41
TX,200601,5.4,171.11
TX,200602,5.4,171.11
TX,200603,5.1,171.11
TX,200604,4.9,174.1
TX,200605,5.0,174.1
TX,200606,5.5,174.1
TX,200607,5.4,176.08
TX,200608,5.0,176.08
TX,200609,4.7,176.08
TX,200610,4.4,178.7
TX,200611,4.5,178.7
TX,200612,4.1,178.7
TX,200701,4.8,181.94
TX,200702,4.7,181.94
TX,200703,4.3,181.94
TX,200704,4.0,184.8
TX,200705,4.0,184.8
TX,200706,4.7,184.8
TX,200707,4.8,186.29
TX,200708,4.3,186.29
TX,200709,4.4,186.29
TX,200710,4.0,187.53
TX,200711,4.2,187.53
TX,200712,4.3,187.53
TX,200801,4.7,188.48
TX,200802,4.3,188.48
TX,200803,4.3,188.48
TX,200804,3.9,187.93
TX,200805,4.3,187.93
TX,200806,5.0,187.93
TX,200807,5.2,187.44
TX,200808,5.2,187.44
TX,200809,5.2,187.44
TX,200810,5.2,188.14
TX,200811,5.3,188.14
TX,200812,5.5,188.14
TX,200901,6.5,186.04
TX,200902,6.6,186.04
TX,200903,6.5,186.04
TX,200904,6.1,186.12
TX,200905,7.3,186.12
TX,200906,8.5,186.12
TX,200907,8.6,185.97
TX,200908,8.4,185.97
TX,200909,8.4,185.97
TX,200910,8.2,186.16
TX,200911,8.0,186.16
TX,200912,8.0,186.16
TX,201001,8.8,187.38
TX,201002,8.5,187.38
TX,201003,8.4,187.38
TX,201004,8.0,187.28
TX,201005,7.9,187.28
TX,201006,8.4,187.28
TX,201007,8.5,187.43
TX,201008,8.3,187.43
TX,201009,8.1,187.43
TX,201010,8.0,186.68
TX,201011,8.3,186.68
TX,201012,8.0,186.68
TX,201101,8.5,183.02
TX,201102,8.3,183.02
TX,201103,8.1,183.02
TX,201104,7.7,182.52
TX,201105,8.0,182.52
TX,201106,8.8,182.52
TX,201107,8.8,183.65
TX,201108,8.4,183.65
TX,201109,8.2,183.65
TX,201110,7.6,183.54
TX,201111,7.2,183.54
TX,201112,7.0,183.54
TX,201201,7.3,185.15
TX,201202,7.2,185.15
TX,201203,6.7,185.15
TX,201204,6.3,187.22
TX,201205,6.6,187.22
TX,201206,7.3,187.22
TX,201207,7.3,189.22
TX,201208,6.8,189.22
TX,201209,6.4,189.22
TX,201210,6.2,192.85
TX,201211,6.0,192.85
TX,201212,6.2,192.85
TX,201301,7.1,195.96
TX,201302,6.7,195.96
TX,201303,6.4,195.96
TX,201304,6.1,198.67
TX,201305,6.3,198.67
TX,201306,6.9,198.67
TX,201307,6.7,202.12
TX,201308,6.4,202.12
TX,201309,6.3,202.12
TX,201310,6.0,204.58
TX,201311,5.8,204.58
TX,201312,5.4,204.58
TX,201401,5.8,209.45
TX,201402,5.8,209.45
TX,201403,5.5,209.45
TX,201404,4.8,213.62
TX,201405,5.1,213.62
TX,201406,5.5,213.62
TX,201407,5.7,214.67
TX,201408,5.4,214.67
TX,201409,5.0,214.67
TX,201410,4.7,219.49
TX,201411,4.6,219.49
TX,201412,4.2,219.49
TX,201501,4.8,223.01
TX,201502,4.6,223.01
TX,201503,4.4,223.01
TX,201504,4.1,227.12
TX,201505,4.3,227.12
TX,201506,4.7,227.12
TX,201507,4.8,230.89
TX,201508,4.5,230.89
TX,201509,4.5,230.89
TX,201510,4.4,234.27
TX,201511,4.4,234.27
TX,201512,4.2,234.27
TX,201601,4.5,237.73
TX,201602,4.5,237.73
TX,201603,4.5,237.73
TX,201604,4.3,241.75
TX,201605,4.3,241.75
TX,201606,5.0,241.75
TX,201607,5.1,245.88
TX,201608,4.9,245.88
TX,201609,4.9,245.88
TX,201610,4.6,250.44
TX,201611,4.5,250.44
TX,201612,4.6,250.44
TX,201701,5.1,253.6
TX,201702,5.0,253.6
TX,201703,4.6,253.6
TX,201704,4.2,257.87
TX,201705,4.2,257.87
TX,201706,4.6,257.87
TX,201707,4.5,263.8
TX,201708,4.5,263.8
TX,201709,4.1,263.8
TX,201710,3.7,266.87
TX,201711,3.9,266.87
TX,201712,3.8,266.87
TX,201801,4.3,271.69
TX,201802,4.2,271.69
TX,201803,4.1,271.69
TX,201804,3.7,276.09
TX,201805,3.6,276.09
TX,201806,4.3,276.09
TX,201807,4.1,279.06
TX,201808,4.0,279.06
TX,201809,3.8,279.06
TX,201810,3.5,282.1
TX,201811,3.5,282.1
TX,201812,3.6,282.1
TX,201901,4.2,285.43
TX,201902,3.8,285.43
TX,201903,3.5,285.43
TX,201904,3.1,288.62
TX,201905,3.1,288.62
TX,201906,3.8,288.62
TX,201907,3.9,291.55
TX,201908,3.7,291.55
TX,201909,3.4,291.55
TX,201910,3.3,294.54
TX,201911,3.3,294.54
TX,201912,3.2,294.54
TX,202001,3.7,299.28
TX,202002,3.5,299.28
TX,202003,5.4,299.28
TX,202004,12.3,304.08
TX,202005,11.8,304.08
TX,202006,10.4,304.08
TX,202007,9.7,304.87
TX,202008,7.9,304.87
TX,202009,7.7,304.87
TX,202010,6.7,314.65
TX,202011,6.8,314.65
TX,202012,6.7,314.65
TX,202101,7.1,326.82
TX,202102,6.9,326.82
TX,202103,6.4,326.82
TX,202104,5.9,340.16
TX,202105,5.7,340.16
TX,202106,6.4,340.16
TX,202107,5.8,355.75
TX,202108,5.4,355.75
TX,202109,5.0,355.75
TX,202110,4.7,373.88
TX,202111,4.4,373.88
TX,202112,4.1,373.88
TX,202201,4.7,390.17
TX,202202,4.3,390.17
TX,202203,3.8,390.17
TX,202204,3.5,406.74
TX,202205,3.6,406.74
TX,202206,4.2,406.74
TX,202207,4.1,425.35
TX,202208,4.0,425.35
TX,202209,3.8,425.35
TX,202210,3.8,425.47
TX,202211,3.8,425.47
TX,202212,3.7,425.47
TX,202301,4.3,426.89
TX,202302,4.4,426.89
TX,202303,4.0,426.89
TX,202304,3.5,427.86
TX,202305,3.9,427.86
TX,202306,4.2,427.86
TX,202307,4.2,431.45
TX,202308,4.3,431.45
TX,202309,4.0,431.45
TX,202310,3.8,437.49
TX,202311,3.7,437.49
TX,202312,3.7,437.49
TX,202401,4.1,439.25
TX,202402,4.2,439.25
TX,202403,3.9,439.25
TX,202404,3.6,442.72
TX,202405,3.8,442.72
TX,202406,4.5,442.72
TX,202407,4.5,443.3
TX,202408,4.4,443.3
TX,202409,4.1,443.3
TX,202410,4.0,443.76
TX,202411,4.1,443.76
TX,202412,3.7,443.76
TX,202501,4.1,449.18
TX,202502,4.3,449.18
TX,202503,4.0,449.18
UT,199901,3.9,186.32
UT,199902,4.1,186.32
UT,199903,3.8,186.32
UT,199904,3.6,186.75
UT,199905,3.4,186.75
UT,199906,4.0,186.75
UT,199907,3.7,187.99
UT,199908,3.7,187.99
UT,199909,3.3,187.99
UT,199910,3.1,188.47
UT,199911,2.8,188.47
UT,199912,2.7,188.47
UT,200001,3.4,190.04
UT,200002,3.6,190.04
UT,200003,3.5,190.04
UT,200004,3.0,190.9
UT,200005,3.2,190.9
UT,200006,3.6,190.9
UT,200007,3.4,191.71
UT,200008,3.7,191.71
UT,200009,3.1,191.71
UT,200010,3.1,193.55
UT,200011,3.2,193.55
UT,200012,3.2,193.55
UT,200101,4.2,193.35
UT,200102,4.2,193.35
UT,200103,4.2,193.35
UT,200104,4.1,195.18
UT,200105,4.0,195.18
UT,200106,4.5,195.18
UT,200107,4.3,195.8
UT,200108,4.8,195.8
UT,200109,4.3,195.8
UT,200110,4.5,195.74
UT,200111,4.6,195.74
UT,200112,4.7,195.74
UT,200201,5.7,196.7
UT,200202,5.8,196.7
UT,200203,5.8,196.7
UT,200204,5.6,197.65
UT,200205,5.5,197.65
UT,200206,6.0,197.65
UT,200207,5.9,197.76
UT,200208,6.0,197.76
UT,200209,5.4,197.76
UT,200210,5.4,198.78
UT,200211,5.5,198.78
UT,200212,5.6,198.78
UT,200301,6.1,201.9
UT,200302,6.2,201.9
UT,200303,5.9,201.9
UT,200304,5.6,200.87
UT,200305,5.4,200.87
UT,200306,6.1,200.87
UT,200307,5.6,203.78
UT,200308,5.6,203.78
UT,200309,5.1,203.78
UT,200310,5.0,205.45
UT,200311,5.1,205.45
UT,200312,4.9,205.45
UT,200401,5.7,205.87
UT,200402,5.6,205.87
UT,200403,5.6,205.87
UT,200404,5.2,209.64
UT,200405,5.0,209.64
UT,200406,5.5,209.64
UT,200407,5.1,213.52
UT,200408,5.0,213.52
UT,200409,4.5,213.52
UT,200410,4.4,217.2
UT,200411,4.3,217.2
UT,200412,4.2,217.2
UT,200501,4.8,222.45
UT,200502,5.0,222.45
UT,200503,4.6,222.45
UT,200504,4.3,227.33
UT,200505,4.1,227.33
UT,200506,4.4,227.33
UT,200507,4.1,233.67
UT,200508,4.0,233.67
UT,200509,3.6,233.67
UT,200510,3.4,243.64
UT,200511,3.4,243.64
UT,200512,3.1,243.64
UT,200601,3.6,254.14
UT,200602,3.8,254.14
UT,200603,3.3,254.14
UT,200604,3.0,263.66
UT,200605,2.8,263.66
UT,200606,3.1,263.66
UT,200607,2.9,273.82
UT,200608,2.9,273.82
UT,200609,2.3,273.82
UT,200610,2.1,284.25
UT,200611,2.2,284.25
UT,200612,2.1,284.25
UT,200701,2.7,297.03
UT,200702,2.7,297.03
UT,200703,2.5,297.03
UT,200704,2.4,306.88
UT,200705,2.3,306.88
UT,200706,2.8,306.88
UT,200707,2.6,315.39
UT,200708,2.7,315.39
UT,200709,2.4,315.39
UT,200710,2.4,317.34
UT,200711,2.4,317.34
UT,200712,2.6,317.34
UT,200801,3.2,313.33
UT,200802,3.2,313.33
UT,200803,3.1,313.33
UT,200804,2.8,311.6
UT,200805,2.9,311.6
UT,200806,3.4,311.6
UT,200807,3.3,304.47
UT,200808,3.5,304.47
UT,200809,3.1,304.47
UT,200810,3.1,295.12
UT,200811,3.2,295.12
UT,200812,5.1,295.12
UT,200901,6.7,284.22
UT,200902,7.3,284.22
UT,200903,7.4,284.22
UT,200904,7.1,278.28
UT,200905,7.3,278.28
UT,200906,8.0,278.28
UT,200907,7.9,267.67
UT,200908,8.1,267.67
UT,200909,7.8,267.67
UT,200910,8.0,264.81
UT,200911,7.8,264.81
UT,200912,7.9,264.81
UT,201001,8.8,262.67
UT,201002,8.9,262.67
UT,201003,8.6,262.67
UT,201004,8.2,256.3
UT,201005,8.1,256.3
UT,201006,8.4,256.3
UT,201007,8.3,256.07
UT,201008,8.4,256.07
UT,201009,7.9,256.07
UT,201010,7.8,249.82
UT,201011,7.9,249.82
UT,201012,7.8,249.82
UT,201101,8.3,247.88
UT,201102,8.3,247.88
UT,201103,8.0,247.88
UT,201104,7.7,237.97
UT,201105,7.7,237.97
UT,201106,8.2,237.97
UT,201107,7.7,234.62
UT,201108,7.4,234.62
UT,201109,6.5,234.62
UT,201110,6.0,237.85
UT,201111,5.4,237.85
UT,201112,5.1,237.85
UT,201201,5.5,237.08
UT,201202,5.1,237.08
UT,201203,4.9,237.08
UT,201204,4.6,243.68
UT,201205,4.6,243.68
UT,201206,5.2,243.68
UT,201207,5.0,250.01
UT,201208,5.0,250.01
UT,201209,4.3,250.01
UT,201210,4.4,253.86
UT,201211,4.2,253.86
UT,201212,4.3,253.86
UT,201301,4.9,261.67
UT,201302,4.7,261.67
UT,201303,4.4,261.67
UT,201304,4.1,268.07
UT,201305,4.1,268.07
UT,201306,4.6,268.07
UT,201307,4.3,275.75
UT,201308,4.3,275.75
UT,201309,3.9,275.75
UT,201310,3.8,281.88
UT,201311,3.6,281.88
UT,201312,3.5,281.88
UT,201401,4.0,282.97
UT,201402,4.1,282.97
UT,201403,3.9,282.97
UT,201404,3.3,286.55
UT,201405,3.5,286.55
UT,201406,3.9,286.55
UT,201407,3.8,288.31
UT,201408,3.8,288.31
UT,201409,3.3,288.31
UT,201410,3.3,290.14
UT,201411,3.3,290.14
UT,201412,3.2,290.14
UT,201501,3.8,294.77
UT,201502,3.9,294.77
UT,201503,3.6,294.77
UT,201504,3.4,300.79
UT,201505,3.5,300.79
UT,201506,3.8,300.79
UT,201507,3.7,303.42
UT,201508,3.7,303.42
UT,201509,3.2,303.42
UT,201510,3.3,308.89
UT,201511,3.3,308.89
UT,201512,3.2,308.89
UT,201601,3.7,317.06
UT,201602,3.8,317.06
UT,201603,3.7,317.06
UT,201604,3.5,323.2
UT,201605,3.2,323.2
UT,201606,3.7,323.2
UT,201607,3.4,328.77
UT,201608,3.4,328.77
UT,201609,3.0,328.77
UT,201610,3.0,336.05
UT,201611,2.8,336.05
UT,201612,2.9,336.05
UT,201701,3.4,341.92
UT,201702,3.6,341.92
UT,201703,3.3,341.92
UT,201704,3.1,349.04
UT,201705,3.0,349.04
UT,201706,3.5,349.04
UT,201707,3.2,357.76
UT,201708,3.4,357.76
UT,201709,2.9,357.76
UT,201710,2.8,367.26
UT,201711,2.8,367.26
UT,201712,2.8,367.26
UT,201801,3.3,375.62
UT,201802,3.4,375.62
UT,201803,3.1,375.62
UT,201804,2.9,386.02
UT,201805,2.7,386.02
UT,201806,3.3,386.02
UT,201807,3.0,395.61
UT,201808,3.1,395.61
UT,201809,2.6,395.61
UT,201810,2.5,402.44
UT,201811,2.5,402.44
UT,201812,2.6,402.44
UT,201901,3.1,411.75
UT,201902,3.0,411.75
UT,201903,2.8,411.75
UT,201904,2.5,418.02
UT,201905,2.5,418.02
UT,201906,2.8,418.02
UT,201907,2.6,425.54
UT,201908,2.6,425.54
UT,201909,2.1,425.54
UT,201910,2.1,435.51
UT,201911,2.1,435.51
UT,201912,2.2,435.51
UT,202001,2.7,445.07
UT,202002,2.7,445.07
UT,202003,3.0,445.07
UT,202004,9.8,459.06
UT,202005,7.8,459.06
UT,202006,6.6,459.06
UT,202007,5.9,461.27
UT,202008,4.9,461.27
UT,202009,4.3,461.27
UT,202010,3.7,483.58
UT,202011,3.5,483.58
UT,202012,3.4,483.58
UT,202101,3.6,515.16
UT,202102,3.6,515.16
UT,202103,3.2,515.16
UT,202104,3.0,547.62
UT,202105,2.8,547.62
UT,202106,3.2,547.62
UT,202107,2.8,587.39
UT,202108,2.8,587.39
UT,202109,2.1,587.39
UT,202110,2.1,625.75
UT,202111,2.0,625.75
UT,202112,1.9,625.75
UT,202201,2.5,655.32
UT,202202,2.5,655.32
UT,202203,2.3,655.32
UT,202204,2.2,691.03
UT,202205,2.3,691.03
UT,202206,2.7,691.03
UT,202207,2.4,707.37
UT,202208,2.6,707.37
UT,202209,2.2,707.37
UT,202210,2.3,687.26
UT,202211,2.3,687.26
UT,202212,2.2,687.26
UT,202301,2.7,677.85
UT,202302,2.8,677.85
UT,202303,2.6,677.85
UT,202304,2.4,663.52
UT,202305,2.6,663.52
UT,202306,2.8,663.52
UT,202307,2.7,677.46
UT,202308,3.0,677.46
UT,202309,2.6,677.46
UT,202310,2.7,688.96
UT,202311,2.6,688.96
UT,202312,2.6,688.96
UT,202401,3.0,692.69
UT,202402,3.3,692.69
UT,202403,3.1,692.69
UT,202404,3.0,701.6
UT,202405,3.1,701.6
UT,202406,3.5,701.6
UT,202407,3.5,705.35
UT,202408,3.6,705.35
UT,202409,3.0,705.35
UT,202410,3.0,714.14
UT,202411,3.0,714.14
UT,202412,2.9,714.14
UT,202501,3.2,725.54
UT,202502,3.3,725.54
UT,202503,3.1,725.54
VT,199901,3.8,108.97
VT,199902,3.7,108.97
VT,199903,3.5,108.97
VT,199904,3.4,108.16
VT,199905,2.9,108.16
VT,199906,3.1,108.16
VT,199907,3.0,111.88
VT,199908,2.7,111.88
VT,199909,2.8,111.88
VT,199910,2.4,114.88
VT,199911,2.7,114.88
VT,199912,2.6,114.88
VT,200001,3.5,115.94
VT,200002,3.2,115.94
VT,200003,3.0,115.94
VT,200004,2.9,118.85
VT,200005,2.6,118.85
VT,200006,2.8,118.85
VT,200007,2.7,120.51
VT,200008,2.6,120.51
VT,200009,2.5,120.51
VT,200010,2.1,123.69
VT,200011,2.6,123.69
VT,200012,2.5,123.69
VT,200101,3.6,126.7
VT,200102,3.4,126.7
VT,200103,3.6,126.7
VT,200104,3.6,128.89
VT,200105,3.0,128.89
VT,200106,3.2,128.89
VT,200107,3.0,134.14
VT,200108,3.0,134.14
VT,200109,3.0,134.14
VT,200110,2.7,134.63
VT,200111,3.3,134.63
VT,200112,3.3,134.63
VT,200201,4.3,137.85
VT,200202,4.1,137.85
VT,200203,4.2,137.85
VT,200204,4.2,141.81
VT,200205,3.7,141.81
VT,200206,3.9,141.81
VT,200207,3.8,143.94
VT,200208,3.8,143.94
VT,200209,3.7,143.94
VT,200210,3.4,147.39
VT,200211,4.1,147.39
VT,200212,4.1,147.39
VT,200301,5.1,149.56
VT,200302,4.9,149.56
VT,200303,4.8,149.56
VT,200304,4.8,151.79
VT,200305,4.2,151.79
VT,200306,4.5,151.79
VT,200307,4.2,154.1
VT,200308,4.0,154.1
VT,200309,4.2,154.1
VT,200310,3.6,159.39
VT,200311,4.0,159.39
VT,200312,3.8,159.39
VT,200401,4.7,163.98
VT,200402,4.3,163.98
VT,200403,4.3,163.98
VT,200404,4.0,170.23
VT,200405,3.6,170.23
VT,200406,3.7,170.23
VT,200407,3.4,178.33
VT,200408,3.2,178.33
VT,200409,3.2,178.33
VT,200410,2.8,182.04
VT,200411,3.3,182.04
VT,200412,3.3,182.04
VT,200501,4.1,188.11
VT,200502,4.0,188.11
VT,200503,3.8,188.11
VT,200504,3.7,194.44
VT,200505,3.2,194.44
VT,200506,3.5,194.44
VT,200507,3.3,198.45
VT,200508,3.1,198.45
VT,200509,3.3,198.45
VT,200510,3.0,205.33
VT,200511,3.4,205.33
VT,200512,3.4,205.33
VT,200601,4.1,208.06
VT,200602,4.1,208.06
VT,200603,3.9,208.06
VT,200604,3.9,207.43
VT,200605,3.4,207.43
VT,200606,3.7,207.43
VT,200607,3.6,212.45
VT,200608,3.6,212.45
VT,200609,3.6,212.45
VT,200610,3.1,213.6
VT,200611,3.7,213.6
VT,200612,3.6,213.6
VT,200701,4.6,217.2
VT,200702,4.3,217.2
VT,200703,4.1,217.2
VT,200704,4.2,215.16
VT,200705,3.7,215.16
VT,200706,3.8,215.16
VT,200707,3.8,217.01
VT,200708,3.5,217.01
VT,200709,3.7,217.01
VT,200710,3.3,218.34
VT,200711,3.7,218.34
VT,200712,3.8,218.34
VT,200801,4.7,215.15
VT,200802,4.4,215.15
VT,200803,4.5,215.15
VT,200804,4.3,217.6
VT,200805,4.2,217.6
VT,200806,4.3,217.6
VT,200807,4.2,213.0
VT,200808,4.3,213.0
VT,200809,4.4,213.0
VT,200810,4.0,208.44
VT,200811,4.7,208.44
VT,200812,5.3,208.44
VT,200901,6.6,212.17
VT,200902,6.9,212.17
VT,200903,7.1,212.17
VT,200904,6.9,208.76
VT,200905,6.7,208.76
VT,200906,6.8,208.76
VT,200907,6.4,211.11
VT,200908,6.2,211.11
VT,200909,6.3,211.11
VT,200910,5.8,210.22
VT,200911,6.2,210.22
VT,200912,6.4,210.22
VT,201001,7.3,205.92
VT,201002,7.1,205.92
VT,201003,7.0,205.92
VT,201004,6.7,206.84
VT,201005,6.1,206.84
VT,201006,6.2,206.84
VT,201007,6.0,203.16
VT,201008,5.8,203.16
VT,201009,5.7,203.16
VT,201010,5.2,201.22
VT,201011,5.9,201.22
VT,201012,5.8,201.22
VT,201101,6.5,203.23
VT,201102,6.2,203.23
VT,201103,6.0,203.23
VT,201104,5.8,202.35
VT,201105,5.3,202.35
VT,201106,5.4,202.35
VT,201107,5.3,200.08
VT,201108,5.1,200.08
VT,201109,5.2,200.08
VT,201110,4.6,195.08
VT,201111,4.8,195.08
VT,201112,4.8,195.08
VT,201201,5.5,207.36
VT,201202,5.3,207.36
VT,201203,5.0,207.36
VT,201204,4.9,204.88
VT,201205,4.7,204.88
VT,201206,5.0,204.88
VT,201207,4.9,200.68
VT,201208,4.8,200.68
VT,201209,4.5,200.68
VT,201210,4.1,203.17
VT,201211,4.3,203.17
VT,201212,4.5,203.17
VT,201301,5.3,202.13
VT,201302,4.9,202.13
VT,201303,4.7,202.13
VT,201304,4.6,206.44
VT,201305,4.4,206.44
VT,201306,4.7,206.44
VT,201307,4.4,204.18
VT,201308,4.2,204.18
VT,201309,4.3,204.18
VT,201310,3.7,206.17
VT,201311,4.0,206.17
VT,201312,3.9,206.17
VT,201401,4.5,207.61
VT,201402,4.4,207.61
VT,201403,4.3,207.61
VT,201404,4.0,203.0
VT,201405,3.7,203.0
VT,201406,3.8,203.0
VT,201407,4.0,209.2
VT,201408,3.9,209.2
VT,201409,3.8,209.2
VT,201410,3.2,205.59
VT,201411,3.6,205.59
VT,201412,3.6,205.59
VT,201501,4.2,202.12
VT,201502,4.0,202.12
VT,201503,3.7,202.12
VT,201504,3.6,204.51
VT,201505,3.5,204.51
VT,201506,3.5,204.51
VT,201507,3.4,211.53
VT,201508,3.3,211.53
VT,201509,3.3,211.53
VT,201510,2.8,211.51
VT,201511,3.2,211.51
VT,201512,3.1,211.51
VT,201601,3.7,209.2
VT,201602,3.5,209.2
VT,201603,3.4,209.2
VT,201604,3.3,208.39
VT,201605,2.9,208.39
VT,201606,3.2,208.39
VT,201607,3.1,210.68
VT,201608,3.0,210.68
VT,201609,3.0,210.68
VT,201610,2.4,214.85
VT,201611,2.7,214.85
VT,201612,2.9,214.85
VT,201701,3.6,212.58
VT,201702,3.5,212.58
VT,201703,3.3,212.58
VT,201704,3.2,224.38
VT,201705,2.8,224.38
VT,201706,2.9,224.38
VT,201707,2.8,218.93
VT,201708,2.9,218.93
VT,201709,2.7,218.93
VT,201710,2.2,220.22
VT,201711,2.6,220.22
VT,201712,2.6,220.22
VT,201801,3.3,228.42
VT,201802,3.1,228.42
VT,201803,3.0,228.42
VT,201804,2.9,225.37
VT,201805,2.4,225.37
VT,201806,2.7,225.37
VT,201807,2.4,227.13
VT,201808,2.3,227.13
VT,201809,2.2,227.13
VT,201810,1.6,229.39
VT,201811,2.0,229.39
VT,201812,2.2,229.39
VT,201901,2.9,234.53
VT,201902,2.5,234.53
VT,201903,2.4,234.53
VT,201904,2.3,237.51
VT,201905,1.8,237.51
VT,201906,2.1,237.51
VT,201907,2.0,239.47
VT,201908,2.1,239.47
VT,201909,1.9,239.47
VT,201910,1.5,242.24
VT,201911,1.9,242.24
VT,201912,1.9,242.24
VT,202001,2.5,244.76
VT,202002,2.3,244.76
VT,202003,2.7,244.76
VT,202004,14.0,255.92
VT,202005,10.4,255.92
VT,202006,8.0,255.92
VT,202007,6.7,244.87
VT,202008,5.1,244.87
VT,202009,4.7,244.87
VT,202010,3.3,258.03
VT,202011,3.6,258.03
VT,202012,4.2,258.03
VT,202101,5.0,274.53
VT,202102,5.0,274.53
VT,202103,4.8,274.53
VT,202104,4.8,285.12
VT,202105,3.7,285.12
VT,202106,3.9,285.12
VT,202107,3.3,298.57
VT,202108,3.2,298.57
VT,202109,2.9,298.57
VT,202110,2.2,314.24
VT,202111,2.4,314.24
VT,202112,2.4,314.24
VT,202201,3.1,327.89
VT,202202,2.8,327.89
VT,202203,2.4,327.89
VT,202204,2.5,339.08
VT,202205,2.1,339.08
VT,202206,2.5,339.08
VT,202207,2.2,350.49
VT,202208,2.4,350.49
VT,202209,2.2,350.49
VT,202210,1.8,356.52
VT,202211,2.2,356.52
VT,202212,2.1,356.52
VT,202301,2.6,358.11
VT,202302,2.4,358.11
VT,202303,2.1,358.11
VT,202304,1.8,365.71
VT,202305,1.6,365.71
VT,202306,1.8,365.71
VT,202307,1.7,373.05
VT,202308,2.0,373.05
VT,202309,1.9,373.05
VT,202310,1.5,404.57
VT,202311,1.8,404.57
VT,202312,2.0,404.57
VT,202401,2.5,395.24
VT,202402,2.4,395.24
VT,202403,2.1,395.24
VT,202404,2.3,413.62
VT,202405,2.0,413.62
VT,202406,2.3,413.62
VT,202407,2.3,421.94
VT,202408,2.4,421.94
VT,202409,2.3,421.94
VT,202410,2.0,420.01
VT,202411,2.5,420.01
VT,202412,2.5,420.01
VT,202501,3.0,427.21
VT,202502,3.0,427.21
VT,202503,2.8,427.21
VA,199901,3.0,113.97
VA,199902,3.0,113.97
VA,199903,2.7,113.97
VA,199904,2.4,116.47
VA,199905,2.6,116.47
VA,199906,2.9,116.47
VA,199907,2.8,117.1
VA,199908,2.8,117.1
VA,199909,2.7,117.1
VA,199910,2.5,118.94
VA,199911,2.5,118.94
VA,199912,2.3,118.94
VA,200001,2.8,120.97
VA,200002,2.8,120.97
VA,200003,2.5,120.97
VA,200004,2.0,123.04
VA,200005,2.3,123.04
VA,200006,2.5,123.04
VA,200007,2.4,125.68
VA,200008,2.4,125.68
VA,200009,2.2,125.68
VA,200010,2.0,128.08
VA,200011,2.0,128.08
VA,200012,1.9,128.08
VA,200101,2.6,130.25
VA,200102,2.7,130.25
VA,200103,2.7,130.25
VA,200104,2.5,134.02
VA,200105,2.8,134.02
VA,200106,3.2,134.02
VA,200107,3.2,136.91
VA,200108,3.5,136.91
VA,200109,3.4,136.91
VA,200110,3.7,140.09
VA,200111,3.9,140.09
VA,200112,3.8,140.09
VA,200201,4.6,142.48
VA,200202,4.5,142.48
VA,200203,4.4,142.48
VA,200204,4.1,145.43
VA,200205,4.2,145.43
VA,200206,4.4,145.43
VA,200207,4.3,149.55
VA,200208,4.3,149.55
VA,200209,3.9,149.55
VA,200210,3.8,152.84
VA,200211,4.0,152.84
VA,200212,3.9,152.84
VA,200301,4.5,156.37
VA,200302,4.4,156.37
VA,200303,4.3,156.37
VA,200304,3.9,160.25
VA,200305,4.1,160.25
VA,200306,4.5,160.25
VA,200307,4.4,164.77
VA,200308,4.2,164.77
VA,200309,4.0,164.77
VA,200310,3.7,169.49
VA,200311,3.8,169.49
VA,200312,3.6,169.49
VA,200401,4.3,175.16
VA,200402,4.1,175.16
VA,200403,4.0,175.16
VA,200404,3.5,180.51
VA,200405,3.7,180.51
VA,200406,4.0,180.51
VA,200407,3.8,186.62
VA,200408,3.8,186.62
VA,200409,3.5,186.62
VA,200410,3.4,194.57
VA,200411,3.5,194.57
VA,200412,3.4,194.57
VA,200501,3.9,202.33
VA,200502,3.9,202.33
VA,200503,3.6,202.33
VA,200504,3.4,209.7
VA,200505,3.5,209.7
VA,200506,3.7,209.7
VA,200507,3.5,217.58
VA,200508,3.5,217.58
VA,200509,3.4,217.58
VA,200510,3.2,225.61
VA,200511,3.3,225.61
VA,200512,3.0,225.61
VA,200601,3.3,232.94
VA,200602,3.4,232.94
VA,200603,3.1,232.94
VA,200604,2.8,238.13
VA,200605,2.9,238.13
VA,200606,3.2,238.13
VA,200607,3.2,240.69
VA,200608,3.2,240.69
VA,200609,3.1,240.69
VA,200610,2.8,241.33
VA,200611,2.9,241.33
VA,200612,2.8,241.33
VA,200701,3.3,245.56
VA,200702,3.3,245.56
VA,200703,3.0,245.56
VA,200704,2.7,246.9
VA,200705,2.9,246.9
VA,200706,3.2,246.9
VA,200707,3.1,246.74
VA,200708,3.2,246.74
VA,200709,3.1,246.74
VA,200710,3.0,243.44
VA,200711,3.1,243.44
VA,200712,3.2,243.44
VA,200801,3.8,237.03
VA,200802,3.7,237.03
VA,200803,3.7,237.03
VA,200804,3.3,233.47
VA,200805,3.7,233.47
VA,200806,4.0,233.47
VA,200807,4.2,225.0
VA,200808,4.3,225.0
VA,200809,4.2,225.0
VA,200810,4.3,219.73
VA,200811,4.6,219.73
VA,200812,5.0,219.73
VA,200901,6.3,210.14
VA,200902,6.7,210.14
VA,200903,6.8,210.14
VA,200904,6.4,211.35
VA,200905,6.8,211.35
VA,200906,7.1,211.35
VA,200907,7.0,210.94
VA,200908,7.0,210.94
VA,200909,6.9,210.94
VA,200910,6.8,211.72
VA,200911,6.8,211.72
VA,200912,6.9,211.72
VA,201001,7.6,214.35
VA,201002,7.6,214.35
VA,201003,7.3,214.35
VA,201004,6.6,209.27
VA,201005,6.7,209.27
VA,201006,6.8,209.27
VA,201007,6.8,210.29
VA,201008,6.8,210.29
VA,201009,6.5,210.29
VA,201010,6.4,206.12
VA,201011,6.5,206.12
VA,201012,6.3,206.12
VA,201101,6.8,204.45
VA,201102,6.6,204.45
VA,201103,6.3,204.45
VA,201104,5.9,200.86
VA,201105,6.1,200.86
VA,201106,6.5,200.86
VA,201107,6.4,200.47
VA,201108,6.5,200.47
VA,201109,6.3,200.47
VA,201110,6.1,201.68
VA,201111,5.9,201.68
VA,201112,5.9,201.68
VA,201201,6.4,200.13
VA,201202,6.3,200.13
VA,201203,6.0,200.13
VA,201204,5.5,201.79
VA,201205,5.7,201.79
VA,201206,6.1,201.79
VA,201207,6.1,203.92
VA,201208,6.0,203.92
VA,201209,5.6,203.92
VA,201210,5.5,205.87
VA,201211,5.3,205.87
VA,201212,5.4,205.87
VA,201301,6.2,208.78
VA,201302,5.9,208.78
VA,201303,5.5,208.78
VA,201304,5.1,209.04
VA,201305,5.5,209.04
VA,201306,5.8,209.04
VA,201307,5.7,213.66
VA,201308,5.6,213.66
VA,201309,5.5,213.66
VA,201310,5.5,214.44
VA,201311,5.2,214.44
VA,201312,5.0,214.44
VA,201401,5.6,213.58
VA,201402,5.6,213.58
VA,201403,5.4,213.58
VA,201404,4.7,215.4
VA,201405,5.1,215.4
VA,201406,5.2,215.4
VA,201407,5.3,216.0
VA,201408,5.3,216.0
VA,201409,4.9,216.0
VA,201410,4.7,217.25
VA,201411,4.7,217.25
VA,201412,4.5,217.25
VA,201501,5.1,220.55
VA,201502,4.9,220.55
VA,201503,4.6,220.55
VA,201504,4.1,220.04
VA,201505,4.5,220.04
VA,201506,4.5,220.04
VA,201507,4.4,221.09
VA,201508,4.3,221.09
VA,201509,4.1,221.09
VA,201510,4.0,222.46
VA,201511,4.0,222.46
VA,201512,3.8,222.46
VA,201601,4.3,224.94
VA,201602,4.2,224.94
VA,201603,4.1,224.94
VA,201604,3.7,227.12
VA,201605,3.8,227.12
VA,201606,4.1,227.12
VA,201607,4.1,228.87
VA,201608,4.3,228.87
VA,201609,4.1,228.87
VA,201610,4.0,231.44
VA,201611,3.8,231.44
VA,201612,3.7,231.44
VA,201701,4.3,233.29
VA,201702,4.0,233.29
VA,201703,3.8,233.29
VA,201704,3.4,234.59
VA,201705,3.6,234.59
VA,201706,3.7,234.59
VA,201707,3.7,238.23
VA,201708,3.8,238.23
VA,201709,3.5,238.23
VA,201710,3.3,240.84
VA,201711,3.3,240.84
VA,201712,3.1,240.84
VA,201801,3.5,242.88
VA,201802,3.3,242.88
VA,201803,3.2,242.88
VA,201804,2.8,247.73
VA,201805,2.9,247.73
VA,201806,3.2,247.73
VA,201807,3.0,248.24
VA,201808,3.1,248.24
VA,201809,2.8,248.24
VA,201810,2.7,251.21
VA,201811,2.7,251.21
VA,201812,2.7,251.21
VA,201901,3.3,253.86
VA,201902,3.0,253.86
VA,201903,2.9,253.86
VA,201904,2.4,255.97
VA,201905,2.7,255.97
VA,201906,2.8,255.97
VA,201907,2.9,260.0
VA,201908,2.9,260.0
VA,201909,2.6,260.0
VA,201910,2.5,263.46
VA,201911,2.5,263.46
VA,201912,2.4,263.46
VA,202001,2.9,267.47
VA,202002,2.6,267.47
VA,202003,3.2,267.47
VA,202004,11.0,273.71
VA,202005,9.8,273.71
VA,202006,10.2,273.71
VA,202007,9.3,271.68
VA,202008,7.7,271.68
VA,202009,6.3,271.68
VA,202010,5.4,284.02
VA,202011,5.0,284.02
VA,202012,4.5,284.02
VA,202101,4.8,295.81
VA,202102,4.7,295.81
VA,202103,4.5,295.81
VA,202104,4.0,304.65
VA,202105,4.2,304.65
VA,202106,4.6,304.65
VA,202107,4.2,315.45
VA,202108,4.0,315.45
VA,202109,3.4,315.45
VA,202110,3.0,326.91
VA,202111,2.1,326.91
VA,202112,2.6,326.91
VA,202201,2.7,336.25
VA,202202,2.5,336.25
VA,202203,2.5,336.25
VA,202204,2.3,351.12
VA,202205,2.7,351.12
VA,202206,2.9,351.12
VA,202207,2.9,359.64
VA,202208,3.2,359.64
VA,202209,2.8,359.64
VA,202210,2.7,360.56
VA,202211,2.7,360.56
VA,202212,2.4,360.56
VA,202301,2.9,366.11
VA,202302,2.8,366.11
VA,202303,2.7,366.11
VA,202304,2.3,372.59
VA,202305,2.7,372.59
VA,202306,2.8,372.59
VA,202307,2.7,377.7
VA,202308,3.0,377.7
VA,202309,2.8,377.7
VA,202310,2.8,386.85
VA,202311,2.6,386.85
VA,202312,2.4,386.85
VA,202401,2.8,393.22
VA,202402,2.9,393.22
VA,202403,2.7,393.22
VA,202404,2.4,397.36
VA,202405,2.8,397.36
VA,202406,3.1,397.36
VA,202407,3.2,405.16
VA,202408,3.3,405.16
VA,202409,2.9,405.16
VA,202410,2.8,410.62
VA,202411,2.9,410.62
VA,202412,2.5,410.62
VA,202501,3.1,415.42
VA,202502,3.3,415.42
VA,202503,3.4,415.42
WA,199901,5.6,139.0
WA,199902,5.8,139.0
WA,199903,5.2,139.0
WA,199904,4.6,140.71
WA,199905,4.7,140.71
WA,199906,4.9,140.71
WA,199907,4.7,143.09
WA,199908,4.6,143.09
WA,199909,4.4,143.09
WA,199910,4.2,144.76
WA,199911,4.5,144.76
WA,199912,4.7,144.76
WA,200001,5.7,147.1
WA,200002,5.9,147.1
WA,200003,5.4,147.1
WA,200004,4.6,149.05
WA,200005,4.8,149.05
WA,200006,4.8,149.05
WA,200007,5.0,150.08
WA,200008,5.1,150.08
WA,200009,4.5,150.08
WA,200010,4.5,151.77
WA,200011,5.1,151.77
WA,200012,5.2,151.77
WA,200101,6.2,153.85
WA,200102,6.4,153.85
WA,200103,6.3,153.85
WA,200104,5.7,156.05
WA,200105,5.5,156.05
WA,200106,5.7,156.05
WA,200107,5.6,157.5
WA,200108,5.9,157.5
WA,200109,5.5,157.5
WA,200110,6.0,159.71
WA,200111,6.8,159.71
WA,200112,7.2,159.71
WA,200201,8.3,161.11
WA,200202,7.9,161.11
WA,200203,7.8,161.11
WA,200204,7.4,163.59
WA,200205,6.9,163.59
WA,200206,7.0,163.59
WA,200207,6.9,165.68
WA,200208,6.7,165.68
WA,200209,6.3,165.68
WA,200210,6.3,166.89
WA,200211,7.1,166.89
WA,200212,7.3,166.89
WA,200301,8.0,170.41
WA,200302,8.1,170.41
WA,200303,7.8,170.41
WA,200304,7.3,172.33
WA,200305,7.1,172.33
WA,200306,7.4,172.33
WA,200307,7.2,174.9
WA,200308,7.1,174.9
WA,200309,6.8,174.9
WA,200310,6.6,178.51
WA,200311,7.0,178.51
WA,200312,7.0,178.51
WA,200401,7.7,182.79
WA,200402,7.4,182.79
WA,200403,7.2,182.79
WA,200404,6.2,188.14
WA,200405,6.0,188.14
WA,200406,6.1,188.14
WA,200407,5.9,193.65
WA,200408,5.8,193.65
WA,200409,5.4,193.65
WA,200410,5.5,198.88
WA,200411,5.8,198.88
WA,200412,6.1,198.88
WA,200501,6.6,206.22
WA,200502,6.7,206.22
WA,200503,6.0,206.22
WA,200504,5.5,212.59
WA,200505,5.4,212.59
WA,200506,5.4,212.59
WA,200507,5.3,222.21
WA,200508,5.3,222.21
WA,200509,5.1,222.21
WA,200510,5.0,233.02
WA,200511,5.4,233.02
WA,200512,5.3,233.02
WA,200601,5.7,241.12
WA,200602,5.8,241.12
WA,200603,5.2,241.12
WA,200604,4.8,249.58
WA,200605,4.9,249.58
WA,200606,4.9,249.58
WA,200607,5.0,257.25
WA,200608,4.9,257.25
WA,200609,4.6,257.25
WA,200610,4.3,262.72
WA,200611,4.9,262.72
WA,200612,4.9,262.72
WA,200701,5.6,268.36
WA,200702,5.3,268.36
WA,200703,4.8,268.36
WA,200704,4.3,274.78
WA,200705,4.3,274.78
WA,200706,4.3,274.78
WA,200707,4.5,276.21
WA,200708,4.3,276.21
WA,200709,4.2,276.21
WA,200710,4.1,276.78
WA,200711,4.5,276.78
WA,200712,4.8,276.78
WA,200801,5.3,274.56
WA,200802,5.3,274.56
WA,200803,5.1,274.56
WA,200804,4.4,269.53
WA,200805,4.8,269.53
WA,200806,4.9,269.53
WA,200807,5.0,264.97
WA,200808,5.1,264.97
WA,200809,4.8,264.97
WA,200810,5.1,257.78
WA,200811,5.6,257.78
WA,200812,6.4,257.78
WA,200901,7.8,247.96
WA,200902,8.4,247.96
WA,200903,8.5,247.96
WA,200904,8.1,246.54
WA,200905,8.6,246.54
WA,200906,9.0,246.54
WA,200907,9.2,237.82
WA,200908,9.5,237.82
WA,200909,9.6,237.82
WA,200910,9.6,232.97
WA,200911,9.8,232.97
WA,200912,10.5,232.97
WA,201001,11.3,233.07
WA,201002,11.2,233.07
WA,201003,10.9,233.07
WA,201004,9.8,231.9
WA,201005,9.7,231.9
WA,201006,9.6,231.9
WA,201007,9.5,228.69
WA,201008,9.6,228.69
WA,201009,9.3,228.69
WA,201010,9.3,223.92
WA,201011,9.9,223.92
WA,201012,9.9,223.92
WA,201101,10.7,217.84
WA,201102,10.4,217.84
WA,201103,10.0,217.84
WA,201104,9.2,211.52
WA,201105,9.3,211.52
WA,201106,9.4,211.52
WA,201107,9.3,205.45
WA,201108,9.2,205.45
WA,201109,8.9,205.45
WA,201110,8.9,203.18
WA,201111,8.8,203.18
WA,201112,9.1,203.18
WA,201201,9.8,200.96
WA,201202,9.8,200.96
WA,201203,9.4,200.96
WA,201204,8.5,201.49
WA,201205,8.8,201.49
WA,201206,8.9,201.49
WA,201207,8.8,206.25
WA,201208,8.3,206.25
WA,201209,7.5,206.25
WA,201210,7.3,209.98
WA,201211,7.0,209.98
WA,201212,7.3,209.98
WA,201301,8.2,216.47
WA,201302,7.4,216.47
WA,201303,6.9,216.47
WA,201304,6.3,219.59
WA,201305,6.4,219.59
WA,201306,6.6,219.59
WA,201307,6.6,223.83
WA,201308,6.5,223.83
WA,201309,6.1,223.83
WA,201310,6.4,231.31
WA,201311,6.3,231.31
WA,201312,6.4,231.31
WA,201401,6.8,230.62
WA,201402,7.0,230.62
WA,201403,6.6,230.62
WA,201404,5.5,233.54
WA,201405,5.7,233.54
WA,201406,5.5,233.54
WA,201407,5.8,237.32
WA,201408,5.8,237.32
WA,201409,5.5,237.32
WA,201410,5.5,242.22
WA,201411,5.7,242.22
WA,201412,5.8,242.22
WA,201501,6.3,245.51
WA,201502,6.1,245.51
WA,201503,5.6,245.51
WA,201504,5.0,252.37
WA,201505,5.3,252.37
WA,201506,5.2,252.37
WA,201507,5.4,258.61
WA,201508,5.2,258.61
WA,201509,5.1,258.61
WA,201510,5.2,263.89
WA,201511,5.5,263.89
WA,201512,5.8,263.89
WA,201601,5.9,272.76
WA,201602,5.8,272.76
WA,201603,5.7,272.76
WA,201604,5.1,278.39
WA,201605,4.9,278.39
WA,201606,5.0,278.39
WA,201607,5.2,284.75
WA,201608,5.1,284.75
WA,201609,4.9,284.75
WA,201610,4.8,292.22
WA,201611,4.7,292.22
WA,201612,4.9,292.22
WA,201701,5.5,300.32
WA,201702,5.3,300.32
WA,201703,4.9,300.32
WA,201704,4.3,308.08
WA,201705,4.3,308.08
WA,201706,4.4,308.08
WA,201707,4.5,317.56
WA,201708,4.8,317.56
WA,201709,4.4,317.56
WA,201710,4.3,324.67
WA,201711,4.5,324.67
WA,201712,4.7,324.67
WA,201801,5.2,333.53
WA,201802,5.1,333.53
WA,201803,4.7,333.53
WA,201804,4.1,343.99
WA,201805,3.9,343.99
WA,201806,4.3,343.99
WA,201807,4.2,350.35
WA,201808,4.2,350.35
WA,201809,4.0,350.35
WA,201810,4.1,356.42
WA,201811,4.2,356.42
WA,201812,4.7,356.42
WA,201901,5.3,359.88
WA,201902,5.3,359.88
WA,201903,4.9,359.88
WA,201904,4.0,365.74
WA,201905,3.9,365.74
WA,201906,4.1,365.74
WA,201907,4.2,369.24
WA,201908,4.2,369.24
WA,201909,3.6,369.24
WA,201910,3.6,378.23
WA,201911,3.6,378.23
WA,201912,3.7,378.23
WA,202001,4.3,388.24
WA,202002,3.9,388.24
WA,202003,6.3,388.24
WA,202004,16.5,398.45
WA,202005,14.2,398.45
WA,202006,11.7,398.45
WA,202007,10.9,400.71
WA,202008,8.7,400.71
WA,202009,7.9,400.71
WA,202010,6.8,420.68
WA,202011,6.6,420.68
WA,202012,6.9,420.68
WA,202101,7.2,443.5
WA,202102,6.7,443.5
WA,202103,6.1,443.5
WA,202104,5.2,462.35
WA,202105,5.0,462.35
WA,202106,5.5,462.35
WA,202107,5.3,487.23
WA,202108,5.1,487.23
WA,202109,4.6,487.23
WA,202110,4.1,508.44
WA,202111,3.8,508.44
WA,202112,3.8,508.44
WA,202201,4.7,530.51
WA,202202,4.4,530.51
WA,202203,4.1,530.51
WA,202204,3.6,558.04
WA,202205,3.7,558.04
WA,202206,3.9,558.04
WA,202207,4.0,567.26
WA,202208,4.4,567.26
WA,202209,3.9,567.26
WA,202210,4.0,559.48
WA,202211,4.1,559.48
WA,202212,4.2,559.48
WA,202301,4.5,549.77
WA,202302,4.5,549.77
WA,202303,4.1,549.77
WA,202304,3.6,545.37
WA,202305,3.7,545.37
WA,202306,3.8,545.37
WA,202307,4.0,549.05
WA,202308,4.5,549.05
WA,202309,4.2,549.05
WA,202310,4.4,563.31
WA,202311,4.4,563.31
WA,202312,4.7,563.31
WA,202401,5.0,568.21
WA,202402,5.1,568.21
WA,202403,4.7,568.21
WA,202404,4.1,572.72
WA,202405,4.2,572.72
WA,202406,4.4,572.72
WA,202407,4.7,578.04
WA,202408,4.6,578.04
WA,202409,4.1,578.04
WA,202410,4.2,582.0
WA,202411,4.3,582.0
WA,202412,4.3,582.0
WA,202501,4.7,587.91
WA,202502,5.0,587.91
WA,202503,4.5,587.91
WV,199901,7.4,134.03
WV,199902,7.6,134.03
WV,199903,7.4,134.03
WV,199904,6.9,135.32
WV,199905,6.3,135.32
WV,199906,6.5,135.32
WV,199907,6.3,134.82
WV,199908,6.4,134.82
WV,199909,5.9,134.82
WV,199910,5.6,135.67
WV,199911,5.7,135.67
WV,199912,5.6,135.67
WV,200001,6.5,136.46
WV,200002,6.9,136.46
WV,200003,6.3,136.46
WV,200004,5.5,137.22
WV,200005,5.5,137.22
WV,200006,5.7,137.22
WV,200007,5.4,137.85
WV,200008,5.4,137.85
WV,200009,4.9,137.85
WV,200010,4.7,138.17
WV,200011,4.9,138.17
WV,200012,5.0,138.17
WV,200101,6.0,137.78
WV,200102,6.1,137.78
WV,200103,5.9,137.78
WV,200104,5.4,140.16
WV,200105,4.9,140.16
WV,200106,5.2,140.16
WV,200107,5.0,137.81
WV,200108,5.2,137.81
WV,200109,4.6,137.81
WV,200110,4.7,141.12
WV,200111,5.0,141.12
WV,200112,5.2,141.12
WV,200201,6.7,142.45
WV,200202,6.8,142.45
WV,200203,6.7,142.45
WV,200204,6.3,144.69
WV,200205,6.0,144.69
WV,200206,6.4,144.69
WV,200207,6.1,145.59
WV,200208,5.9,145.59
WV,200209,5.4,145.59
WV,200210,5.3,146.6
WV,200211,5.7,146.6
WV,200212,5.9,146.6
WV,200301,7.0,149.43
WV,200302,7.3,149.43
WV,200303,6.8,149.43
WV,200304,6.4,151.43
WV,200305,6.0,151.43
WV,200306,6.6,151.43
WV,200307,6.2,153.8
WV,200308,6.0,153.8
WV,200309,5.4,153.8
WV,200310,5.2,153.91
WV,200311,5.3,153.91
WV,200312,5.3,153.91
WV,200401,6.3,155.86
WV,200402,6.5,155.86
WV,200403,6.3,155.86
WV,200404,5.6,159.51
WV,200405,5.2,159.51
WV,200406,5.6,159.51
WV,200407,5.3,161.36
WV,200408,5.1,161.36
WV,200409,4.5,161.36
WV,200410,4.5,166.33
WV,200411,4.6,166.33
WV,200412,4.9,166.33
WV,200501,5.8,169.99
WV,200502,6.2,169.99
WV,200503,5.8,169.99
WV,200504,5.1,170.35
WV,200505,4.7,170.35
WV,200506,5.2,170.35
WV,200507,5.1,175.86
WV,200508,5.0,175.86
WV,200509,4.6,175.86
WV,200510,4.3,179.45
WV,200511,4.5,179.45
WV,200512,4.5,179.45
WV,200601,5.1,181.5
WV,200602,5.6,181.5
WV,200603,5.1,181.5
WV,200604,4.8,184.06
WV,200605,4.6,184.06
WV,200606,4.9,184.06
WV,200607,5.0,184.44
WV,200608,5.0,184.44
WV,200609,4.4,184.44
WV,200610,4.0,185.65
WV,200611,4.3,185.65
WV,200612,4.2,185.65
WV,200701,5.1,184.52
WV,200702,5.6,184.52
WV,200703,4.9,184.52
WV,200704,4.5,191.83
WV,200705,4.2,191.83
WV,200706,4.5,191.83
WV,200707,4.5,189.09
WV,200708,4.4,189.09
WV,200709,4.0,189.09
WV,200710,3.8,191.72
WV,200711,3.9,191.72
WV,200712,4.3,191.72
WV,200801,5.0,190.57
WV,200802,5.1,190.57
WV,200803,4.9,190.57
WV,200804,4.2,190.4
WV,200805,4.2,190.4
WV,200806,4.5,190.4
WV,200807,4.2,191.11
WV,200808,4.3,191.11
WV,200809,4.0,191.11
WV,200810,4.0,186.74
WV,200811,4.4,186.74
WV,200812,5.1,186.74
WV,200901,6.9,188.1
WV,200902,7.8,188.1
WV,200903,8.0,188.1
WV,200904,7.9,184.82
WV,200905,8.0,184.82
WV,200906,8.5,184.82
WV,200907,8.4,187.06
WV,200908,8.3,187.06
WV,200909,7.8,187.06
WV,200910,7.8,185.78
WV,200911,7.8,185.78
WV,200912,8.2,185.78
WV,201001,9.5,183.23
WV,201002,10.0,183.23
WV,201003,9.4,183.23
WV,201004,8.3,183.59
WV,201005,8.0,183.59
WV,201006,8.2,183.59
WV,201007,8.2,186.23
WV,201008,8.3,186.23
WV,201009,7.7,186.23
WV,201010,7.5,187.12
WV,201011,7.9,187.12
WV,201012,8.2,187.12
WV,201101,9.1,187.01
WV,201102,9.0,187.01
WV,201103,8.5,187.01
WV,201104,7.7,184.14
WV,201105,7.4,184.14
WV,201106,7.9,184.14
WV,201107,7.6,179.86
WV,201108,7.7,179.86
WV,201109,7.2,179.86
WV,201110,6.8,182.76
WV,201111,6.7,182.76
WV,201112,7.0,182.76
WV,201201,7.7,182.17
WV,201202,7.9,182.17
WV,201203,7.5,182.17
WV,201204,7.0,192.91
WV,201205,7.0,192.91
WV,201206,7.5,192.91
WV,201207,7.5,185.06
WV,201208,7.4,185.06
WV,201209,6.7,185.06
WV,201210,6.6,186.36
WV,201211,6.6,186.36
WV,201212,7.0,186.36
WV,201301,8.0,191.91
WV,201302,7.8,191.91
WV,201303,7.2,191.91
WV,201304,6.5,191.29
WV,201305,6.2,191.29
WV,201306,6.8,191.29
WV,201307,6.7,191.56
WV,201308,6.6,191.56
WV,201309,6.1,191.56
WV,201310,6.2,190.82
WV,201311,6.1,190.82
WV,201312,6.3,190.82
WV,201401,7.4,192.17
WV,201402,7.8,192.17
WV,201403,7.4,192.17
WV,201404,6.3,197.33
WV,201405,6.3,197.33
WV,201406,6.4,197.33
WV,201407,6.6,197.4
WV,201408,6.6,197.4
WV,201409,5.8,197.4
WV,201410,5.7,200.62
WV,201411,5.8,200.62
WV,201412,5.9,200.62
WV,201501,7.2,192.26
WV,201502,7.4,192.26
WV,201503,7.3,192.26
WV,201504,6.6,197.27
WV,201505,6.6,197.27
WV,201506,6.8,197.27
WV,201507,6.9,200.8
WV,201508,6.5,200.8
WV,201509,5.8,200.8
WV,201510,5.6,201.42
WV,201511,5.8,201.42
WV,201512,6.0,201.42
WV,201601,7.1,205.1
WV,201602,7.3,205.1
WV,201603,6.9,205.1
WV,201604,6.2,202.35
WV,201605,5.8,202.35
WV,201606,6.3,202.35
WV,201607,6.0,205.01
WV,201608,6.1,205.01
WV,201609,5.6,205.01
WV,201610,5.4,203.8
WV,201611,5.0,203.8
WV,201612,5.3,203.8
WV,201701,6.3,204.91
WV,201702,6.2,204.91
WV,201703,5.7,204.91
WV,201704,5.0,203.89
WV,201705,4.6,203.89
WV,201706,5.2,203.89
WV,201707,5.2,205.94
WV,201708,5.4,205.94
WV,201709,4.5,205.94
WV,201710,4.5,205.33
WV,201711,4.9,205.33
WV,201712,5.1,205.33
WV,201801,6.0,205.68
WV,201802,6.4,205.68
WV,201803,6.1,205.68
WV,201804,5.3,208.63
WV,201805,4.8,208.63
WV,201806,5.4,208.63
WV,201807,5.1,209.99
WV,201808,4.9,209.99
WV,201809,4.3,209.99
WV,201810,4.3,211.76
WV,201811,4.3,211.76
WV,201812,4.8,211.76
WV,201901,6.0,206.51
WV,201902,5.9,206.51
WV,201903,5.5,206.51
WV,201904,4.5,217.26
WV,201905,4.5,217.26
WV,201906,5.0,217.26
WV,201907,4.9,216.08
WV,201908,4.9,216.08
WV,201909,4.3,216.08
WV,201910,4.5,218.57
WV,201911,4.6,218.57
WV,201912,4.8,218.57
WV,202001,5.7,222.41
WV,202002,5.8,222.41
WV,202003,6.7,222.41
WV,202004,15.6,218.9
WV,202005,12.8,218.9
WV,202006,10.1,218.9
WV,202007,9.7,220.43
WV,202008,8.0,220.43
WV,202009,7.3,220.43
WV,202010,6.1,228.26
WV,202011,5.9,228.26
WV,202012,6.2,228.26
WV,202101,6.9,235.99
WV,202102,6.9,235.99
WV,202103,6.4,235.99
WV,202104,5.8,243.21
WV,202105,5.3,243.21
WV,202106,5.7,243.21
WV,202107,5.1,249.88
WV,202108,4.9,249.88
WV,202109,3.9,249.88
WV,202110,3.6,260.04
WV,202111,3.6,260.04
WV,202112,3.5,260.04
WV,202201,4.7,265.84
WV,202202,4.7,265.84
WV,202203,4.3,265.84
WV,202204,3.7,276.9
WV,202205,3.5,276.9
WV,202206,4.3,276.9
WV,202207,4.1,285.72
WV,202208,4.2,285.72
WV,202209,3.3,285.72
WV,202210,3.3,281.78
WV,202211,3.3,281.78
WV,202212,3.2,281.78
WV,202301,4.1,279.34
WV,202302,4.2,279.34
WV,202303,4.0,279.34
WV,202304,3.4,290.75
WV,202305,3.5,290.75
WV,202306,4.1,290.75
WV,202307,3.9,291.32
WV,202308,4.4,291.32
WV,202309,3.7,291.32
WV,202310,3.6,303.7
WV,202311,3.6,303.7
WV,202312,3.8,303.7
WV,202401,4.6,313.87
WV,202402,4.8,313.87
WV,202403,4.5,313.87
WV,202404,3.8,300.95
WV,202405,3.7,300.95
WV,202406,4.4,300.95
WV,202407,4.4,326.72
WV,202408,4.3,326.72
WV,202409,3.6,326.72
WV,202410,3.5,320.56
WV,202411,3.6,320.56
WV,202412,3.6,320.56
WV,202501,4.5,329.94
WV,202502,4.2,329.94
WV,202503,4.0,329.94
WI,199901,3.8,148.81
WI,199902,4.1,148.81
WI,199903,3.7,148.81
WI,199904,3.2,150.4
WI,199905,2.8,150.4
WI,199906,3.2,150.4
WI,199907,3.0,153.12
WI,199908,2.7,153.12
WI,199909,2.4,153.12
WI,199910,2.4,154.67
WI,199911,2.7,154.67
WI,199912,2.8,154.67
WI,200001,3.6,156.91
WI,200002,4.0,156.91
WI,200003,4.0,156.91
WI,200004,3.4,160.06
WI,200005,3.2,160.06
WI,200006,3.8,160.06
WI,200007,3.5,161.84
WI,200008,3.3,161.84
WI,200009,2.9,161.84
WI,200010,2.6,164.01
WI,200011,3.0,164.01
WI,200012,3.3,164.01
WI,200101,4.3,166.04
WI,200102,4.7,166.04
WI,200103,4.9,166.04
WI,200104,4.4,168.54
WI,200105,3.9,168.54
WI,200106,4.6,168.54
WI,200107,4.3,170.83
WI,200108,4.3,170.83
WI,200109,3.9,170.83
WI,200110,4.2,172.8
WI,200111,4.6,172.8
WI,200112,4.9,172.8
WI,200201,6.0,175.57
WI,200202,6.3,175.57
WI,200203,6.3,175.57
WI,200204,5.6,177.08
WI,200205,5.0,177.08
WI,200206,5.6,177.08
WI,200207,5.2,179.61
WI,200208,5.0,179.61
WI,200209,4.5,179.61
WI,200210,4.4,183.07
WI,200211,4.9,183.07
WI,200212,5.1,183.07
WI,200301,6.1,185.72
WI,200302,6.4,185.72
WI,200303,6.4,185.72
WI,200304,5.9,188.34
WI,200305,5.5,188.34
WI,200306,6.3,188.34
WI,200307,5.7,190.92
WI,200308,5.5,190.92
WI,200309,5.0,190.92
WI,200310,4.7,193.79
WI,200311,4.8,193.79
WI,200312,4.9,193.79
WI,200401,5.8,197.73
WI,200402,6.0,197.73
WI,200403,6.1,197.73
WI,200404,5.2,201.41
WI,200405,4.9,201.41
WI,200406,5.3,201.41
WI,200407,4.9,204.1
WI,200408,4.6,204.1
WI,200409,4.2,204.1
WI,200410,4.1,208.13
WI,200411,4.3,208.13
WI,200412,4.4,208.13
WI,200501,5.2,211.45
WI,200502,5.7,211.45
WI,200503,5.4,211.45
WI,200504,4.9,212.2
WI,200505,4.6,212.2
WI,200506,5.0,212.2
WI,200507,4.7,216.6
WI,200508,4.3,216.6
WI,200509,4.2,216.6
WI,200510,4.0,219.17
WI,200511,4.4,219.17
WI,200512,4.4,219.17
WI,200601,5.0,221.48
WI,200602,5.5,221.48
WI,200603,5.3,221.48
WI,200604,4.9,223.34
WI,200605,4.4,223.34
WI,200606,4.9,223.34
WI,200607,4.8,223.88
WI,200608,4.4,223.88
WI,200609,4.2,223.88
WI,200610,4.0,224.55
WI,200611,4.3,224.55
WI,200612,4.5,224.55
WI,200701,5.4,224.49
WI,200702,5.6,224.49
WI,200703,5.3,224.49
WI,200704,5.0,224.87
WI,200705,4.6,224.87
WI,200706,5.1,224.87
WI,200707,4.9,225.6
WI,200708,4.7,225.6
WI,200709,4.4,225.6
WI,200710,4.2,223.95
WI,200711,4.3,223.95
WI,200712,4.4,223.95
WI,200801,5.0,222.17
WI,200802,5.1,222.17
WI,200803,4.9,222.17
WI,200804,4.2,220.84
WI,200805,4.2,220.84
WI,200806,4.9,220.84
WI,200807,4.8,217.99
WI,200808,4.8,217.99
WI,200809,4.6,217.99
WI,200810,4.8,215.22
WI,200811,5.4,215.22
WI,200812,6.2,215.22
WI,200901,7.9,212.45
WI,200902,9.0,212.45
WI,200903,9.3,212.45
WI,200904,8.8,215.57
WI,200905,8.8,215.57
WI,200906,9.4,215.57
WI,200907,9.1,210.75
WI,200908,8.9,210.75
WI,200909,8.6,210.75
WI,200910,8.5,207.67
WI,200911,8.6,207.67
WI,200912,9.0,207.67
WI,201001,9.9,206.6
WI,201002,10.0,206.6
WI,201003,9.8,206.6
WI,201004,8.7,204.13
WI,201005,8.2,204.13
WI,201006,8.5,204.13
WI,201007,8.2,203.04
WI,201008,7.9,203.04
WI,201009,7.4,203.04
WI,201010,7.3,201.45
WI,201011,7.5,201.45
WI,201012,7.5,201.45
WI,201101,8.4,202.18
WI,201102,8.5,202.18
WI,201103,8.2,202.18
WI,201104,7.7,194.11
WI,201105,7.5,194.11
WI,201106,8.1,194.11
WI,201107,7.7,193.05
WI,201108,7.4,193.05
WI,201109,7.0,193.05
WI,201110,6.7,193.36
WI,201111,6.6,193.36
WI,201112,6.8,193.36
WI,201201,7.6,193.7
WI,201202,7.9,193.7
WI,201203,7.6,193.7
WI,201204,6.9,193.36
WI,201205,6.8,193.36
WI,201206,7.4,193.36
WI,201207,7.3,192.91
WI,201208,6.8,192.91
WI,201209,6.1,192.91
WI,201210,5.9,194.32
WI,201211,6.1,194.32
WI,201212,6.6,194.32
WI,201301,7.8,193.79
WI,201302,7.9,193.79
WI,201303,7.5,193.79
WI,201304,6.9,196.36
WI,201305,6.6,196.36
WI,201306,7.1,196.36
WI,201307,6.8,199.83
WI,201308,6.3,199.83
WI,201309,6.0,199.83
WI,201310,5.9,201.57
WI,201311,5.8,201.57
WI,201312,5.8,201.57
WI,201401,6.4,202.56
WI,201402,6.7,202.56
WI,201403,6.5,202.56
WI,201404,5.5,202.55
WI,201405,5.3,202.55
WI,201406,5.6,202.55
WI,201407,5.4,204.73
WI,201408,5.0,204.73
WI,201409,4.5,204.73
WI,201410,4.3,206.4
WI,201411,4.4,206.4
WI,201412,4.5,206.4
WI,201501,5.3,208.73
WI,201502,5.4,208.73
WI,201503,5.2,208.73
WI,201504,4.5,211.82
WI,201505,4.6,211.82
WI,201506,4.7,211.82
WI,201507,4.4,212.49
WI,201508,4.0,212.49
WI,201509,3.7,212.49
WI,201510,3.7,213.64
WI,201511,3.9,213.64
WI,201512,4.1,213.64
WI,201601,4.6,216.75
WI,201602,4.8,216.75
WI,201603,4.6,216.75
WI,201604,4.1,219.86
WI,201605,3.6,219.86
WI,201606,4.3,219.86
WI,201607,4.0,222.64
WI,201608,3.7,222.64
WI,201609,3.3,222.64
WI,201610,3.3,225.38
WI,201611,3.2,225.38
WI,201612,3.4,225.38
WI,201701,4.1,229.12
WI,201702,4.3,229.12
WI,201703,3.8,229.12
WI,201704,3.2,231.84
WI,201705,3.0,231.84
WI,201706,3.6,231.84
WI,201707,3.4,236.11
WI,201708,3.2,236.11
WI,201709,2.8,236.11
WI,201710,2.5,239.53
WI,201711,2.6,239.53
WI,201712,2.7,239.53
WI,201801,3.3,241.15
WI,201802,3.7,241.15
WI,201803,3.6,241.15
WI,201804,3.0,247.53
WI,201805,2.8,247.53
WI,201806,3.5,247.53
WI,201807,3.2,251.77
WI,201808,2.9,251.77
WI,201809,2.4,251.77
WI,201810,2.4,255.26
WI,201811,2.5,255.26
WI,201812,2.8,255.26
WI,201901,3.6,258.59
WI,201902,3.6,258.59
WI,201903,3.7,258.59
WI,201904,3.1,262.0
WI,201905,3.1,262.0
WI,201906,3.6,262.0
WI,201907,3.5,265.23
WI,201908,3.3,265.23
WI,201909,2.8,265.23
WI,201910,2.6,271.11
WI,201911,2.7,271.11
WI,201912,2.9,271.11
WI,202001,3.6,275.7
WI,202002,3.5,275.7
WI,202003,3.9,275.7
WI,202004,14.0,280.26
WI,202005,10.6,280.26
WI,202006,9.0,280.26
WI,202007,7.9,280.8
WI,202008,6.1,280.8
WI,202009,5.3,280.8
WI,202010,4.5,291.4
WI,202011,4.4,291.4
WI,202012,4.6,291.4
WI,202101,5.0,305.08
WI,202102,5.2,305.08
WI,202103,4.9,305.08
WI,202104,4.2,312.21
WI,202105,3.8,312.21
WI,202106,4.4,312.21
WI,202107,3.9,325.77
WI,202108,3.6,325.77
WI,202109,2.9,325.77
WI,202110,2.5,336.77
WI,202111,2.4,336.77
WI,202112,2.5,336.77
WI,202201,3.5,346.89
WI,202202,3.6,346.89
WI,202203,3.4,346.89
WI,202204,2.8,358.83
WI,202205,2.6,358.83
WI,202206,3.2,358.83
WI,202207,3.0,370.59
WI,202208,2.9,370.59
WI,202209,2.4,370.59
WI,202210,2.2,373.97
WI,202211,2.2,373.97
WI,202212,2.2,373.97
WI,202301,2.9,380.05
WI,202302,3.2,380.05
WI,202303,3.0,380.05
WI,202304,2.6,387.0
WI,202305,2.7,387.0
WI,202306,3.3,387.0
WI,202307,3.0,395.64
WI,202308,3.1,395.64
WI,202309,2.6,395.64
WI,202310,2.4,407.77
WI,202311,2.4,407.77
WI,202312,2.5,407.77
WI,202401,3.0,415.38
WI,202402,3.5,415.38
WI,202403,3.5,415.38
WI,202404,2.9,425.09
WI,202405,2.8,425.09
WI,202406,3.3,425.09
WI,202407,3.2,429.67
WI,202408,2.9,429.67
WI,202409,2.5,429.67
WI,202410,2.5,435.15
WI,202411,2.7,435.15
WI,202412,2.9,435.15
WI,202501,3.6,443.96
WI,202502,3.8,443.96
WI,202503,3.7,443.96
WY,199901,5.9,153.97
WY,199902,5.8,153.97
WY,199903,5.6,153.97
WY,199904,5.3,155.64
WY,199905,4.8,155.64
WY,199906,4.8,155.64
WY,199907,4.3,155.42
WY,199908,4.0,155.42
WY,199909,4.0,155.42
WY,199910,4.0,158.56
WY,199911,4.3,158.56
WY,199912,4.3,158.56
WY,200001,5.1,160.45
WY,200002,4.9,160.45
WY,200003,4.7,160.45
WY,200004,3.9,161.53
WY,200005,3.5,161.53
WY,200006,3.5,161.53
WY,200007,3.3,164.58
WY,200008,3.4,164.58
WY,200009,3.2,164.58
WY,200010,3.0,164.05
WY,200011,3.5,164.05
WY,200012,3.7,164.05
WY,200101,4.8,168.64
WY,200102,4.5,168.64
WY,200103,4.6,168.64
WY,200104,4.1,167.97
WY,200105,3.6,167.97
WY,200106,3.7,167.97
WY,200107,3.4,170.68
WY,200108,3.5,170.68
WY,200109,3.3,170.68
WY,200110,3.4,173.18
WY,200111,3.8,173.18
WY,200112,4.0,173.18
WY,200201,5.1,178.61
WY,200202,4.6,178.61
WY,200203,4.7,178.61
WY,200204,4.5,182.92
WY,200205,3.9,182.92
WY,200206,4.0,182.92
WY,200207,3.3,185.64
WY,200208,3.3,185.64
WY,200209,3.3,185.64
WY,200210,3.5,188.31
WY,200211,4.2,188.31
WY,200212,4.5,188.31
WY,200301,5.4,191.98
WY,200302,5.1,191.98
WY,200303,5.0,191.98
WY,200304,4.6,191.89
WY,200305,4.3,191.89
WY,200306,4.6,191.89
WY,200307,4.0,199.25
WY,200308,3.8,199.25
WY,200309,3.6,199.25
WY,200310,3.6,204.15
WY,200311,4.1,204.15
WY,200312,4.1,204.15
WY,200401,5.1,207.11
WY,200402,4.5,207.11
WY,200403,4.5,207.11
WY,200404,4.0,213.87
WY,200405,3.7,213.87
WY,200406,3.8,213.87
WY,200407,3.5,217.58
WY,200408,3.3,217.58
WY,200409,3.2,217.58
WY,200410,3.3,222.81
WY,200411,3.6,222.81
WY,200412,3.7,222.81
WY,200501,4.5,227.34
WY,200502,4.2,227.34
WY,200503,4.1,227.34
WY,200504,3.8,233.45
WY,200505,3.6,233.45
WY,200506,3.6,233.45
WY,200507,3.3,240.2
WY,200508,3.1,240.2
WY,200509,3.0,240.2
WY,200510,3.1,248.43
WY,200511,3.4,248.43
WY,200512,3.3,248.43
WY,200601,4.1,257.04
WY,200602,4.0,257.04
WY,200603,3.7,257.04
WY,200604,3.4,265.57
WY,200605,3.0,265.57
WY,200606,2.9,265.57
WY,200607,2.6,271.06
WY,200608,2.6,271.06
WY,200609,2.6,271.06
WY,200610,2.5,276.71
WY,200611,2.8,276.71
WY,200612,2.9,276.71
WY,200701,3.6,291.09
WY,200702,3.2,291.09
WY,200703,3.2,291.09
WY,200704,2.9,293.32
WY,200705,2.7,293.32
WY,200706,2.8,293.32
WY,200707,2.6,299.91
WY,200708,2.3,299.91
WY,200709,2.1,299.91
WY,200710,2.2,304.22
WY,200711,2.6,304.22
WY,200712,2.8,304.22
WY,200801,3.5,302.33
WY,200802,3.2,302.33
WY,200803,3.2,302.33
WY,200804,2.6,304.44
WY,200805,2.6,304.44
WY,200806,2.8,304.44
WY,200807,2.8,299.31
WY,200808,2.8,299.31
WY,200809,2.5,299.31
WY,200810,2.8,299.8
WY,200811,3.3,299.8
WY,200812,3.8,299.8
WY,200901,5.2,300.26
WY,200902,5.4,300.26
WY,200903,5.9,300.26
WY,200904,5.8,285.44
WY,200905,5.9,285.44
WY,200906,6.5,285.44
WY,200907,6.4,289.71
WY,200908,6.3,289.71
WY,200909,6.4,289.71
WY,200910,6.8,285.95
WY,200911,7.1,285.95
WY,200912,7.5,285.95
WY,201001,8.5,281.6
WY,201002,8.1,281.6
WY,201003,7.8,281.6
WY,201004,7.2,279.03
WY,201005,6.7,279.03
WY,201006,6.6,279.03
WY,201007,6.4,280.44
WY,201008,6.2,280.44
WY,201009,6.0,280.44
WY,201010,6.0,274.41
WY,201011,6.5,274.41
WY,201012,6.5,274.41
WY,201101,7.3,277.1
WY,201102,6.9,277.1
WY,201103,6.7,277.1
WY,201104,6.3,278.44
WY,201105,5.8,278.44
WY,201106,5.9,278.44
WY,201107,5.7,278.47
WY,201108,5.7,278.47
WY,201109,5.5,278.47
WY,201110,5.6,278.81
WY,201111,5.8,278.81
WY,201112,5.9,278.81
WY,201201,6.5,275.93
WY,201202,6.3,275.93
WY,201203,6.1,275.93
WY,201204,5.6,280.2
WY,201205,5.3,280.2
WY,201206,5.6,280.2
WY,201207,5.4,284.07
WY,201208,5.1,284.07
WY,201209,4.6,284.07
WY,201210,4.7,289.21
WY,201211,5.0,289.21
WY,201212,5.2,289.21
WY,201301,6.1,291.29
WY,201302,5.6,291.29
WY,201303,5.3,291.29
WY,201304,4.9,284.26
WY,201305,4.5,284.26
WY,201306,4.7,284.26
WY,201307,4.4,293.1
WY,201308,4.2,293.1
WY,201309,4.0,293.1
WY,201310,4.3,295.0
WY,201311,4.4,295.0
WY,201312,4.6,295.0
WY,201401,5.3,294.22
WY,201402,5.1,294.22
WY,201403,4.9,294.22
WY,201404,4.2,304.01
WY,201405,4.3,304.01
WY,201406,4.4,304.01
WY,201407,4.3,300.13
WY,201408,4.1,300.13
WY,201409,3.8,300.13
WY,201410,3.9,302.13
WY,201411,4.1,302.13
WY,201412,4.0,302.13
WY,201501,4.8,310.61
WY,201502,4.6,310.61
WY,201503,4.5,310.61
WY,201504,4.0,313.03
WY,201505,3.9,313.03
WY,201506,4.1,313.03
WY,201507,4.1,311.9
WY,201508,3.8,311.9
WY,201509,3.7,311.9
WY,201510,4.1,316.48
WY,201511,4.6,316.48
WY,201512,4.8,316.48
WY,201601,5.8,315.96
WY,201602,5.7,315.96
WY,201603,5.9,315.96
WY,201604,5.7,316.12
WY,201605,5.3,316.12
WY,201606,5.5,316.12
WY,201607,5.1,316.53
WY,201608,4.8,316.53
WY,201609,4.7,316.53
WY,201610,4.7,317.32
WY,201611,4.8,317.32
WY,201612,5.0,317.32
WY,201701,5.7,318.11
WY,201702,5.3,318.11
WY,201703,4.9,318.11
WY,201704,4.4,318.73
WY,201705,4.1,318.73
WY,201706,4.1,318.73
WY,201707,4.0,321.87
WY,201708,3.7,321.87
WY,201709,3.6,321.87
WY,201710,3.8,323.53
WY,201711,4.2,323.53
WY,201712,4.1,323.53
WY,201801,5.0,325.94
WY,201802,4.8,325.94
WY,201803,4.6,325.94
WY,201804,4.3,329.71
WY,201805,3.9,329.71
WY,201806,4.2,329.71
WY,201807,3.8,331.63
WY,201808,3.6,331.63
WY,201809,3.3,331.63
WY,201810,3.4,334.5
WY,201811,3.7,334.5
WY,201812,4.0,334.5
WY,201901,4.7,337.8
WY,201902,4.1,337.8
WY,201903,4.0,337.8
WY,201904,3.5,340.3
WY,201905,3.4,340.3
WY,201906,3.7,340.3
WY,201907,3.6,350.59
WY,201908,3.3,350.59
WY,201909,3.1,350.59
WY,201910,3.4,353.3
WY,201911,3.9,353.3
WY,201912,4.2,353.3
WY,202001,5.1,358.32
WY,202002,5.0,358.32
WY,202003,6.0,358.32
WY,202004,4.9,368.29
WY,202005,8.9,368.29
WY,202006,7.2,368.29
WY,202007,6.8,367.4
WY,202008,5.6,367.4
WY,202009,5.4,367.4
WY,202010,4.9,375.31
WY,202011,5.1,375.31
WY,202012,5.5,375.31
WY,202101,6.3,388.49
WY,202102,6.1,388.49
WY,202103,5.7,388.49
WY,202104,5.3,399.41
WY,202105,4.7,399.41
WY,202106,4.9,399.41
WY,202107,4.3,413.77
WY,202108,3.9,413.77
WY,202109,3.3,413.77
WY,202110,3.3,432.16
WY,202111,3.5,432.16
WY,202112,3.5,432.16
WY,202201,4.4,454.07
WY,202202,4.1,454.07
WY,202203,3.8,454.07
WY,202204,3.5,466.08
WY,202205,3.2,466.08
WY,202206,3.5,466.08
WY,202207,3.1,484.76
WY,202208,3.2,484.76
WY,202209,2.9,484.76
WY,202210,3.0,488.68
WY,202211,3.3,488.68
WY,202212,3.3,488.68
WY,202301,4.1,488.85
WY,202302,3.8,488.85
WY,202303,3.6,488.85
WY,202304,2.9,496.3
WY,202305,2.7,496.3
WY,202306,2.8,496.3
WY,202307,2.5,497.19
WY,202308,2.5,497.19
WY,202309,2.3,497.19
WY,202310,2.4,505.95
WY,202311,2.7,505.95
WY,202312,2.7,505.95
WY,202401,3.6,503.17
WY,202402,3.6,503.17
WY,202403,3.4,503.17
WY,202404,3.0,517.66
WY,202405,2.9,517.66
WY,202406,3.1,517.66
WY,202407,3.1,525.3
WY,202408,3.1,525.3
WY,202409,2.7,525.3
WY,202410,3.1,535.23
WY,202411,3.6,535.23
WY,202412,3.7,535.23
WY,202501,4.3,544.67
WY,202502,3.7,544.67
WY,202503,3.7,544.67
